{
    "eval_recall": 0.9693170570768723,
    "eval_precision": 0.9392583120204604,
    "eval_f1": 0.9540509823023219,
    "eval_mcc": 0.9071149900006901,
    "eval_acc": 0.9533249769098826,
    "eval_threshold": 0.5
}