{
    "eval_recall": 0.9868486045937268,
    "eval_precision": 0.9600552618933205,
    "eval_f1": 0.9732675678967239,
    "eval_mcc": 0.9461457311631236,
    "eval_acc": 0.972888683032268,
    "eval_threshold": 0.5
}