{
    "eval_recall": 0.9665955934612651,
    "eval_precision": 0.8353808353808354,
    "eval_f1": 0.8962108731466227,
    "eval_mcc": 0.7858743127712257,
    "eval_acc": 0.8880597014925373,
    "eval_threshold": 0.5
}