{
    "eval_recall": 0.9572525643091133,
    "eval_precision": 0.9732991154308179,
    "eval_f1": 0.9652091512115878,
    "eval_mcc": 0.9311184446786455,
    "eval_acc": 0.9654959454379464,
    "eval_threshold": 0.5
}