{
    "eval_recall": 0.9744136460554371,
    "eval_precision": 0.8633501259445844,
    "eval_f1": 0.915525876460768,
    "eval_mcc": 0.827056777049422,
    "eval_acc": 0.910092395167022,
    "eval_threshold": 0.5
}