{
    "eval_recall": 0.9374463873309139,
    "eval_precision": 0.909539052496799,
    "eval_f1": 0.9232818846466287,
    "eval_mcc": 0.8446391257469891,
    "eval_acc": 0.922120332497691,
    "eval_threshold": 0.5
}