{
    "eval_recall": 0.9727590528329266,
    "eval_precision": 0.9383470127887001,
    "eval_f1": 0.9552432152341472,
    "eval_mcc": 0.9094568384904788,
    "eval_acc": 0.954422531495284,
    "eval_threshold": 0.5
}