{
    "eval_recall": 0.33222019898549277,
    "eval_precision": 0.46709533881872545,
    "eval_f1": 0.3601769329518611,
    "eval_mcc": 0.867605260233709,
    "eval_acc": 0.8785297792586423
}