{
    "eval_recall": 0.9771976725900299,
    "eval_precision": 0.9387415967973411,
    "eval_f1": 0.9575836961128019,
    "eval_mcc": 0.9146180163915784,
    "eval_acc": 0.9569215118553878,
    "eval_threshold": 0.5
}