{
    "eval_recall": 0.7221256745632488,
    "eval_precision": 0.8916873729387848,
    "eval_f1": 0.7979986860059635,
    "eval_mcc": 0.6462005128306318,
    "eval_acc": 0.8172047928290497,
    "eval_threshold": 0.5
}