{
    "eval_recall": 0.9775567457281306,
    "eval_precision": 0.8086497890295359,
    "eval_f1": 0.8851171920101605,
    "eval_mcc": 0.7630697795901795,
    "eval_acc": 0.8731191022698291,
    "eval_threshold": 0.5
}