{
    "eval_recall": 0.9787702468941657,
    "eval_precision": 0.9320853612879072,
    "eval_f1": 0.9548575154374257,
    "eval_mcc": 0.9090451765432447,
    "eval_acc": 0.9539478832459504,
    "eval_threshold": 0.5
}