{
    "eval_recall": 0.9438521677327647,
    "eval_precision": 0.8310387984981227,
    "eval_f1": 0.8838602329450915,
    "eval_mcc": 0.7589802811163001,
    "eval_acc": 0.8759772565742715,
    "eval_threshold": 0.5
}