{
    "eval_recall": 0.9716908951798011,
    "eval_precision": 0.7756514657980456,
    "eval_f1": 0.8626740631721952,
    "eval_mcc": 0.7138150014064133,
    "eval_acc": 0.8453200714103545,
    "eval_threshold": 0.5
}