{
    "eval_recall": 0.655719557195572,
    "eval_precision": 0.728427956548473,
    "eval_f1": 0.6901640936013205,
    "eval_mcc": 0.41331874165081633,
    "eval_acc": 0.7056273062730627,
    "eval_threshold": 0.5
}