{
    "eval_recall": 0.6395714377365753,
    "eval_precision": 0.9000541711809318,
    "eval_f1": 0.7477778194501743,
    "eval_mcc": 0.5939690985056727,
    "eval_acc": 0.7842753576698531,
    "eval_threshold": 0.5
}