{
    "eval_recall": 0.9528181586330018,
    "eval_precision": 0.7938801529961751,
    "eval_f1": 0.866118001622812,
    "eval_mcc": 0.7200094348107301,
    "eval_acc": 0.8527161438408569,
    "eval_threshold": 0.5
}