{
    "eval_recall": 0.9770463689730229,
    "eval_precision": 0.946699047740781,
    "eval_f1": 0.9616333419890938,
    "eval_mcc": 0.9225109049733061,
    "eval_acc": 0.9610184024800474,
    "eval_threshold": 0.5
}