{
    "eval_recall": 0.9893289328932894,
    "eval_precision": 0.9476790136466621,
    "eval_f1": 0.9680561909631583,
    "eval_mcc": 0.9356124984420522,
    "eval_acc": 0.9673542354235424,
    "eval_threshold": 0.5
}