{
    "eval_recall": 0.6697426566155446,
    "eval_precision": 0.6361728395061729,
    "eval_f1": 0.6525262758009371,
    "eval_mcc": 0.2871169399361579,
    "eval_acc": 0.6433584611385496,
    "eval_threshold": 0.5
}