{
    "eval_recall": 0.2764433856944109,
    "eval_precision": 0.3874239118855759,
    "eval_f1": 0.29562045163688727,
    "eval_mcc": 0.6315578784346545,
    "eval_acc": 0.6502108532612813
}