{
    "eval_recall": 0.9770404151596163,
    "eval_precision": 0.9479707049130303,
    "eval_f1": 0.9622860683032602,
    "eval_mcc": 0.9242209726488683,
    "eval_acc": 0.9618906017685265,
    "eval_threshold": 0.5
}