{
    "eval_recall": 0.6292423173157118,
    "eval_precision": 0.8996514401027335,
    "eval_f1": 0.7405338064857109,
    "eval_mcc": 0.5861599857652469,
    "eval_acc": 0.7795278116379034,
    "eval_threshold": 0.5
}