{
    "eval_recall": 0.24017498218920333,
    "eval_precision": 0.3483835517266036,
    "eval_f1": 0.25791946146261757,
    "eval_mcc": 0.6333499051969224,
    "eval_acc": 0.6646605581007914
}