{
    "eval_recall": 0.6730627306273063,
    "eval_precision": 0.7174041297935103,
    "eval_f1": 0.6945264159923845,
    "eval_mcc": 0.408715021819785,
    "eval_acc": 0.7039667896678967,
    "eval_threshold": 0.5
}