{
    "eval_recall": 0.9636820785025841,
    "eval_precision": 0.927659002285868,
    "eval_f1": 0.945327486982735,
    "eval_mcc": 0.8892744776665465,
    "eval_acc": 0.9443009701961331,
    "eval_threshold": 0.5
}