{
    "eval_recall": 0.6169742656615544,
    "eval_precision": 0.6381234036832908,
    "eval_f1": 0.6273706469305491,
    "eval_mcc": 0.2672380526219914,
    "eval_acc": 0.633545619963608,
    "eval_threshold": 0.5
}