{
    "eval_recall": 0.2739492398735927,
    "eval_precision": 0.3954926795282595,
    "eval_f1": 0.29806849547137254,
    "eval_mcc": 0.6245071126776041,
    "eval_acc": 0.6458382333725337
}