{
    "eval_recall": 0.9865398863917016,
    "eval_precision": 0.9571103390439679,
    "eval_f1": 0.9716023107327455,
    "eval_mcc": 0.9427645659144529,
    "eval_acc": 0.9711594874170141,
    "eval_threshold": 0.5
}