{
    "eval_recall": 0.9594491201224178,
    "eval_precision": 0.7796891191709845,
    "eval_f1": 0.8602789846787103,
    "eval_mcc": 0.7074024679550304,
    "eval_acc": 0.8441724049987248,
    "eval_threshold": 0.5
}