{
    "eval_recall": 0.9901028206961016,
    "eval_precision": 0.9646434885091337,
    "eval_f1": 0.9772073587670266,
    "eval_mcc": 0.9541455323282846,
    "eval_acc": 0.976906581624237,
    "eval_threshold": 0.5
}