{
    "eval_recall": 0.2906199139446116,
    "eval_precision": 0.38884519506837684,
    "eval_f1": 0.3077466223050596,
    "eval_mcc": 0.6232057531190979,
    "eval_acc": 0.6532880168906741
}