{
    "eval_recall": 0.9639417140034576,
    "eval_precision": 0.9368136813681368,
    "eval_f1": 0.9501841088220079,
    "eval_mcc": 0.8992804696164196,
    "eval_acc": 0.9494519067469508,
    "eval_threshold": 0.5
}