{
    "eval_recall": 0.9691405253761796,
    "eval_precision": 0.7778915046059366,
    "eval_f1": 0.8630479218714513,
    "eval_mcc": 0.7143513793214061,
    "eval_acc": 0.846212700841622,
    "eval_threshold": 0.5
}