{
    "eval_recall": 0.9668451925529201,
    "eval_precision": 0.7784394250513347,
    "eval_f1": 0.8624729837333638,
    "eval_mcc": 0.7128543466056554,
    "eval_acc": 0.8458301453710788,
    "eval_threshold": 0.5
}