{
    "eval_recall": 0.3034620107555104,
    "eval_precision": 0.41525878751180434,
    "eval_f1": 0.3274317814726938,
    "eval_mcc": 0.6408805022362445,
    "eval_acc": 0.6698218892280496
}