{
    "eval_recall": 0.9755164498852333,
    "eval_precision": 0.7787052117263844,
    "eval_f1": 0.8660704177516133,
    "eval_mcc": 0.7217228485416395,
    "eval_acc": 0.8491456261157868,
    "eval_threshold": 0.5
}