{
    "eval_recall": 0.9681373674303292,
    "eval_precision": 0.9182633687510887,
    "eval_f1": 0.9425410660408985,
    "eval_mcc": 0.8833349596097018,
    "eval_acc": 0.9410145226787804,
    "eval_threshold": 0.5
}