{
    "eval_recall": 0.25049107044961266,
    "eval_precision": 0.34640777284779517,
    "eval_f1": 0.2694746025455065,
    "eval_mcc": 0.6361723781082645,
    "eval_acc": 0.665320218309642
}