{
    "eval_recall": 0.9609043552977821,
    "eval_precision": 0.969284940411701,
    "eval_f1": 0.9650764542488067,
    "eval_mcc": 0.930489643256928,
    "eval_acc": 0.9652274313946619,
    "eval_threshold": 0.5
}