{
    "eval_recall": 0.399671926294165,
    "eval_precision": 0.5417238868656667,
    "eval_f1": 0.4232865870983703,
    "eval_mcc": 0.8544316791902529,
    "eval_acc": 0.8658736289201298
}