{
    "eval_recall": 0.9341979630808402,
    "eval_precision": 0.9057316979094345,
    "eval_f1": 0.9197446241823666,
    "eval_mcc": 0.8375268207430561,
    "eval_acc": 0.9185547340806105,
    "eval_threshold": 0.5
}