{
    "eval_recall": 0.7716088905149547,
    "eval_precision": 0.8922263352723426,
    "eval_f1": 0.8275456150676869,
    "eval_mcc": 0.6846902201441386,
    "eval_acc": 0.8392024147077655,
    "eval_threshold": 0.5
}