{
    "eval_recall": 0.914001421464108,
    "eval_precision": 0.8248877485567672,
    "eval_f1": 0.8671611598111937,
    "eval_mcc": 0.7242100125596453,
    "eval_acc": 0.8599857853589197,
    "eval_threshold": 0.5
}