{
    "eval_recall": 0.6574068133701161,
    "eval_precision": 0.8738700324066178,
    "eval_f1": 0.750338666569033,
    "eval_mcc": 0.5806148286084706,
    "eval_acc": 0.7812600243792904,
    "eval_threshold": 0.5
}