{
    "eval_recall": 0.8848614072494669,
    "eval_precision": 0.7708978328173375,
    "eval_f1": 0.8239576439444076,
    "eval_mcc": 0.6287995151215778,
    "eval_acc": 0.8109452736318408,
    "eval_threshold": 0.5
}