{
    "eval_recall": 0.2339485015456451,
    "eval_precision": 0.3418085895398507,
    "eval_f1": 0.25025851659985066,
    "eval_mcc": 0.6293969624442456,
    "eval_acc": 0.6609433569346106
}