{
    "eval_recall": 0.31656923816447713,
    "eval_precision": 0.4453434785579001,
    "eval_f1": 0.334528896745324,
    "eval_mcc": 0.6047288088126023,
    "eval_acc": 0.6289487585842578
}