{
    "eval_recall": 0.9648529643025633,
    "eval_precision": 0.9014839847193653,
    "eval_f1": 0.9320926699582226,
    "eval_mcc": 0.862237723598645,
    "eval_acc": 0.9300414742937632,
    "eval_threshold": 0.5
}