{
    "eval_recall": 0.41313594544265314,
    "eval_precision": 0.5367980717314284,
    "eval_f1": 0.4414432634034212,
    "eval_mcc": 0.8719741366133352,
    "eval_acc": 0.8793185419968305
}