{
    "eval_recall": 0.9745242962729989,
    "eval_precision": 0.9365271270968717,
    "eval_f1": 0.9551479654747226,
    "eval_mcc": 0.9096701720805533,
    "eval_acc": 0.954456530244933,
    "eval_threshold": 0.5
}