{
    "eval_recall": 0.7386810573493094,
    "eval_precision": 0.8651312265666845,
    "eval_f1": 0.7969212551805803,
    "eval_mcc": 0.6302941377678797,
    "eval_acc": 0.8117625537363944,
    "eval_threshold": 0.5
}