{
    "eval_recall": 0.731549815498155,
    "eval_precision": 0.7323605467306982,
    "eval_f1": 0.7319549566180542,
    "eval_mcc": 0.4642069265031534,
    "eval_acc": 0.7321033210332103,
    "eval_threshold": 0.5
}