{
    "eval_recall": 0.9744136460554371,
    "eval_precision": 0.8638941398865785,
    "eval_f1": 0.9158316633266533,
    "eval_mcc": 0.8276967301180317,
    "eval_acc": 0.9104477611940298,
    "eval_threshold": 0.5
}