{
    "eval_recall": 0.7871303008917688,
    "eval_precision": 0.8287065180682202,
    "eval_f1": 0.8073835219794683,
    "eval_mcc": 0.6252179572655913,
    "eval_acc": 0.8122153076281516,
    "eval_threshold": 0.5
}