{
    "eval_recall": 0.9151591796338043,
    "eval_precision": 0.8828303187821567,
    "eval_f1": 0.8987041036717063,
    "eval_mcc": 0.7942315037076405,
    "eval_acc": 0.8968493979215924,
    "eval_threshold": 0.5
}