{
    "eval_recall": 0.9829125223157358,
    "eval_precision": 0.7735849056603774,
    "eval_f1": 0.8657755812647423,
    "eval_mcc": 0.7221725443391869,
    "eval_acc": 0.8476154042336139,
    "eval_threshold": 0.5
}