{
    "eval_recall": 0.23064155265811945,
    "eval_precision": 0.34015709847188386,
    "eval_f1": 0.24492747576722756,
    "eval_mcc": 0.6273344530732908,
    "eval_acc": 0.6588296543107038
}