{
    "eval_recall": 0.914001421464108,
    "eval_precision": 0.8296774193548387,
    "eval_f1": 0.8698004734528239,
    "eval_mcc": 0.730149025213352,
    "eval_acc": 0.8631840796019901,
    "eval_threshold": 0.5
}