{
    "eval_recall": 0.9799333168683626,
    "eval_precision": 0.9397797252486974,
    "eval_f1": 0.9594365856607424,
    "eval_mcc": 0.9179600125047743,
    "eval_acc": 0.9585610622201637,
    "eval_threshold": 0.5
}