{
    "eval_recall": 0.238331172058831,
    "eval_precision": 0.3602570542119015,
    "eval_f1": 0.26031021629394563,
    "eval_mcc": 0.6059359236937035,
    "eval_acc": 0.6284071605906181
}