{
    "eval_recall": 0.9625006873041183,
    "eval_precision": 0.9224324181904411,
    "eval_f1": 0.9420406845334194,
    "eval_mcc": 0.8823966121926683,
    "eval_acc": 0.9407818771650079,
    "eval_threshold": 0.5
}