{
    "eval_recall": 0.9422696962212892,
    "eval_precision": 0.9191712341143167,
    "eval_f1": 0.9305771517424312,
    "eval_mcc": 0.859650169460312,
    "eval_acc": 0.9296896711440482,
    "eval_threshold": 0.5
}