{
    "eval_recall": 0.9729921819474058,
    "eval_precision": 0.8529595015576324,
    "eval_f1": 0.9090305444887118,
    "eval_mcc": 0.8133533149840414,
    "eval_acc": 0.9026297085998578,
    "eval_threshold": 0.5
}