{
    "eval_recall": 0.31052833434976734,
    "eval_precision": 0.42784298946685545,
    "eval_f1": 0.3348112055677173,
    "eval_mcc": 0.6475141738552858,
    "eval_acc": 0.6754415778361399
}