{
    "eval_recall": 0.870479704797048,
    "eval_precision": 0.6222632550778159,
    "eval_f1": 0.7257345023842486,
    "eval_mcc": 0.3730287455487727,
    "eval_acc": 0.6710332103321033,
    "eval_threshold": 0.5
}