{
    "eval_recall": 0.9212180472132979,
    "eval_precision": 0.8692500329511006,
    "eval_f1": 0.8944798589447986,
    "eval_mcc": 0.7841966475485176,
    "eval_acc": 0.8913938717107559,
    "eval_threshold": 0.5
}