{
    "eval_recall": 0.7643830604591604,
    "eval_precision": 0.8541496320523303,
    "eval_f1": 0.8067770430081577,
    "eval_mcc": 0.6373905156541746,
    "eval_acc": 0.816930394219336,
    "eval_threshold": 0.5
}