{
    "eval_recall": 0.9525631216526397,
    "eval_precision": 0.7940051020408163,
    "eval_f1": 0.8660869565217392,
    "eval_mcc": 0.7199329479103379,
    "eval_acc": 0.8527161438408569,
    "eval_threshold": 0.5
}