{
    "eval_recall": 0.9591859185918592,
    "eval_precision": 0.9273558817272921,
    "eval_f1": 0.9430023794073114,
    "eval_mcc": 0.8845696132439388,
    "eval_acc": 0.942024202420242,
    "eval_threshold": 0.5
}