{
    "eval_recall": 0.9628439726218746,
    "eval_precision": 0.939484803053019,
    "eval_f1": 0.9510209713024284,
    "eval_mcc": 0.9011661852733642,
    "eval_acc": 0.9504432190968102,
    "eval_threshold": 0.5
}