{
    "eval_recall": 0.24606129824749864,
    "eval_precision": 0.3768601969491886,
    "eval_f1": 0.2717355884846835,
    "eval_mcc": 0.7612076924113135,
    "eval_acc": 0.7816326530612245
}