{
    "eval_recall": 0.9180959368981014,
    "eval_precision": 0.8638246461857093,
    "eval_f1": 0.8901338313103018,
    "eval_mcc": 0.7748959756474123,
    "eval_acc": 0.8866825644318077,
    "eval_threshold": 0.5
}