{
    "eval_recall": 0.7526644138289577,
    "eval_precision": 0.6498709460217709,
    "eval_f1": 0.6975007527853055,
    "eval_mcc": 0.35157964044724055,
    "eval_acc": 0.6735768131011177,
    "eval_threshold": 0.5
}