{
    "eval_recall": 0.988268298903341,
    "eval_precision": 0.8064516129032258,
    "eval_f1": 0.8881503552601421,
    "eval_mcc": 0.7709322384613184,
    "eval_acc": 0.8755419535832696,
    "eval_threshold": 0.5
}