{
    "eval_recall": 0.665875408994675,
    "eval_precision": 0.8833943314324624,
    "eval_f1": 0.7593649400058531,
    "eval_mcc": 0.5963423072581744,
    "eval_acc": 0.7889908256880734,
    "eval_threshold": 0.5
}