{
    "eval_recall": 0.7206642066420664,
    "eval_precision": 0.7143379663496708,
    "eval_f1": 0.7174871418074945,
    "eval_mcc": 0.43248928518899377,
    "eval_acc": 0.7162361623616236,
    "eval_threshold": 0.5
}