{
    "eval_recall": 0.9887282124594491,
    "eval_precision": 0.9425022275800619,
    "eval_f1": 0.9650619867976171,
    "eval_mcc": 0.9295290729755139,
    "eval_acc": 0.9642052015175675,
    "eval_threshold": 0.5
}