{
    "eval_recall": 0.9917523505800847,
    "eval_precision": 0.9623326041722243,
    "eval_f1": 0.9768210127267803,
    "eval_mcc": 0.9533790338594634,
    "eval_acc": 0.9764667069885082,
    "eval_threshold": 0.5
}