{
    "eval_recall": 0.9284064665127021,
    "eval_precision": 0.8922003804692454,
    "eval_f1": 0.9099434114793856,
    "eval_mcc": 0.8169427719146959,
    "eval_acc": 0.908134318511677,
    "eval_threshold": 0.5
}