{
    "eval_recall": 0.959212180472133,
    "eval_precision": 0.9372185068923161,
    "eval_f1": 0.9480878089189563,
    "eval_mcc": 0.8952711169145456,
    "eval_acc": 0.9475116912123962,
    "eval_threshold": 0.5
}