{
    "eval_recall": 0.9794551958176648,
    "eval_precision": 0.9426667255152933,
    "eval_f1": 0.9607089040325665,
    "eval_mcc": 0.9205857402699553,
    "eval_acc": 0.9599422177382372,
    "eval_threshold": 0.5
}