{
    "eval_recall": 0.807749077490775,
    "eval_precision": 0.6409017713365539,
    "eval_f1": 0.7147171659456371,
    "eval_mcc": 0.367849832863186,
    "eval_acc": 0.6775830258302583,
    "eval_threshold": 0.5
}