{
    "eval_recall": 0.3140268560410433,
    "eval_precision": 0.45786903417172353,
    "eval_f1": 0.3405198818810439,
    "eval_mcc": 0.6358176307645127,
    "eval_acc": 0.6542256761593128
}