{
    "eval_recall": 0.9113906615857857,
    "eval_precision": 0.8508057603291617,
    "eval_f1": 0.8800567463923925,
    "eval_mcc": 0.7536358210674686,
    "eval_acc": 0.875857480441416,
    "eval_threshold": 0.5
}