{
    "eval_recall": 0.9668756186077202,
    "eval_precision": 0.9343237900911815,
    "eval_f1": 0.9503210324923794,
    "eval_mcc": 0.8994777964781898,
    "eval_acc": 0.9494656287109118,
    "eval_threshold": 0.5
}