{
    "eval_recall": 0.97630175400011,
    "eval_precision": 0.9467342042122101,
    "eval_f1": 0.9612906718640031,
    "eval_mcc": 0.9218220826685333,
    "eval_acc": 0.9606862044317369,
    "eval_threshold": 0.5
}