{
    "eval_recall": 0.7190036900369003,
    "eval_precision": 0.7021621621621622,
    "eval_f1": 0.7104831358249771,
    "eval_mcc": 0.41414128338723993,
    "eval_acc": 0.7070110701107011,
    "eval_threshold": 0.5
}