{
    "eval_recall": 0.976952695269527,
    "eval_precision": 0.9338065194532071,
    "eval_f1": 0.9548924731182796,
    "eval_mcc": 0.9086712344010938,
    "eval_acc": 0.9538503850385038,
    "eval_threshold": 0.5
}