{
    "eval_recall": 0.6870026525198939,
    "eval_precision": 0.9040683678382282,
    "eval_f1": 0.7807286523569461,
    "eval_mcc": 0.6326088717439982,
    "eval_acc": 0.8070520442696424,
    "eval_threshold": 0.5
}