{
    "eval_recall": 0.8097785977859778,
    "eval_precision": 0.6391437308868502,
    "eval_f1": 0.7144136078782453,
    "eval_mcc": 0.3658624858228561,
    "eval_acc": 0.6762915129151291,
    "eval_threshold": 0.5
}