{
    "eval_recall": 0.9844406026179303,
    "eval_precision": 0.960077075931836,
    "eval_f1": 0.9721062097978843,
    "eval_mcc": 0.9437961185675942,
    "eval_acc": 0.9717461787864752,
    "eval_threshold": 0.5
}