{
    "eval_recall": 0.255402639811621,
    "eval_precision": 0.40237304315311306,
    "eval_f1": 0.281939152766129,
    "eval_mcc": 0.7869829437687993,
    "eval_acc": 0.8049250312369846
}