{
    "eval_recall": 0.9315263027908125,
    "eval_precision": 0.9021167184883999,
    "eval_f1": 0.9165856622114216,
    "eval_mcc": 0.8308559448049613,
    "eval_acc": 0.9152076578662961,
    "eval_threshold": 0.5
}