{
    "eval_recall": 0.973221117061974,
    "eval_precision": 0.7749796913078798,
    "eval_f1": 0.8628603730921425,
    "eval_mcc": 0.7144091267029531,
    "eval_acc": 0.8453200714103545,
    "eval_threshold": 0.5
}