{
    "eval_recall": 0.9716133174355682,
    "eval_precision": 0.9303152718011768,
    "eval_f1": 0.9505159264244055,
    "eval_mcc": 0.8997221167929053,
    "eval_acc": 0.9494175914885811,
    "eval_threshold": 0.5
}