{
    "eval_recall": 0.9756612360662226,
    "eval_precision": 0.9363803253782363,
    "eval_f1": 0.9556172879384974,
    "eval_mcc": 0.910173938549721,
    "eval_acc": 0.9546863663346745,
    "eval_threshold": 0.5
}