{
    "eval_recall": 0.2120349800771986,
    "eval_precision": 0.21427429472222204,
    "eval_f1": 0.19797541167492871,
    "eval_mcc": 0.6052104247504251,
    "eval_acc": 0.6327197607375205
}