{
    "eval_recall": 0.9012082444918266,
    "eval_precision": 0.827136333985649,
    "eval_f1": 0.8625850340136054,
    "eval_mcc": 0.7157400028900787,
    "eval_acc": 0.8564321250888415,
    "eval_threshold": 0.5
}