{
    "eval_recall": 0.2941839659681377,
    "eval_precision": 0.39743536944332897,
    "eval_f1": 0.3187621053848707,
    "eval_mcc": 0.6389680240680354,
    "eval_acc": 0.6685371894880728
}