{
    "eval_recall": 0.9670545683283536,
    "eval_precision": 0.944768781686895,
    "eval_f1": 0.9557817842710601,
    "eval_mcc": 0.9112066813812345,
    "eval_acc": 0.9554738242428985,
    "eval_threshold": 0.5
}