{
    "eval_recall": 0.657986362349058,
    "eval_precision": 0.7431367665000631,
    "eval_f1": 0.6811271013792013,
    "eval_mcc": 0.9676112971508477,
    "eval_acc": 0.9700716348575011
}