{
    "eval_recall": 0.9791633904701997,
    "eval_precision": 0.937867148666968,
    "eval_f1": 0.9580704723803662,
    "eval_mcc": 0.9155989404664695,
    "eval_acc": 0.9573519054699116,
    "eval_threshold": 0.5
}