{
    "eval_recall": 0.9377007962005867,
    "eval_precision": 0.9044731878199946,
    "eval_f1": 0.9207873259721556,
    "eval_mcc": 0.8393354607149003,
    "eval_acc": 0.9193829831786138,
    "eval_threshold": 0.5
}