{
    "eval_recall": 0.8516418183481204,
    "eval_precision": 0.8266891591938205,
    "eval_f1": 0.8389799963957469,
    "eval_mcc": 0.6734066180023426,
    "eval_acc": 0.8365498948138663,
    "eval_threshold": 0.5
}