{
    "eval_recall": 0.9699638307910049,
    "eval_precision": 0.9268219383921863,
    "eval_f1": 0.9479022591055786,
    "eval_mcc": 0.8948698276272269,
    "eval_acc": 0.9469442053368808,
    "eval_threshold": 0.5
}