{
    "eval_recall": 0.9713079612162786,
    "eval_precision": 0.9391581632653061,
    "eval_f1": 0.9549625498524692,
    "eval_mcc": 0.9089160733663394,
    "eval_acc": 0.9541916760108172,
    "eval_threshold": 0.5
}