{
    "eval_recall": 0.23130474050568237,
    "eval_precision": 0.33510653381588273,
    "eval_f1": 0.24642049820478215,
    "eval_mcc": 0.6269267814379008,
    "eval_acc": 0.6584131611828404
}