{
    "eval_recall": 0.9778117827084928,
    "eval_precision": 0.8286146531229739,
    "eval_f1": 0.8970519419747309,
    "eval_mcc": 0.7884536749886373,
    "eval_acc": 0.8877837286406529,
    "eval_threshold": 0.5
}