{
    "eval_recall": 0.9624941028463595,
    "eval_precision": 0.9101791954792178,
    "eval_f1": 0.9356059158482057,
    "eval_mcc": 0.8695992468477681,
    "eval_acc": 0.9340715235933954,
    "eval_threshold": 0.5
}