{
    "eval_recall": 0.9150719374214276,
    "eval_precision": 0.8850310726830586,
    "eval_f1": 0.8998008378545429,
    "eval_mcc": 0.7967914165498968,
    "eval_acc": 0.8981643051580931,
    "eval_threshold": 0.5
}