{
    "eval_recall": 0.9913641364136414,
    "eval_precision": 0.9674181427804617,
    "eval_f1": 0.9792447704428144,
    "eval_mcc": 0.9582694012171246,
    "eval_acc": 0.978987898789879,
    "eval_threshold": 0.5
}