{
    "eval_recall": 0.7693726937269373,
    "eval_precision": 0.7071392233338986,
    "eval_f1": 0.7369444198992665,
    "eval_mcc": 0.45249376343736764,
    "eval_acc": 0.7253690036900369,
    "eval_threshold": 0.5
}