{
    "eval_recall": 0.973927392739274,
    "eval_precision": 0.9272098868873062,
    "eval_f1": 0.9499946346174482,
    "eval_mcc": 0.8986111022942611,
    "eval_acc": 0.9487348734873488,
    "eval_threshold": 0.5
}