{
    "eval_recall": 0.9686036541125256,
    "eval_precision": 0.9310213656248019,
    "eval_f1": 0.9494407448115342,
    "eval_mcc": 0.897572160710651,
    "eval_acc": 0.9484202888991491,
    "eval_threshold": 0.5
}