{
    "eval_recall": 0.974925767073573,
    "eval_precision": 0.935955910300266,
    "eval_f1": 0.9550434698296758,
    "eval_mcc": 0.9090219818535935,
    "eval_acc": 0.9541166380789022,
    "eval_threshold": 0.5
}