{
    "eval_recall": 0.9630870942564621,
    "eval_precision": 0.9432528441027025,
    "eval_f1": 0.9530667878237166,
    "eval_mcc": 0.9054021557985825,
    "eval_acc": 0.9526005460343681,
    "eval_threshold": 0.5
}