{
    "eval_recall": 0.9737311910226983,
    "eval_precision": 0.7795018374846876,
    "eval_f1": 0.8658578070075973,
    "eval_mcc": 0.7210330145276107,
    "eval_acc": 0.8491456261157868,
    "eval_threshold": 0.5
}