{
    "eval_recall": 0.6953260770145431,
    "eval_precision": 0.9080267558528428,
    "eval_f1": 0.7875679875679875,
    "eval_mcc": 0.6427807987005346,
    "eval_acc": 0.8124485502606786,
    "eval_threshold": 0.5
}