{
    "eval_recall": 0.9149237301462494,
    "eval_precision": 0.8470553978306763,
    "eval_f1": 0.8796824796824797,
    "eval_mcc": 0.7534059454364438,
    "eval_acc": 0.8754597386336959,
    "eval_threshold": 0.5
}