{
    "eval_recall": 0.9722771054581378,
    "eval_precision": 0.9437818399760264,
    "eval_f1": 0.9578175846233387,
    "eval_mcc": 0.9147597232558106,
    "eval_acc": 0.9571715300293345,
    "eval_threshold": 0.5
}