{
    "eval_recall": 0.9680170575692963,
    "eval_precision": 0.8625712476250792,
    "eval_f1": 0.9122572002679169,
    "eval_mcc": 0.8199378652579413,
    "eval_acc": 0.9068941009239516,
    "eval_threshold": 0.5
}