{
    "eval_recall": 0.9281159686224139,
    "eval_precision": 0.8581608415337632,
    "eval_f1": 0.8917685950413222,
    "eval_mcc": 0.7772465565257815,
    "eval_acc": 0.8873313756079655,
    "eval_threshold": 0.5
}