{
    "eval_recall": 0.9668948177119709,
    "eval_precision": 0.8756483238456673,
    "eval_f1": 0.9190122145512482,
    "eval_mcc": 0.8342386367556295,
    "eval_acc": 0.9148460947860683,
    "eval_threshold": 0.5
}