{
    "eval_recall": 0.9573599699264271,
    "eval_precision": 0.975218818380744,
    "eval_f1": 0.9662068778623886,
    "eval_mcc": 0.9331890848076386,
    "eval_acc": 0.9665162988024274,
    "eval_threshold": 0.5
}