{
    "eval_recall": 0.9862929118300815,
    "eval_precision": 0.9523071420054847,
    "eval_f1": 0.9690021231422505,
    "eval_mcc": 0.9374813257326167,
    "eval_acc": 0.968442180021615,
    "eval_threshold": 0.5
}