{
    "eval_recall": 0.9612162786095904,
    "eval_precision": 0.9495666905584154,
    "eval_f1": 0.9553559722040121,
    "eval_mcc": 0.9102327400930518,
    "eval_acc": 0.9550821185937604,
    "eval_threshold": 0.5
}