{
    "eval_recall": 0.9073042647994908,
    "eval_precision": 0.8658314350797266,
    "eval_f1": 0.8860828347190923,
    "eval_mcc": 0.7678023827929821,
    "eval_acc": 0.8834565545750854,
    "eval_threshold": 0.5
}