{
    "eval_recall": 0.7438891383845512,
    "eval_precision": 0.8460415906603429,
    "eval_f1": 0.7916837361736992,
    "eval_mcc": 0.6130046838246052,
    "eval_acc": 0.804259960223263,
    "eval_threshold": 0.5
}