{
    "eval_recall": 0.5206642066420665,
    "eval_precision": 0.796950014120305,
    "eval_f1": 0.6298404195960273,
    "eval_mcc": 0.4136610476084687,
    "eval_acc": 0.6940036900369003,
    "eval_threshold": 0.5
}