{
    "eval_recall": 0.8125857495655355,
    "eval_precision": 0.8559591482801812,
    "eval_f1": 0.8337087087087087,
    "eval_mcc": 0.6767131253851001,
    "eval_acc": 0.8379218878624348,
    "eval_threshold": 0.5
}