{
    "eval_recall": 0.938856275971242,
    "eval_precision": 0.9101023017902813,
    "eval_f1": 0.924255705983572,
    "eval_mcc": 0.8465409418245664,
    "eval_acc": 0.9230591649627333,
    "eval_threshold": 0.5
}