{
    "eval_recall": 0.9559346126510305,
    "eval_precision": 0.8485804416403786,
    "eval_f1": 0.8990641711229946,
    "eval_mcc": 0.7917201591695805,
    "eval_acc": 0.892679459843639,
    "eval_threshold": 0.5
}