{
    "eval_recall": 0.7603321033210332,
    "eval_precision": 0.7154513888888889,
    "eval_f1": 0.7372093023255814,
    "eval_mcc": 0.4588372617439155,
    "eval_acc": 0.7289667896678966,
    "eval_threshold": 0.5
}