{
    "eval_recall": 0.9118497773288646,
    "eval_precision": 0.8560037927764848,
    "eval_f1": 0.8830447057777383,
    "eval_mcc": 0.7602243135720815,
    "eval_acc": 0.8792988735173332,
    "eval_threshold": 0.5
}