{
    "eval_recall": 0.9593518647855845,
    "eval_precision": 0.8760204081632653,
    "eval_f1": 0.9157943862924196,
    "eval_mcc": 0.8274470230008553,
    "eval_acc": 0.911844768618692,
    "eval_threshold": 0.5
}