{
    "eval_recall": 0.9265607799968548,
    "eval_precision": 0.8571428571428571,
    "eval_f1": 0.8905010201768305,
    "eval_mcc": 0.7758261081816575,
    "eval_acc": 0.886610845919086,
    "eval_threshold": 0.5
}