{
    "eval_recall": 0.5380816220431505,
    "eval_precision": 0.6613418530351438,
    "eval_f1": 0.5933782427977641,
    "eval_mcc": 0.2672245701420371,
    "eval_acc": 0.6312711203535222,
    "eval_threshold": 0.5
}