{
    "eval_recall": 0.774169944205616,
    "eval_precision": 0.8503968652667537,
    "eval_f1": 0.8104950684669157,
    "eval_mcc": 0.6405553148873813,
    "eval_acc": 0.8189883837921887,
    "eval_threshold": 0.5
}