{
    "eval_recall": 0.7951157047470959,
    "eval_precision": 0.8748113112609439,
    "eval_f1": 0.8330618112122664,
    "eval_mcc": 0.6841767474190469,
    "eval_acc": 0.8406658739595719,
    "eval_threshold": 0.5
}