{
    "eval_recall": 0.8943986590305909,
    "eval_precision": 0.8537333333333333,
    "eval_f1": 0.8735930145303227,
    "eval_mcc": 0.7421765061015538,
    "eval_acc": 0.8706637816709709,
    "eval_threshold": 0.5
}