{
    "eval_recall": 0.9265260511244587,
    "eval_precision": 0.9073871409028728,
    "eval_f1": 0.9168567281774829,
    "eval_mcc": 0.8322524007899705,
    "eval_acc": 0.9160326655964264,
    "eval_threshold": 0.5
}