{
    "eval_recall": 0.6644105003201317,
    "eval_precision": 0.9381376727366654,
    "eval_f1": 0.7778967659027629,
    "eval_mcc": 0.6488312260174525,
    "eval_acc": 0.8102990944845879,
    "eval_threshold": 0.5
}