{
    "eval_recall": 0.9672462039543098,
    "eval_precision": 0.882402176187487,
    "eval_f1": 0.9228782772355233,
    "eval_mcc": 0.8422046653736509,
    "eval_acc": 0.919152060200055,
    "eval_threshold": 0.5
}