{
    "eval_recall": 0.9852432699431959,
    "eval_precision": 0.9449840104228355,
    "eval_f1": 0.964693791185539,
    "eval_mcc": 0.9287107520986105,
    "eval_acc": 0.9639339200247028,
    "eval_threshold": 0.5
}