{
    "eval_recall": 0.7529243566415389,
    "eval_precision": 0.6533213037103869,
    "eval_f1": 0.6995954350582695,
    "eval_mcc": 0.35757220552190266,
    "eval_acc": 0.6766961268520926,
    "eval_threshold": 0.5
}