{
    "eval_recall": 0.9650789216371002,
    "eval_precision": 0.9316343042071198,
    "eval_f1": 0.9480617495711836,
    "eval_mcc": 0.8949038192388897,
    "eval_acc": 0.9471626997975849,
    "eval_threshold": 0.5
}