{
    "eval_recall": 0.9628855776103811,
    "eval_precision": 0.9239210720692203,
    "eval_f1": 0.9430009962036564,
    "eval_mcc": 0.8843849905434565,
    "eval_acc": 0.9417990872601308,
    "eval_threshold": 0.5
}