{
    "eval_recall": 0.8082868380133541,
    "eval_precision": 0.8669675267340332,
    "eval_f1": 0.8365994509135664,
    "eval_mcc": 0.6858314552230811,
    "eval_acc": 0.8421293332113784,
    "eval_threshold": 0.5
}