{
    "eval_recall": 0.755350553505535,
    "eval_precision": 0.7207746478873239,
    "eval_f1": 0.7376576576576576,
    "eval_mcc": 0.46326395815239774,
    "eval_acc": 0.7313653136531365,
    "eval_threshold": 0.5
}