{
    "eval_recall": 0.6731219131791006,
    "eval_precision": 0.6415211197819893,
    "eval_f1": 0.6569417137058412,
    "eval_mcc": 0.2973456318812573,
    "eval_acc": 0.6484923316870288,
    "eval_threshold": 0.5
}