{
    "eval_recall": 0.6774907749077491,
    "eval_precision": 0.689447990987608,
    "eval_f1": 0.6834170854271356,
    "eval_mcc": 0.3723807308519426,
    "eval_acc": 0.6861623616236162,
    "eval_threshold": 0.5
}