{
    "eval_recall": 0.701660516605166,
    "eval_precision": 0.7170060331825038,
    "eval_f1": 0.7092502797463633,
    "eval_mcc": 0.4248205539162023,
    "eval_acc": 0.7123616236162361,
    "eval_threshold": 0.5
}