{
    "eval_recall": 0.9502487562189055,
    "eval_precision": 0.8222632226322263,
    "eval_f1": 0.8816353445433562,
    "eval_mcc": 0.7540372340726739,
    "eval_acc": 0.8724235963041933,
    "eval_threshold": 0.5
}