{
    "eval_recall": 0.945913857924939,
    "eval_precision": 0.9153050804186877,
    "eval_f1": 0.9303577800123259,
    "eval_mcc": 0.8588670218896444,
    "eval_acc": 0.9291933249785634,
    "eval_threshold": 0.5
}