{
    "eval_recall": 0.8504527577060276,
    "eval_precision": 0.8347997845214581,
    "eval_f1": 0.8425535770921118,
    "eval_mcc": 0.6822748927389443,
    "eval_acc": 0.8410774718741425,
    "eval_threshold": 0.5
}