{
    "eval_recall": 0.627631920977385,
    "eval_precision": 0.6342264250065669,
    "eval_f1": 0.6309119414685131,
    "eval_mcc": 0.265675916280029,
    "eval_acc": 0.6328307772290096,
    "eval_threshold": 0.5
}