{
    "eval_recall": 0.9708599857853589,
    "eval_precision": 0.8564263322884013,
    "eval_f1": 0.9100599600266489,
    "eval_mcc": 0.8154141962354675,
    "eval_acc": 0.9040511727078892,
    "eval_threshold": 0.5
}