{
    "eval_recall": 0.9839326702371843,
    "eval_precision": 0.8338015993084071,
    "eval_f1": 0.9026672905942911,
    "eval_mcc": 0.8008988497336075,
    "eval_acc": 0.8939046161693446,
    "eval_threshold": 0.5
}