{
    "eval_recall": 0.9259229789942711,
    "eval_precision": 0.8890671556268622,
    "eval_f1": 0.9071208637019138,
    "eval_mcc": 0.8112600899603418,
    "eval_acc": 0.9052786390015104,
    "eval_threshold": 0.5
}