{
    "eval_recall": 0.9219688976558558,
    "eval_precision": 0.8486255964193725,
    "eval_f1": 0.883778197968427,
    "eval_mcc": 0.7602976037668553,
    "eval_acc": 0.8787280903000826,
    "eval_threshold": 0.5
}