{
    "eval_recall": 0.7096438783467637,
    "eval_precision": 0.651395848246242,
    "eval_f1": 0.6792734511072406,
    "eval_mcc": 0.33119420028309615,
    "eval_acc": 0.6649337145827918,
    "eval_threshold": 0.5
}