{
    "eval_recall": 0.7041982987286197,
    "eval_precision": 0.8998363721365124,
    "eval_f1": 0.7900867155831494,
    "eval_mcc": 0.6411485348577703,
    "eval_acc": 0.8129058812768682,
    "eval_threshold": 0.5
}