{
    "eval_recall": 0.9481771197094566,
    "eval_precision": 0.9129791526563551,
    "eval_f1": 0.9302453062902563,
    "eval_mcc": 0.8585315120848732,
    "eval_acc": 0.9289453479444406,
    "eval_threshold": 0.5
}