{
    "eval_recall": 0.9333168683625587,
    "eval_precision": 0.9107670060854371,
    "eval_f1": 0.9219040648918977,
    "eval_mcc": 0.8420977687124435,
    "eval_acc": 0.9209201790952601,
    "eval_threshold": 0.5
}