{
    "eval_recall": 0.3222944646420385,
    "eval_precision": 0.4483810468033853,
    "eval_f1": 0.343760332859188,
    "eval_mcc": 0.6087136903369944,
    "eval_acc": 0.6329107237189646
}