{
    "eval_recall": 0.7822544428049015,
    "eval_precision": 0.8346796276013143,
    "eval_f1": 0.8076171551581388,
    "eval_mcc": 0.6285586745296977,
    "eval_acc": 0.8136588182459742,
    "eval_threshold": 0.5
}