{
    "eval_recall": 0.9578820036289657,
    "eval_precision": 0.9248778933956254,
    "eval_f1": 0.9410906733652055,
    "eval_mcc": 0.8806400626953054,
    "eval_acc": 0.9400395887172156,
    "eval_threshold": 0.5
}