{
    "eval_recall": 0.905301293222049,
    "eval_precision": 0.8269174381099987,
    "eval_f1": 0.8643359092799754,
    "eval_mcc": 0.7190498633326186,
    "eval_acc": 0.8579060808951665,
    "eval_threshold": 0.5
}