{
    "eval_recall": 0.31763791871722064,
    "eval_precision": 0.4370759475669481,
    "eval_f1": 0.34349475153684944,
    "eval_mcc": 0.6547028948108249,
    "eval_acc": 0.6822802410010814
}