{
    "eval_recall": 0.9580947059645202,
    "eval_precision": 0.9461994757897642,
    "eval_f1": 0.9521099389228207,
    "eval_mcc": 0.9037504202861718,
    "eval_acc": 0.951839184756055,
    "eval_threshold": 0.5
}