{
    "eval_recall": 0.9779165327579082,
    "eval_precision": 0.9360580092287409,
    "eval_f1": 0.9565295491287947,
    "eval_mcc": 0.9120797221579647,
    "eval_acc": 0.9555830867001629,
    "eval_threshold": 0.5
}