{
    "eval_recall": 0.975511327157663,
    "eval_precision": 0.9272885789014821,
    "eval_f1": 0.9507888973316051,
    "eval_mcc": 0.9002367518832143,
    "eval_acc": 0.9495093093643951,
    "eval_threshold": 0.5
}