{
    "eval_recall": 0.9677791829328641,
    "eval_precision": 0.9300396301188903,
    "eval_f1": 0.9485341668463032,
    "eval_mcc": 0.8957176831202668,
    "eval_acc": 0.9474899653598724,
    "eval_threshold": 0.5
}