{
    "eval_recall": 0.3541654290223866,
    "eval_precision": 0.4466056563916814,
    "eval_f1": 0.3707247133466668,
    "eval_mcc": 0.7757286582626005,
    "eval_acc": 0.7861853878010123
}