{
    "eval_recall": 0.6898056072367998,
    "eval_precision": 0.852859522487507,
    "eval_f1": 0.7627154713768887,
    "eval_mcc": 0.5815229318748917,
    "eval_acc": 0.7853980881503817,
    "eval_threshold": 0.5
}