{
    "eval_recall": 0.2532259768037417,
    "eval_precision": 0.345781171527704,
    "eval_f1": 0.2711694239346025,
    "eval_mcc": 0.6433138946856481,
    "eval_acc": 0.6734589754269055
}