{
    "eval_recall": 0.8099630996309963,
    "eval_precision": 0.644640234948605,
    "eval_f1": 0.7179067865903516,
    "eval_mcc": 0.37604528451284075,
    "eval_acc": 0.6817343173431735,
    "eval_threshold": 0.5
}