{
    "eval_recall": 0.8006238627501949,
    "eval_precision": 0.6442840707039013,
    "eval_f1": 0.7139959432048681,
    "eval_mcc": 0.36963878354090773,
    "eval_acc": 0.6792955549779048,
    "eval_threshold": 0.5
}