{
    "eval_recall": 0.9789966064385949,
    "eval_precision": 0.9484627687933179,
    "eval_f1": 0.9634878368010109,
    "eval_mcc": 0.9262803556335981,
    "eval_acc": 0.9629001192332386,
    "eval_threshold": 0.5
}