{
    "eval_recall": 0.3976145017087928,
    "eval_precision": 0.5291403200866315,
    "eval_f1": 0.4202422747036254,
    "eval_mcc": 0.8531304131974659,
    "eval_acc": 0.864751017045162
}