{
    "eval_recall": 0.9750016489677462,
    "eval_precision": 0.9412289079910856,
    "eval_f1": 0.9578176634484545,
    "eval_mcc": 0.9147107875392786,
    "eval_acc": 0.9570608798891894,
    "eval_threshold": 0.5
}