{
    "eval_recall": 0.7205614764751754,
    "eval_precision": 0.6618121045720425,
    "eval_f1": 0.6899383983572895,
    "eval_mcc": 0.3537490451744881,
    "eval_acc": 0.6761762412269301,
    "eval_threshold": 0.5
}