{
    "eval_recall": 0.7138029633480635,
    "eval_precision": 0.6183292051339788,
    "eval_f1": 0.6626447876447877,
    "eval_mcc": 0.27651602032495165,
    "eval_acc": 0.6365999480114375,
    "eval_threshold": 0.5
}