{
    "eval_recall": 0.9712218902343136,
    "eval_precision": 0.9437652811735942,
    "eval_f1": 0.9572967526931722,
    "eval_mcc": 0.91415789293701,
    "eval_acc": 0.9568823851631583,
    "eval_threshold": 0.5
}