{
    "eval_recall": 0.3630036758910217,
    "eval_precision": 0.4871690597971735,
    "eval_f1": 0.3829618413640861,
    "eval_mcc": 0.8274920279741345,
    "eval_acc": 0.8355232885116826
}