{
    "eval_recall": 0.24212067852381763,
    "eval_precision": 0.3032106613115042,
    "eval_f1": 0.2480655867816613,
    "eval_mcc": 0.6307643435247392,
    "eval_acc": 0.6522715266772319
}