{
    "eval_recall": 0.9118692253020612,
    "eval_precision": 0.8331168831168831,
    "eval_f1": 0.8707159823549372,
    "eval_mcc": 0.7324909888783252,
    "eval_acc": 0.8646055437100213,
    "eval_threshold": 0.5
}