{
    "eval_recall": 0.9670206450761824,
    "eval_precision": 0.9411349338811144,
    "eval_f1": 0.9539022089202642,
    "eval_mcc": 0.9068796061685246,
    "eval_acc": 0.9532682540729503,
    "eval_threshold": 0.5
}