{
    "eval_recall": 0.9458024863807795,
    "eval_precision": 0.9100806451612903,
    "eval_f1": 0.927597780669909,
    "eval_mcc": 0.8531065781546989,
    "eval_acc": 0.9262232149089132,
    "eval_threshold": 0.5
}