{
    "eval_recall": 0.22927957803210278,
    "eval_precision": 0.33598930284471845,
    "eval_f1": 0.24504815322357973,
    "eval_mcc": 0.6207186210185303,
    "eval_acc": 0.6512390408354147
}