{
    "eval_recall": 0.958513758904875,
    "eval_precision": 0.9319570827108515,
    "eval_f1": 0.9450488913372813,
    "eval_mcc": 0.8889644156206158,
    "eval_acc": 0.9443009701961331,
    "eval_threshold": 0.5
}