{
    "eval_recall": 0.2811388808431093,
    "eval_precision": 0.3755686752965665,
    "eval_f1": 0.2975177745656174,
    "eval_mcc": 0.8029338430350043,
    "eval_acc": 0.812504734728921
}