{
    "eval_recall": 0.9203980099502488,
    "eval_precision": 0.7749850388988629,
    "eval_f1": 0.8414554905782976,
    "eval_mcc": 0.6649732439220429,
    "eval_acc": 0.8265813788201848,
    "eval_threshold": 0.5
}