{
    "eval_recall": 0.9033752178299551,
    "eval_precision": 0.8406520718644647,
    "eval_f1": 0.8708857401799333,
    "eval_mcc": 0.7341844069294725,
    "eval_acc": 0.8660689718426121,
    "eval_threshold": 0.5
}