{
    "eval_recall": 0.2515146864847283,
    "eval_precision": 0.35812365227366943,
    "eval_f1": 0.2713169999434162,
    "eval_mcc": 0.6195678149792199,
    "eval_acc": 0.6405592578073958
}