{
    "eval_recall": 0.9285486950986632,
    "eval_precision": 0.9137175070466645,
    "eval_f1": 0.9210734017363852,
    "eval_mcc": 0.8411175969881335,
    "eval_acc": 0.9205024246760474,
    "eval_threshold": 0.5
}