{
    "eval_recall": 0.9842684268426842,
    "eval_precision": 0.9416407935589117,
    "eval_f1": 0.9624828550681763,
    "eval_mcc": 0.9242148230290218,
    "eval_acc": 0.9616336633663366,
    "eval_threshold": 0.5
}