{
    "eval_recall": 0.7487649964714185,
    "eval_precision": 0.8472595281306715,
    "eval_f1": 0.7949730944758532,
    "eval_mcc": 0.617970617300615,
    "eval_acc": 0.806890357349073,
    "eval_threshold": 0.5
}