{
    "eval_recall": 0.98098920573546,
    "eval_precision": 0.9822552024520084,
    "eval_f1": 0.9816217959052073,
    "eval_mcc": 0.9632680789594635,
    "eval_acc": 0.9816336394393427,
    "eval_threshold": 0.5
}