{
    "eval_recall": 0.972951721968863,
    "eval_precision": 0.9162532395409108,
    "eval_f1": 0.9437516683827174,
    "eval_mcc": 0.8862889769578053,
    "eval_acc": 0.9422881289615775,
    "eval_threshold": 0.5
}