{
    "eval_recall": 0.9175550817341862,
    "eval_precision": 0.8329032258064516,
    "eval_f1": 0.873182279337166,
    "eval_mcc": 0.7372933405285511,
    "eval_acc": 0.8667377398720683,
    "eval_threshold": 0.5
}