{
    "eval_recall": 0.8953675221523346,
    "eval_precision": 0.8683378601006279,
    "eval_f1": 0.8816455696202532,
    "eval_mcc": 0.7601169995401013,
    "eval_acc": 0.879872439029986,
    "eval_threshold": 0.5
}