{
    "eval_recall": 0.9462215393211343,
    "eval_precision": 0.9340871483728627,
    "eval_f1": 0.9401151897855805,
    "eval_mcc": 0.879603226804544,
    "eval_acc": 0.9397640818035876,
    "eval_threshold": 0.5
}