{
    "eval_recall": 0.653289510994111,
    "eval_precision": 0.7120460123849941,
    "eval_f1": 0.6670989646871017,
    "eval_mcc": 0.9351527006930049,
    "eval_acc": 0.9388272583201268
}