{
    "eval_recall": 0.9289267945984364,
    "eval_precision": 0.8303684879288437,
    "eval_f1": 0.8768869506876886,
    "eval_mcc": 0.7444235997606746,
    "eval_acc": 0.8695806680881307,
    "eval_threshold": 0.5
}