{
    "eval_recall": 0.8711241196377938,
    "eval_precision": 0.8185646755479158,
    "eval_f1": 0.8440269408011343,
    "eval_mcc": 0.6794410214433036,
    "eval_acc": 0.8390194823012896,
    "eval_threshold": 0.5
}