{
    "eval_recall": 0.7392773589810242,
    "eval_precision": 0.6590961761297799,
    "eval_f1": 0.6968880176427347,
    "eval_mcc": 0.3595721453972734,
    "eval_acc": 0.6784507408370158,
    "eval_threshold": 0.5
}