{
    "eval_recall": 0.9801385681293302,
    "eval_precision": 0.9185579123121638,
    "eval_f1": 0.9483496137393858,
    "eval_mcc": 0.8952723855521165,
    "eval_acc": 0.946628842855258,
    "eval_threshold": 0.5
}