{
    "eval_recall": 0.9113854379619437,
    "eval_precision": 0.8420020339968037,
    "eval_f1": 0.8753209484972059,
    "eval_mcc": 0.7442075343123707,
    "eval_acc": 0.8708036622583927,
    "eval_threshold": 0.5
}