{
    "eval_recall": 0.9040368766587512,
    "eval_precision": 0.8668631127779266,
    "eval_f1": 0.8850598290598289,
    "eval_mcc": 0.7660481642171997,
    "eval_acc": 0.882669086340476,
    "eval_threshold": 0.5
}