{
    "eval_recall": 0.7967247205614765,
    "eval_precision": 0.6438399327801702,
    "eval_f1": 0.7121696195178624,
    "eval_mcc": 0.3664736093998176,
    "eval_acc": 0.6779958409149986,
    "eval_threshold": 0.5
}