{
    "eval_recall": 0.7797047970479705,
    "eval_precision": 0.6692003167062549,
    "eval_f1": 0.7202386024712398,
    "eval_mcc": 0.3997684837191966,
    "eval_acc": 0.697140221402214,
    "eval_threshold": 0.5
}