{
    "eval_recall": 0.9263248938512345,
    "eval_precision": 0.8666960935775767,
    "eval_f1": 0.8955189844551709,
    "eval_mcc": 0.7867922672119692,
    "eval_acc": 0.8924407230612724,
    "eval_threshold": 0.5
}