{
    "eval_recall": 0.7811213756516967,
    "eval_precision": 0.8859840232389252,
    "eval_f1": 0.8302547151468015,
    "eval_mcc": 0.685417767837232,
    "eval_acc": 0.8403000091466203,
    "eval_threshold": 0.5
}