{
    "eval_recall": 0.9009638217628161,
    "eval_precision": 0.8682191412033922,
    "eval_f1": 0.8842884562654236,
    "eval_mcc": 0.7649099726446126,
    "eval_acc": 0.8821804983597403,
    "eval_threshold": 0.5
}