{
    "eval_recall": 0.7400369003690037,
    "eval_precision": 0.706784140969163,
    "eval_f1": 0.7230283911671925,
    "eval_mcc": 0.433505881187391,
    "eval_acc": 0.7165129151291513,
    "eval_threshold": 0.5
}