{
    "eval_recall": 0.7376383763837638,
    "eval_precision": 0.7204901784105244,
    "eval_f1": 0.7289634424286626,
    "eval_mcc": 0.4516039440813061,
    "eval_acc": 0.7257380073800738,
    "eval_threshold": 0.5
}