{
    "eval_recall": 0.8463737977644918,
    "eval_precision": 0.5849276924458816,
    "eval_f1": 0.69177245445371,
    "eval_mcc": 0.27474869741025315,
    "eval_acc": 0.6228879646477775,
    "eval_threshold": 0.5
}