{
    "eval_recall": 0.5750048193047871,
    "eval_precision": 0.6476153761676714,
    "eval_f1": 0.5941016937688597,
    "eval_mcc": 0.921569078768768,
    "eval_acc": 0.9260169043845747
}