{
    "eval_recall": 0.9800995024875622,
    "eval_precision": 0.8559900682805711,
    "eval_f1": 0.9138502319416832,
    "eval_mcc": 0.8239158052017241,
    "eval_acc": 0.9076048329779673,
    "eval_threshold": 0.5
}