{
    "eval_recall": 0.7095015076666453,
    "eval_precision": 0.8360928404022077,
    "eval_f1": 0.7676129659193448,
    "eval_mcc": 0.5770640269340747,
    "eval_acc": 0.7852056200680054,
    "eval_threshold": 0.5
}