{
    "eval_recall": 0.9863546554704865,
    "eval_precision": 0.9541870744236053,
    "eval_f1": 0.9700042504098608,
    "eval_mcc": 0.9395179220204484,
    "eval_acc": 0.9694920487880191,
    "eval_threshold": 0.5
}