{
    "eval_recall": 0.6876243023032014,
    "eval_precision": 0.8649128469980633,
    "eval_f1": 0.7661460381000036,
    "eval_mcc": 0.5928146575568956,
    "eval_acc": 0.790113556168602,
    "eval_threshold": 0.5
}