{
    "eval_recall": 0.9180959368981014,
    "eval_precision": 0.8518423963917965,
    "eval_f1": 0.8837291427562461,
    "eval_mcc": 0.760719486668423,
    "eval_acc": 0.8792075575529671,
    "eval_threshold": 0.5
}