{
    "eval_recall": 0.608439110443399,
    "eval_precision": 0.6987996015922667,
    "eval_f1": 0.6373131272074748,
    "eval_mcc": 0.9611342820668252,
    "eval_acc": 0.9640900728681693
}