{
    "eval_recall": 0.9798757354154066,
    "eval_precision": 0.9448597635332167,
    "eval_f1": 0.9620492334269056,
    "eval_mcc": 0.9233262996912753,
    "eval_acc": 0.9613460163853301,
    "eval_threshold": 0.5
}