{
    "eval_recall": 0.9794208825275378,
    "eval_precision": 0.916944547363221,
    "eval_f1": 0.9471535640248764,
    "eval_mcc": 0.8927811635881943,
    "eval_acc": 0.9453532088912341,
    "eval_threshold": 0.5
}