{
    "eval_recall": 0.6988929889298893,
    "eval_precision": 0.7137742604107782,
    "eval_f1": 0.7062552437773841,
    "eval_mcc": 0.4187256997044816,
    "eval_acc": 0.7093173431734318,
    "eval_threshold": 0.5
}