{
    "eval_recall": 0.9651741293532339,
    "eval_precision": 0.8778280542986425,
    "eval_f1": 0.919431279620853,
    "eval_mcc": 0.834989562695699,
    "eval_acc": 0.9154228855721394,
    "eval_threshold": 0.5
}