{
    "eval_recall": 0.9902677736844999,
    "eval_precision": 0.9623296820732034,
    "eval_f1": 0.9760988564305458,
    "eval_mcc": 0.9519050583324554,
    "eval_acc": 0.975751910705449,
    "eval_threshold": 0.5
}