{
    "eval_recall": 0.9773012207192345,
    "eval_precision": 0.9262084922769057,
    "eval_f1": 0.9510691581583509,
    "eval_mcc": 0.9008312068124553,
    "eval_acc": 0.9497295157672516,
    "eval_threshold": 0.5
}