{
    "eval_recall": 0.7607226410189758,
    "eval_precision": 0.6497557726465364,
    "eval_f1": 0.7008741468087655,
    "eval_mcc": 0.3558913374547721,
    "eval_acc": 0.6753314270860411,
    "eval_threshold": 0.5
}