{
    "eval_recall": 0.9680821792167293,
    "eval_precision": 0.9466367713004484,
    "eval_f1": 0.9572393778624224,
    "eval_mcc": 0.9137445482754414,
    "eval_acc": 0.9567550215537008,
    "eval_threshold": 0.5
}