{
    "eval_recall": 0.9600518646579402,
    "eval_precision": 0.945745392616021,
    "eval_f1": 0.952844930600239,
    "eval_mcc": 0.905059287491893,
    "eval_acc": 0.9524779990736452,
    "eval_threshold": 0.5
}