{
    "eval_recall": 0.9590396411846184,
    "eval_precision": 0.9206610523649719,
    "eval_f1": 0.9394585513988499,
    "eval_mcc": 0.8771558323893398,
    "eval_acc": 0.9381966888727656,
    "eval_threshold": 0.5
}