{
    "eval_recall": 0.6731219131791006,
    "eval_precision": 0.6289010321797207,
    "eval_f1": 0.6502605311067863,
    "eval_mcc": 0.2766139509756,
    "eval_acc": 0.637964647777489,
    "eval_threshold": 0.5
}