{
    "eval_recall": 0.9402320338703469,
    "eval_precision": 0.8983923505306294,
    "eval_f1": 0.9188361408882083,
    "eval_mcc": 0.8347981396974902,
    "eval_acc": 0.9169461703414526,
    "eval_threshold": 0.5
}