{
    "eval_recall": 0.6634374799512415,
    "eval_precision": 0.8712612688516302,
    "eval_f1": 0.753277972027972,
    "eval_mcc": 0.5822128710663917,
    "eval_acc": 0.782703534997113,
    "eval_threshold": 0.5
}