{
    "eval_recall": 0.9719459321601632,
    "eval_precision": 0.8324595893403233,
    "eval_f1": 0.8968113895752441,
    "eval_mcc": 0.7874657594298786,
    "eval_acc": 0.8881662841111961,
    "eval_threshold": 0.5
}