{
    "eval_recall": 0.7839483394833948,
    "eval_precision": 0.6613229571984436,
    "eval_f1": 0.7174335162515829,
    "eval_mcc": 0.3892220019831899,
    "eval_acc": 0.6912361623616237,
    "eval_threshold": 0.5
}