{
    "eval_recall": 0.9282744968657208,
    "eval_precision": 0.9066769786027327,
    "eval_f1": 0.9173486355188941,
    "eval_mcc": 0.8329986264199916,
    "eval_acc": 0.9163807890222985,
    "eval_threshold": 0.5
}