{
    "eval_recall": 0.8080124394036403,
    "eval_precision": 0.8227624103567105,
    "eval_f1": 0.8153207198892479,
    "eval_mcc": 0.6340541524168324,
    "eval_acc": 0.8169761273209549,
    "eval_threshold": 0.5
}