{
    "eval_recall": 0.6319368704689806,
    "eval_precision": 0.9065807639208467,
    "eval_f1": 0.7447451988507485,
    "eval_mcc": 0.5947677594650846,
    "eval_acc": 0.7834092512991595,
    "eval_threshold": 0.5
}