{
    "eval_recall": 0.975006375924509,
    "eval_precision": 0.7792498980839788,
    "eval_f1": 0.8662059589894642,
    "eval_mcc": 0.7219527337920189,
    "eval_acc": 0.8494006630961489,
    "eval_threshold": 0.5
}