{
    "eval_recall": 0.972562819596415,
    "eval_precision": 0.9376590330788804,
    "eval_f1": 0.9547920433996383,
    "eval_mcc": 0.9085309216859098,
    "eval_acc": 0.9539506240721395,
    "eval_threshold": 0.5
}