{
    "eval_recall": 0.49844034312451263,
    "eval_precision": 0.6664928745220716,
    "eval_f1": 0.5703450327186199,
    "eval_mcc": 0.2573399753224511,
    "eval_acc": 0.6245126072264102,
    "eval_threshold": 0.5
}