{
    "eval_recall": 0.9722814498933902,
    "eval_precision": 0.8336380255941499,
    "eval_f1": 0.8976377952755905,
    "eval_mcc": 0.7892431524358176,
    "eval_acc": 0.8891257995735607,
    "eval_threshold": 0.5
}