{
    "eval_recall": 0.2738749598093638,
    "eval_precision": 0.408237752759109,
    "eval_f1": 0.29966377946279416,
    "eval_mcc": 0.6281479518836721,
    "eval_acc": 0.6491049261727427
}