{
    "eval_recall": 0.8932811845229781,
    "eval_precision": 0.8608157221698748,
    "eval_f1": 0.8767480120647108,
    "eval_mcc": 0.7495437897986847,
    "eval_acc": 0.874502687233894,
    "eval_threshold": 0.5
}