{
    "eval_recall": 0.247858914595917,
    "eval_precision": 0.3589307844200693,
    "eval_f1": 0.2692942685337193,
    "eval_mcc": 0.6135193118635827,
    "eval_acc": 0.6351496145302495
}