{
    "eval_recall": 0.9228194075025222,
    "eval_precision": 0.8660641273940176,
    "eval_f1": 0.893541440021314,
    "eval_mcc": 0.7817868901626795,
    "eval_acc": 0.8900531963679721,
    "eval_threshold": 0.5
}