{
    "eval_recall": 0.7658946558029127,
    "eval_precision": 0.8413559799844951,
    "eval_f1": 0.8018538420204192,
    "eval_mcc": 0.6239943103865107,
    "eval_acc": 0.8107397189965997,
    "eval_threshold": 0.5
}