{
    "eval_recall": 0.9343483726777483,
    "eval_precision": 0.909078553954879,
    "eval_f1": 0.9215402631397671,
    "eval_mcc": 0.8413269061927886,
    "eval_acc": 0.9204997557060096,
    "eval_threshold": 0.5
}