{
    "eval_recall": 0.8148457047539617,
    "eval_precision": 0.81192865818577,
    "eval_f1": 0.8133845661223182,
    "eval_mcc": 0.6261027127759907,
    "eval_acc": 0.8130493359851158,
    "eval_threshold": 0.5
}