{
    "eval_recall": 0.9210783628998463,
    "eval_precision": 0.8943442289434423,
    "eval_f1": 0.907514450867052,
    "eval_mcc": 0.8127483926921241,
    "eval_acc": 0.9061911076987507,
    "eval_threshold": 0.5
}