{
    "eval_recall": 0.9874042973573722,
    "eval_precision": 0.9550313526425799,
    "eval_f1": 0.9709480586503141,
    "eval_mcc": 0.9414393939776338,
    "eval_acc": 0.9704492820750348,
    "eval_threshold": 0.5
}