{
    "eval_recall": 0.6865313653136531,
    "eval_precision": 0.7264740335806326,
    "eval_f1": 0.7059381521532916,
    "eval_mcc": 0.42869273368990823,
    "eval_acc": 0.7140221402214022,
    "eval_threshold": 0.5
}