{
    "eval_recall": 0.7250525930668618,
    "eval_precision": 0.8836250139337867,
    "eval_f1": 0.7965233118971061,
    "eval_mcc": 0.6399509203392099,
    "eval_acc": 0.8147809384432452,
    "eval_threshold": 0.5
}