{
    "eval_recall": 0.9729660800816118,
    "eval_precision": 0.8086053412462908,
    "eval_f1": 0.883204074545665,
    "eval_mcc": 0.7585022785727141,
    "eval_acc": 0.871333843407294,
    "eval_threshold": 0.5
}