{
    "eval_recall": 0.2837990009382692,
    "eval_precision": 0.3947429461898554,
    "eval_f1": 0.3065381308831209,
    "eval_mcc": 0.6351388775899921,
    "eval_acc": 0.6555599111459558
}