{
    "eval_recall": 0.6428244763559865,
    "eval_precision": 0.9264434484576852,
    "eval_f1": 0.7590042658890869,
    "eval_mcc": 0.6216325654528918,
    "eval_acc": 0.7958931674746181,
    "eval_threshold": 0.5
}