{
    "eval_recall": 0.9846977811782709,
    "eval_precision": 0.7787414279951593,
    "eval_f1": 0.869692532942899,
    "eval_mcc": 0.7309491231617393,
    "eval_acc": 0.8524611068604948,
    "eval_threshold": 0.5
}