{
    "eval_recall": 0.9303482587064676,
    "eval_precision": 0.8269109286165508,
    "eval_f1": 0.8755852842809365,
    "eval_mcc": 0.7414312142882348,
    "eval_acc": 0.8678038379530917,
    "eval_threshold": 0.5
}