{
    "eval_recall": 0.9669759396131468,
    "eval_precision": 0.9326558471105718,
    "eval_f1": 0.9495058678196419,
    "eval_mcc": 0.8982625317615752,
    "eval_acc": 0.9488222865638939,
    "eval_threshold": 0.5
}