{
    "eval_recall": 0.671302313491032,
    "eval_precision": 0.6278108666585632,
    "eval_f1": 0.6488285911688965,
    "eval_mcc": 0.27398809145401104,
    "eval_acc": 0.6366649337145828,
    "eval_threshold": 0.5
}