{
    "eval_recall": 0.7455159864829738,
    "eval_precision": 0.6175710594315246,
    "eval_f1": 0.6755388057943705,
    "eval_mcc": 0.2901526979551271,
    "eval_acc": 0.6419287756693527,
    "eval_threshold": 0.5
}