{
    "eval_recall": 0.8052684533065032,
    "eval_precision": 0.8724606084629868,
    "eval_f1": 0.8375190258751901,
    "eval_mcc": 0.6895995815064015,
    "eval_acc": 0.8437757248696607,
    "eval_threshold": 0.5
}