{
    "eval_recall": 0.29024581116833215,
    "eval_precision": 0.44340264514897704,
    "eval_f1": 0.3182421664687725,
    "eval_mcc": 0.8263909418379422,
    "eval_acc": 0.840847563515202
}