{
    "eval_recall": 0.8962670824543704,
    "eval_precision": 0.8886463874869277,
    "eval_f1": 0.8924404666773214,
    "eval_mcc": 0.7839873717684329,
    "eval_acc": 0.8919792717600661,
    "eval_threshold": 0.5
}