{
    "eval_recall": 0.9561225050860505,
    "eval_precision": 0.9244550770866561,
    "eval_f1": 0.94002216395924,
    "eval_mcc": 0.8785053526446713,
    "eval_acc": 0.9389948864573596,
    "eval_threshold": 0.5
}