{
    "eval_recall": 0.600628729069096,
    "eval_precision": 0.9188340367062519,
    "eval_f1": 0.7264121663563003,
    "eval_mcc": 0.5836913502896381,
    "eval_acc": 0.7737858471803426,
    "eval_threshold": 0.5
}