{
    "eval_recall": 0.2972755199803105,
    "eval_precision": 0.395816189775436,
    "eval_f1": 0.316381942623001,
    "eval_mcc": 0.6425815961422158,
    "eval_acc": 0.6713018633285028
}