{
    "eval_recall": 0.9223355217209107,
    "eval_precision": 0.8690444853908923,
    "eval_f1": 0.8948973368570847,
    "eval_mcc": 0.7849692621564924,
    "eval_acc": 0.8917428631255672,
    "eval_threshold": 0.5
}