{
    "eval_recall": 0.9289267945984364,
    "eval_precision": 0.8128109452736318,
    "eval_f1": 0.8669983416252074,
    "eval_mcc": 0.7224059338367705,
    "eval_acc": 0.857498223169865,
    "eval_threshold": 0.5
}