{
    "eval_recall": 0.9821474113746493,
    "eval_precision": 0.7706623974384631,
    "eval_f1": 0.8636465575241085,
    "eval_mcc": 0.7174166626781503,
    "eval_acc": 0.8449375159398113,
    "eval_threshold": 0.5
}