{
    "eval_recall": 0.9791570476881473,
    "eval_precision": 0.9338827377956719,
    "eval_f1": 0.9559841581608011,
    "eval_mcc": 0.9109055133072288,
    "eval_acc": 0.9549172218191412,
    "eval_threshold": 0.5
}