{
    "eval_recall": 0.9203980099502488,
    "eval_precision": 0.8338699291693497,
    "eval_f1": 0.875,
    "eval_mcc": 0.7410294793142261,
    "eval_acc": 0.8685145700071073,
    "eval_threshold": 0.5
}