{
    "eval_recall": 0.9559994412627462,
    "eval_precision": 0.9428295908527345,
    "eval_f1": 0.9493688444999308,
    "eval_mcc": 0.8981828784387068,
    "eval_acc": 0.9490472534375655,
    "eval_threshold": 0.5
}