{
    "eval_recall": 0.23428441810440517,
    "eval_precision": 0.2753354580490846,
    "eval_f1": 0.2348328154795026,
    "eval_mcc": 0.6380524615170433,
    "eval_acc": 0.6658855692247608
}