{
    "eval_recall": 0.3064697324786981,
    "eval_precision": 0.42066534382501414,
    "eval_f1": 0.33124655205236614,
    "eval_mcc": 0.64281316741801,
    "eval_acc": 0.6720212951828899
}