{
    "eval_recall": 0.3081218797695717,
    "eval_precision": 0.4472246233363016,
    "eval_f1": 0.33560898738917055,
    "eval_mcc": 0.8439135170519583,
    "eval_acc": 0.8561664251282209
}