{
    "eval_recall": 0.9792420191854065,
    "eval_precision": 0.9462806777600486,
    "eval_f1": 0.9624792302639206,
    "eval_mcc": 0.9245823707519378,
    "eval_acc": 0.9620079818452149,
    "eval_threshold": 0.5
}