{
    "eval_recall": 0.9744963019637848,
    "eval_precision": 0.8250917728352408,
    "eval_f1": 0.8935921421889617,
    "eval_mcc": 0.7808241052920393,
    "eval_acc": 0.8839581739352206,
    "eval_threshold": 0.5
}