{
    "eval_recall": 0.9772565742714996,
    "eval_precision": 0.8498145859085291,
    "eval_f1": 0.9090909090909091,
    "eval_mcc": 0.8137510807892734,
    "eval_acc": 0.90227434257285,
    "eval_threshold": 0.5
}