{
    "eval_recall": 0.7345018450184502,
    "eval_precision": 0.6967098354917746,
    "eval_f1": 0.7151068798275552,
    "eval_mcc": 0.4153716846825456,
    "eval_acc": 0.707380073800738,
    "eval_threshold": 0.5
}