{
    "eval_recall": 0.9775567457281306,
    "eval_precision": 0.7757538959724752,
    "eval_f1": 0.8650417512976754,
    "eval_mcc": 0.7197558696597637,
    "eval_acc": 0.8474878857434328,
    "eval_threshold": 0.5
}