{
    "eval_recall": 0.8959742097814122,
    "eval_precision": 0.860324650811627,
    "eval_f1": 0.8777876208450487,
    "eval_mcc": 0.752385064330178,
    "eval_acc": 0.8758510055559903,
    "eval_threshold": 0.5
}