{
    "eval_recall": 0.9506628850339688,
    "eval_precision": 0.9191378100886423,
    "eval_f1": 0.9346345891965502,
    "eval_mcc": 0.8675376720382817,
    "eval_acc": 0.9335136204735835,
    "eval_threshold": 0.5
}