{
    "eval_recall": 0.7079542500649857,
    "eval_precision": 0.615063233965673,
    "eval_f1": 0.6582477341389728,
    "eval_mcc": 0.2679552606026652,
    "eval_acc": 0.6324408630101378,
    "eval_threshold": 0.5
}