{
    "eval_recall": 0.5195146517550546,
    "eval_precision": 0.6107454938202145,
    "eval_f1": 0.5464457452543589,
    "eval_mcc": 0.9385511967800944,
    "eval_acc": 0.9432573818847059
}