{
    "eval_recall": 0.9789048885627809,
    "eval_precision": 0.9317328677433435,
    "eval_f1": 0.9547365596207175,
    "eval_mcc": 0.9083464031242001,
    "eval_acc": 0.953590754838118,
    "eval_threshold": 0.5
}