{
    "eval_recall": 0.9228994271164863,
    "eval_precision": 0.9107255025125628,
    "eval_f1": 0.9167720518495099,
    "eval_mcc": 0.832654196385847,
    "eval_acc": 0.9162890531838779,
    "eval_threshold": 0.5
}