{
    "eval_recall": 0.9410092395167022,
    "eval_precision": 0.822360248447205,
    "eval_f1": 0.8776930725886644,
    "eval_mcc": 0.7455403822787224,
    "eval_acc": 0.8688699360341151,
    "eval_threshold": 0.5
}