{
    "eval_recall": 0.8987262148136499,
    "eval_precision": 0.8619259482693613,
    "eval_f1": 0.8799414912044343,
    "eval_mcc": 0.7566547760047219,
    "eval_acc": 0.87796384693638,
    "eval_threshold": 0.5
}