{
    "eval_recall": 0.9687568756875687,
    "eval_precision": 0.9255833508513769,
    "eval_f1": 0.9466781337346807,
    "eval_mcc": 0.8918398141714382,
    "eval_acc": 0.9454345434543454,
    "eval_threshold": 0.5
}