{
    "eval_recall": 0.958513758904875,
    "eval_precision": 0.9226838779077585,
    "eval_f1": 0.9402576048232393,
    "eval_mcc": 0.8789367924500815,
    "eval_acc": 0.9391358972569275,
    "eval_threshold": 0.5
}