{
    "eval_recall": 0.9441329727590528,
    "eval_precision": 0.9088831036891232,
    "eval_f1": 0.926172759624717,
    "eval_mcc": 0.8501218316111684,
    "eval_acc": 0.924741112063848,
    "eval_threshold": 0.5
}