{
    "eval_recall": 0.9577170506405674,
    "eval_precision": 0.9252098162116222,
    "eval_f1": 0.9411828276551483,
    "eval_mcc": 0.8808429685575968,
    "eval_acc": 0.9401495573761478,
    "eval_threshold": 0.5
}