{
    "eval_recall": 0.9478266238577426,
    "eval_precision": 0.9000879507475813,
    "eval_f1": 0.92334065140898,
    "eval_mcc": 0.8437677688224714,
    "eval_acc": 0.9212907210128146,
    "eval_threshold": 0.5
}