{
    "eval_recall": 0.9871287128712871,
    "eval_precision": 0.9372258199289744,
    "eval_f1": 0.9615302186026575,
    "eval_mcc": 0.922320448199511,
    "eval_acc": 0.9605060506050606,
    "eval_threshold": 0.5
}