{
    "eval_recall": 0.7915485228208177,
    "eval_precision": 0.8267099732518151,
    "eval_f1": 0.8087472548011776,
    "eval_mcc": 0.6261954655042993,
    "eval_acc": 0.8128144150736303,
    "eval_threshold": 0.5
}