{
    "eval_recall": 0.9471011147021964,
    "eval_precision": 0.9176252556237219,
    "eval_f1": 0.9321302216884677,
    "eval_mcc": 0.8625254362941034,
    "eval_acc": 0.9310401688542972,
    "eval_threshold": 0.5
}