{
    "eval_recall": 0.9585119715058373,
    "eval_precision": 0.9116687578419072,
    "eval_f1": 0.9345037137069547,
    "eval_mcc": 0.8667870634511785,
    "eval_acc": 0.9328210540201833,
    "eval_threshold": 0.5
}