{
    "eval_recall": 0.9019416119569772,
    "eval_precision": 0.8584153150757777,
    "eval_f1": 0.8796403514746952,
    "eval_mcc": 0.7543096455141571,
    "eval_acc": 0.8766664340057234,
    "eval_threshold": 0.5
}