{
    "eval_recall": 0.7952781163790338,
    "eval_precision": 0.8298855191805583,
    "eval_f1": 0.8122133403223691,
    "eval_mcc": 0.6328081192980454,
    "eval_acc": 0.8161288253031372,
    "eval_threshold": 0.5
}