{
    "eval_recall": 0.9701997169366252,
    "eval_precision": 0.9236469795643386,
    "eval_f1": 0.9463511907044522,
    "eval_mcc": 0.891669198378517,
    "eval_acc": 0.9452617575710149,
    "eval_threshold": 0.5
}