{
    "eval_recall": 0.7030153366259423,
    "eval_precision": 0.6249566724436741,
    "eval_f1": 0.661691846596122,
    "eval_mcc": 0.28334703737639444,
    "eval_acc": 0.6405640759033012,
    "eval_threshold": 0.5
}