{
    "eval_recall": 0.6622043150506889,
    "eval_precision": 0.6323693682512102,
    "eval_f1": 0.6469430512348422,
    "eval_mcc": 0.27753806999639036,
    "eval_acc": 0.638614504808942,
    "eval_threshold": 0.5
}