{
    "eval_recall": 0.9836531627576404,
    "eval_precision": 0.841337386018237,
    "eval_f1": 0.9069462647444299,
    "eval_mcc": 0.8098219602814652,
    "eval_acc": 0.8990760483297797,
    "eval_threshold": 0.5
}