{
    "eval_recall": 0.9872724343483165,
    "eval_precision": 0.9908909610305611,
    "eval_f1": 0.9890783881207296,
    "eval_mcc": 0.9782031821591833,
    "eval_acc": 0.9890983298426508,
    "eval_threshold": 0.5
}