{
    "eval_recall": 0.975006375924509,
    "eval_precision": 0.7751419302514193,
    "eval_f1": 0.8636620354682029,
    "eval_mcc": 0.7163937938289723,
    "eval_acc": 0.8460851823514409,
    "eval_threshold": 0.5
}