{
    "eval_recall": 0.9902127893550338,
    "eval_precision": 0.9650608220352607,
    "eval_f1": 0.9774750325662179,
    "eval_mcc": 0.9546873009571949,
    "eval_acc": 0.9771815032715676,
    "eval_threshold": 0.5
}