{
    "eval_recall": 0.9445287250181387,
    "eval_precision": 0.9000628535512256,
    "eval_f1": 0.9217598403656143,
    "eval_mcc": 0.8406809127893766,
    "eval_acc": 0.9198271881801992,
    "eval_threshold": 0.5
}