{
    "eval_recall": 0.9867380770211681,
    "eval_precision": 0.7722554890219561,
    "eval_f1": 0.8664203336692419,
    "eval_mcc": 0.724233948516322,
    "eval_acc": 0.847870441213976,
    "eval_threshold": 0.5
}