{
    "eval_recall": 0.9708599857853589,
    "eval_precision": 0.849502487562189,
    "eval_f1": 0.9061359867330017,
    "eval_mcc": 0.8071414211058948,
    "eval_acc": 0.8994314143567875,
    "eval_threshold": 0.5
}