{
    "eval_recall": 0.7309963099630996,
    "eval_precision": 0.7042303590472805,
    "eval_f1": 0.7173637515842839,
    "eval_mcc": 0.4242918082933366,
    "eval_acc": 0.7119926199261992,
    "eval_threshold": 0.5
}