{
    "eval_recall": 0.9656087922943937,
    "eval_precision": 0.9383775351014041,
    "eval_f1": 0.9517984297973343,
    "eval_mcc": 0.9025566005924872,
    "eval_acc": 0.9510884668828161,
    "eval_threshold": 0.5
}