{
    "eval_recall": 0.7841149676012061,
    "eval_precision": 0.8344370860927153,
    "eval_f1": 0.8084937487596745,
    "eval_mcc": 0.629682688590117,
    "eval_acc": 0.8142683005068326,
    "eval_threshold": 0.5
}