{
    "eval_recall": 0.9147925687945244,
    "eval_precision": 0.8611439842209073,
    "eval_f1": 0.8871579517745868,
    "eval_mcc": 0.768932769630273,
    "eval_acc": 0.8837160605849096,
    "eval_threshold": 0.5
}