{
    "eval_recall": 0.5952029520295203,
    "eval_precision": 0.7639119109637699,
    "eval_f1": 0.6690863839054237,
    "eval_mcc": 0.42166636534440405,
    "eval_acc": 0.7056273062730627,
    "eval_threshold": 0.5
}