{
    "eval_recall": 0.9205009404101105,
    "eval_precision": 0.8589529557810025,
    "eval_f1": 0.8886625332152347,
    "eval_mcc": 0.771274031203915,
    "eval_acc": 0.884647150591906,
    "eval_threshold": 0.5
}