{
    "eval_recall": 0.9596312334124878,
    "eval_precision": 0.934312525499796,
    "eval_f1": 0.9468026460859978,
    "eval_mcc": 0.8925606021317833,
    "eval_acc": 0.9461157255531514,
    "eval_threshold": 0.5
}