{
    "eval_recall": 0.6619926199261993,
    "eval_precision": 0.708251085669167,
    "eval_f1": 0.6843410261300782,
    "eval_mcc": 0.3901319089677921,
    "eval_acc": 0.6946494464944649,
    "eval_threshold": 0.5
}