{
    "eval_recall": 0.9725907901381938,
    "eval_precision": 0.9232110171707487,
    "eval_f1": 0.9472578084825721,
    "eval_mcc": 0.8930367954262239,
    "eval_acc": 0.9458783582260766,
    "eval_threshold": 0.5
}