{
    "eval_recall": 0.6352088278693784,
    "eval_precision": 0.8871863799283154,
    "eval_f1": 0.7403447115564363,
    "eval_mcc": 0.5782494348011563,
    "eval_acc": 0.7772181946493874,
    "eval_threshold": 0.5
}