{
    "eval_recall": 0.898365316275764,
    "eval_precision": 0.8299409061063691,
    "eval_f1": 0.8627986348122867,
    "eval_mcc": 0.7167257189575266,
    "eval_acc": 0.8571428571428571,
    "eval_threshold": 0.5
}