{
    "eval_recall": 0.9590724961586814,
    "eval_precision": 0.9340225819616379,
    "eval_f1": 0.9463818056512749,
    "eval_mcc": 0.8917159981947689,
    "eval_acc": 0.945696935855378,
    "eval_threshold": 0.5
}