{
    "eval_recall": 0.6975212658922528,
    "eval_precision": 0.8996107113365578,
    "eval_f1": 0.7857805255023184,
    "eval_mcc": 0.6359370635601429,
    "eval_acc": 0.8098417634683984,
    "eval_threshold": 0.5
}