{
    "eval_recall": 0.9228942589747171,
    "eval_precision": 0.8861319742489271,
    "eval_f1": 0.9041395826205952,
    "eval_mcc": 0.8051224708473914,
    "eval_acc": 0.902212605569903,
    "eval_threshold": 0.5
}