{
    "eval_recall": 0.9734761540423361,
    "eval_precision": 0.7791385997142274,
    "eval_f1": 0.8655328798185941,
    "eval_mcc": 0.7202918152825555,
    "eval_acc": 0.8487630706452436,
    "eval_threshold": 0.5
}