{
    "eval_recall": 0.9906526639907627,
    "eval_precision": 0.9515183522577237,
    "eval_f1": 0.9706912343084962,
    "eval_mcc": 0.9409732310881639,
    "eval_acc": 0.9700885247704404,
    "eval_threshold": 0.5
}