{
    "eval_recall": 0.6475047521190161,
    "eval_precision": 0.7199782413186961,
    "eval_f1": 0.669733501073381,
    "eval_mcc": 0.9661736133729613,
    "eval_acc": 0.968745824725845
}