{
    "eval_recall": 0.298655219725399,
    "eval_precision": 0.4363803701780146,
    "eval_f1": 0.3370066605877809,
    "eval_mcc": 0.5824229261939305,
    "eval_acc": 0.6059584476675813
}