{
    "eval_recall": 0.9695150115473441,
    "eval_precision": 0.9411350243402511,
    "eval_f1": 0.9551142457828192,
    "eval_mcc": 0.909306888343786,
    "eval_acc": 0.954446496899327,
    "eval_threshold": 0.5
}