{
    "eval_recall": 0.9672844799155729,
    "eval_precision": 0.9593118335840911,
    "eval_f1": 0.9632816605359958,
    "eval_mcc": 0.9262901520739872,
    "eval_acc": 0.9631290811951718,
    "eval_threshold": 0.5
}