{
    "eval_recall": 0.9576756530241654,
    "eval_precision": 0.9077187872368595,
    "eval_f1": 0.9320282762370854,
    "eval_mcc": 0.8617124898133321,
    "eval_acc": 0.9302017170377609,
    "eval_threshold": 0.5
}