{
    "eval_recall": 0.28497323800900676,
    "eval_precision": 0.4060802519772152,
    "eval_f1": 0.3087113077431605,
    "eval_mcc": 0.6200330880491052,
    "eval_acc": 0.6392709238713635
}