{
    "eval_recall": 0.9740525239817581,
    "eval_precision": 0.9374195989405978,
    "eval_f1": 0.955385030655921,
    "eval_mcc": 0.9101639624168709,
    "eval_acc": 0.9547304170905392,
    "eval_threshold": 0.5
}