{
    "eval_recall": 0.9317697228144989,
    "eval_precision": 0.8318527918781726,
    "eval_f1": 0.8789808917197452,
    "eval_mcc": 0.7488472781878718,
    "eval_acc": 0.8717128642501777,
    "eval_threshold": 0.5
}