{
    "eval_recall": 0.9261069981841039,
    "eval_precision": 0.8850620744893872,
    "eval_f1": 0.9051194539249147,
    "eval_mcc": 0.8068332835660292,
    "eval_acc": 0.9029803866824876,
    "eval_threshold": 0.5
}