{
    "eval_recall": 0.9659175104964188,
    "eval_precision": 0.9433757462461557,
    "eval_f1": 0.9545135605113029,
    "eval_mcc": 0.9081792727944236,
    "eval_acc": 0.9539601667438629,
    "eval_threshold": 0.5
}