{
    "eval_recall": 0.9591130680924673,
    "eval_precision": 0.9006202008269344,
    "eval_f1": 0.9289467671921406,
    "eval_mcc": 0.8558095245338824,
    "eval_acc": 0.926989592299867,
    "eval_threshold": 0.5
}