{
    "eval_recall": 0.9717508942492892,
    "eval_precision": 0.9364504154145307,
    "eval_f1": 0.9537741369221767,
    "eval_mcc": 0.9064499995708841,
    "eval_acc": 0.952902870769513,
    "eval_threshold": 0.5
}