{
    "eval_recall": 0.7268877911079746,
    "eval_precision": 0.8352377441946185,
    "eval_f1": 0.777305159165752,
    "eval_mcc": 0.5884715312402541,
    "eval_acc": 0.791749534868801,
    "eval_threshold": 0.5
}