{
    "eval_recall": 0.9353914704010184,
    "eval_precision": 0.9164328032429061,
    "eval_f1": 0.9258150889903922,
    "eval_mcc": 0.850410831220018,
    "eval_acc": 0.9251132840448366,
    "eval_threshold": 0.5
}