{
    "eval_recall": 0.9910375542970253,
    "eval_precision": 0.9513855898653999,
    "eval_f1": 0.9708068512334375,
    "eval_mcc": 0.9412148182202014,
    "eval_acc": 0.9701984934293726,
    "eval_threshold": 0.5
}