{
    "eval_recall": 0.992467146863144,
    "eval_precision": 0.9506504450413441,
    "eval_f1": 0.9711088395114865,
    "eval_mcc": 0.9418584708917203,
    "eval_acc": 0.9704734150767031,
    "eval_threshold": 0.5
}