{
    "eval_recall": 0.3581946922799593,
    "eval_precision": 0.47184012044444923,
    "eval_f1": 0.37715083379710335,
    "eval_mcc": 0.6074393390326197,
    "eval_acc": 0.631959852086635
}