{
    "eval_recall": 0.9657323730446351,
    "eval_precision": 0.9422612120669591,
    "eval_f1": 0.9538524274484041,
    "eval_mcc": 0.9068148747013752,
    "eval_acc": 0.9532669542075801,
    "eval_threshold": 0.5
}