{
    "eval_recall": 0.9020247004269777,
    "eval_precision": 0.8227386934673366,
    "eval_f1": 0.8605593394800815,
    "eval_mcc": 0.7111705197293612,
    "eval_acc": 0.8539243352375708,
    "eval_threshold": 0.5
}