{
    "eval_recall": 0.9790869676103034,
    "eval_precision": 0.7774402592142567,
    "eval_f1": 0.866689242578169,
    "eval_mcc": 0.7235636052233161,
    "eval_acc": 0.8494006630961489,
    "eval_threshold": 0.5
}