{
    "eval_recall": 0.9230616958099637,
    "eval_precision": 0.8966158184848096,
    "eval_f1": 0.9096465845173456,
    "eval_mcc": 0.8170208538316752,
    "eval_acc": 0.9083322338039319,
    "eval_threshold": 0.5
}