{
    "eval_recall": 0.30083811076215505,
    "eval_precision": 0.40340633932368203,
    "eval_f1": 0.3231133661819384,
    "eval_mcc": 0.6424044439705835,
    "eval_acc": 0.6714868600910595
}