{
    "eval_recall": 0.9420882527537762,
    "eval_precision": 0.920592974540767,
    "eval_f1": 0.9312165862563568,
    "eval_mcc": 0.8610618769778052,
    "eval_acc": 0.9304135611107447,
    "eval_threshold": 0.5
}