{
    "eval_recall": 0.9732662368296902,
    "eval_precision": 0.9396492826235482,
    "eval_f1": 0.9561623730253757,
    "eval_mcc": 0.9117734358016247,
    "eval_acc": 0.9555912043195868,
    "eval_threshold": 0.5
}