{
    "eval_recall": 0.1857696361495728,
    "eval_precision": 0.19857056688374278,
    "eval_f1": 0.18090587189726648,
    "eval_mcc": 0.6181894255806873,
    "eval_acc": 0.6388344440088854
}