{
    "eval_recall": 0.2725284112788485,
    "eval_precision": 0.36138637535222906,
    "eval_f1": 0.2848687615843706,
    "eval_mcc": 0.7194275756608467,
    "eval_acc": 0.7428571428571429
}