{
    "eval_recall": 0.5920197556537562,
    "eval_precision": 0.6448187995469988,
    "eval_f1": 0.6172923160319826,
    "eval_mcc": 0.26681746171189324,
    "eval_acc": 0.6329607486353003,
    "eval_threshold": 0.5
}