{
    "eval_recall": 0.977070531046501,
    "eval_precision": 0.9259854839410665,
    "eval_f1": 0.9508423518911079,
    "eval_mcc": 0.9003439209618092,
    "eval_acc": 0.9494863798954416,
    "eval_threshold": 0.5
}