{
    "eval_recall": 0.9642362256680963,
    "eval_precision": 0.9196928692806344,
    "eval_f1": 0.9414379590258987,
    "eval_mcc": 0.881098069487059,
    "eval_acc": 0.9400316664467608,
    "eval_threshold": 0.5
}