{
    "eval_recall": 0.29954283165883855,
    "eval_precision": 0.41709316047697204,
    "eval_f1": 0.3201309698679519,
    "eval_mcc": 0.6308034330908058,
    "eval_acc": 0.660796127503991
}