{
    "eval_recall": 0.28360875091412735,
    "eval_precision": 0.4134507005337949,
    "eval_f1": 0.30988342612876746,
    "eval_mcc": 0.8282411672376951,
    "eval_acc": 0.8424718867138692
}