{
    "eval_recall": 0.9549128498377962,
    "eval_precision": 0.9104109876284336,
    "eval_f1": 0.9321310683519846,
    "eval_mcc": 0.8619750305007949,
    "eval_acc": 0.9304723153901138,
    "eval_threshold": 0.5
}