{
    "eval_recall": 0.7190158236531602,
    "eval_precision": 0.8899581116268539,
    "eval_f1": 0.7954062531619954,
    "eval_mcc": 0.6420662942544658,
    "eval_acc": 0.815055337052959,
    "eval_threshold": 0.5
}