{
    "eval_recall": 0.9635423941891326,
    "eval_precision": 0.9275245394648379,
    "eval_f1": 0.9451904631405864,
    "eval_mcc": 0.8889950807688042,
    "eval_acc": 0.9441613736302087,
    "eval_threshold": 0.5
}