{
    "eval_recall": 0.9768796733795129,
    "eval_precision": 0.9512216911600483,
    "eval_f1": 0.9638799619789075,
    "eval_mcc": 0.9271058711654236,
    "eval_acc": 0.9633844177296503,
    "eval_threshold": 0.5
}