{
    "eval_recall": 0.7222511047569534,
    "eval_precision": 0.6301167932872208,
    "eval_f1": 0.6730454793193241,
    "eval_mcc": 0.3015250427011139,
    "eval_acc": 0.649142188718482,
    "eval_threshold": 0.5
}