{
    "eval_recall": 0.9458147676639084,
    "eval_precision": 0.9161464354527938,
    "eval_f1": 0.9307442352112125,
    "eval_mcc": 0.8598228190151331,
    "eval_acc": 0.9296843946259639,
    "eval_threshold": 0.5
}