{
    "eval_recall": 0.9133724662936806,
    "eval_precision": 0.850499615680246,
    "eval_f1": 0.8808154961967097,
    "eval_mcc": 0.7548858184463694,
    "eval_acc": 0.8764101623406402,
    "eval_threshold": 0.5
}