{
    "eval_recall": 0.7952986371535717,
    "eval_precision": 0.8202830188679245,
    "eval_f1": 0.8075976408303535,
    "eval_mcc": 0.6213437986506678,
    "eval_acc": 0.8105277599926827,
    "eval_threshold": 0.5
}