{
    "eval_recall": 0.7340785027293996,
    "eval_precision": 0.6497929130234699,
    "eval_f1": 0.6893689735139753,
    "eval_mcc": 0.34132916520311346,
    "eval_acc": 0.6692227709903821,
    "eval_threshold": 0.5
}