{
    "eval_recall": 0.5914544171424906,
    "eval_precision": 0.9282118405155054,
    "eval_f1": 0.7225204749402407,
    "eval_mcc": 0.5856111279075626,
    "eval_acc": 0.7728555847821903,
    "eval_threshold": 0.5
}