{
    "eval_recall": 0.9555438295626938,
    "eval_precision": 0.9191675655098027,
    "eval_f1": 0.9370027811913849,
    "eval_mcc": 0.8721957166751001,
    "eval_acc": 0.9357562166084031,
    "eval_threshold": 0.5
}