{
    "eval_recall": 0.7567913655904144,
    "eval_precision": 0.8900602409638554,
    "eval_f1": 0.8180335162390627,
    "eval_mcc": 0.6708757581038658,
    "eval_acc": 0.8316564529406384,
    "eval_threshold": 0.5
}