{
    "eval_recall": 0.6940473095918898,
    "eval_precision": 0.6675,
    "eval_f1": 0.6805148464381292,
    "eval_mcc": 0.3485991767508958,
    "eval_acc": 0.6741616844294255,
    "eval_threshold": 0.5
}