{
    "eval_recall": 0.9559346126510305,
    "eval_precision": 0.8790849673202614,
    "eval_f1": 0.9159005788219272,
    "eval_mcc": 0.8276176842571553,
    "eval_acc": 0.912224591329069,
    "eval_threshold": 0.5
}