{
    "eval_recall": 0.9462215393211343,
    "eval_precision": 0.895676318921063,
    "eval_f1": 0.9202554000815106,
    "eval_mcc": 0.8374521498775485,
    "eval_acc": 0.9180568158023312,
    "eval_threshold": 0.5
}