{
    "eval_recall": 0.9615119959631175,
    "eval_precision": 0.9140066282923426,
    "eval_f1": 0.9371576758847331,
    "eval_mcc": 0.8721974388900413,
    "eval_acc": 0.9355097733321097,
    "eval_threshold": 0.5
}