{
    "eval_recall": 0.6362977771862597,
    "eval_precision": 0.7153676959251817,
    "eval_f1": 0.6591949601318308,
    "eval_mcc": 0.9626810581612335,
    "eval_acc": 0.9655186589790234
}