{
    "eval_recall": 0.9580947059645202,
    "eval_precision": 0.9334512792596625,
    "eval_f1": 0.9456124629489212,
    "eval_mcc": 0.8901699600588949,
    "eval_acc": 0.9449291547427934,
    "eval_threshold": 0.5
}