{
    "eval_recall": 0.781180811808118,
    "eval_precision": 0.6494861175026845,
    "eval_f1": 0.7092721333445012,
    "eval_mcc": 0.3672224429639342,
    "eval_acc": 0.6797970479704797,
    "eval_threshold": 0.5
}