{
    "eval_recall": 0.7395373017936054,
    "eval_precision": 0.6114334837739093,
    "eval_f1": 0.6694117647058823,
    "eval_mcc": 0.2756792128440356,
    "eval_acc": 0.6347803483233688,
    "eval_threshold": 0.5
}