{
    "eval_recall": 0.9407738510965219,
    "eval_precision": 0.907926664869237,
    "eval_f1": 0.9240584482403786,
    "eval_mcc": 0.8460231760193159,
    "eval_acc": 0.9227333007608013,
    "eval_threshold": 0.5
}