{
    "eval_recall": 0.31901375545180694,
    "eval_precision": 0.4228791929116296,
    "eval_f1": 0.34153165507015515,
    "eval_mcc": 0.8568837406163473,
    "eval_acc": 0.8681713997923797
}