{
    "eval_recall": 0.9729921819474058,
    "eval_precision": 0.8409090909090909,
    "eval_f1": 0.9021416803953872,
    "eval_mcc": 0.7988282849597623,
    "eval_acc": 0.894456289978678,
    "eval_threshold": 0.5
}