{
    "eval_recall": 0.941751641290683,
    "eval_precision": 0.8883910923705363,
    "eval_f1": 0.9142934635204774,
    "eval_mcc": 0.8250441472951305,
    "eval_acc": 0.9117749703357297,
    "eval_threshold": 0.5
}