{
    "eval_recall": 0.920820883786759,
    "eval_precision": 0.8617365710080942,
    "eval_f1": 0.8902995286604836,
    "eval_mcc": 0.7760368619262765,
    "eval_acc": 0.8870803662258393,
    "eval_threshold": 0.5
}