{
    "eval_recall": 0.9637526652452025,
    "eval_precision": 0.8659003831417624,
    "eval_f1": 0.912209889001009,
    "eval_mcc": 0.8197500391774959,
    "eval_acc": 0.9072494669509595,
    "eval_threshold": 0.5
}