{
    "eval_recall": 0.9616204690831557,
    "eval_precision": 0.8634333120612636,
    "eval_f1": 0.9098856758574311,
    "eval_mcc": 0.8148093409685223,
    "eval_acc": 0.9047619047619048,
    "eval_threshold": 0.5
}