{
    "eval_recall": 0.9334689613460164,
    "eval_precision": 0.9115167785234899,
    "eval_f1": 0.9223622731717918,
    "eval_mcc": 0.8430993195777357,
    "eval_acc": 0.92142739319294,
    "eval_threshold": 0.5
}