{
    "eval_recall": 0.9540808303192326,
    "eval_precision": 0.9050496009547252,
    "eval_f1": 0.9289186602870814,
    "eval_mcc": 0.8559620067708441,
    "eval_acc": 0.9273417325299319,
    "eval_threshold": 0.5
}