{
    "eval_recall": 0.9696505993369039,
    "eval_precision": 0.7802175251385184,
    "eval_f1": 0.864680463952695,
    "eval_mcc": 0.7179900001992969,
    "eval_acc": 0.8482529966845193,
    "eval_threshold": 0.5
}