{
    "eval_recall": 0.6613203310451017,
    "eval_precision": 0.8652732309242005,
    "eval_f1": 0.7496727272727273,
    "eval_mcc": 0.5745383158552495,
    "eval_acc": 0.77917495348688,
    "eval_threshold": 0.5
}