{
    "eval_recall": 0.9005346752634062,
    "eval_precision": 0.8474287828338882,
    "eval_f1": 0.8731750085769832,
    "eval_mcc": 0.7411646338934256,
    "eval_acc": 0.8698254949526567,
    "eval_threshold": 0.5
}