{
    "eval_recall": 0.9736972091874537,
    "eval_precision": 0.9476593954690223,
    "eval_f1": 0.9605018728872918,
    "eval_mcc": 0.9202482890183024,
    "eval_acc": 0.9599505944109927,
    "eval_threshold": 0.5
}