{
    "eval_recall": 0.8505442239092655,
    "eval_precision": 0.8338414634146342,
    "eval_f1": 0.842110029431741,
    "eval_mcc": 0.6811940258379331,
    "eval_acc": 0.840528674654715,
    "eval_threshold": 0.5
}