{
    "eval_recall": 0.9786262821545567,
    "eval_precision": 0.981366794119231,
    "eval_f1": 0.9799946222102717,
    "eval_mcc": 0.9600488537475105,
    "eval_acc": 0.9800225551796359,
    "eval_threshold": 0.5
}