{
    "eval_recall": 0.8003292783316565,
    "eval_precision": 0.8617293677368525,
    "eval_f1": 0.8298951960923792,
    "eval_mcc": 0.6736228533315604,
    "eval_acc": 0.8359553644928199,
    "eval_threshold": 0.5
}