{
    "eval_recall": 0.945273631840796,
    "eval_precision": 0.8307307932542161,
    "eval_f1": 0.8843085106382979,
    "eval_mcc": 0.7599235329000277,
    "eval_acc": 0.8763326226012793,
    "eval_threshold": 0.5
}