{
    "eval_recall": 0.9744024955273177,
    "eval_precision": 0.9295435648330489,
    "eval_f1": 0.9514445688689809,
    "eval_mcc": 0.9015729453204404,
    "eval_acc": 0.9502615398733596,
    "eval_threshold": 0.5
}