{
    "eval_recall": 0.9546929125199318,
    "eval_precision": 0.9129291760870708,
    "eval_f1": 0.9333440842874805,
    "eval_mcc": 0.8645439888787505,
    "eval_acc": 0.9318194314620333,
    "eval_threshold": 0.5
}