{
    "eval_recall": 0.6745364727016103,
    "eval_precision": 0.860392798690671,
    "eval_f1": 0.7562124644873592,
    "eval_mcc": 0.5787503476010271,
    "eval_acc": 0.782543144928466,
    "eval_threshold": 0.5
}