{
    "eval_recall": 0.7887130705204427,
    "eval_precision": 0.8593781144110025,
    "eval_f1": 0.8225306433919969,
    "eval_mcc": 0.6618957449650702,
    "eval_acc": 0.8298271288758804,
    "eval_threshold": 0.5
}