{
    "eval_recall": 0.8545687368517333,
    "eval_precision": 0.7723402496486732,
    "eval_f1": 0.8113764654798089,
    "eval_mcc": 0.60611581010185,
    "eval_acc": 0.8013354065672734,
    "eval_threshold": 0.5
}