{
    "eval_recall": 0.9868037609281355,
    "eval_precision": 0.9462722767056838,
    "eval_f1": 0.9661130998842623,
    "eval_mcc": 0.9316297279051206,
    "eval_acc": 0.9653873646010886,
    "eval_threshold": 0.5
}