{
    "eval_recall": 0.7335589499679869,
    "eval_precision": 0.89349376114082,
    "eval_f1": 0.805665779295796,
    "eval_mcc": 0.6567238821316785,
    "eval_acc": 0.8230586298362755,
    "eval_threshold": 0.5
}