{
    "eval_recall": 0.6188490408673895,
    "eval_precision": 0.908542902891589,
    "eval_f1": 0.736223477331705,
    "eval_mcc": 0.5872035964508654,
    "eval_acc": 0.7782767691024571,
    "eval_threshold": 0.5
}