{
    "eval_recall": 0.95260350800022,
    "eval_precision": 0.919830103530661,
    "eval_f1": 0.9359299875749554,
    "eval_mcc": 0.8701296545642077,
    "eval_acc": 0.9347885852532029,
    "eval_threshold": 0.5
}