{
    "eval_recall": 0.9822316986496091,
    "eval_precision": 0.8365617433414043,
    "eval_f1": 0.903563255966002,
    "eval_mcc": 0.8025954654941312,
    "eval_acc": 0.8951670220326937,
    "eval_threshold": 0.5
}