{
    "eval_recall": 0.904338255526002,
    "eval_precision": 0.8560142379650129,
    "eval_f1": 0.8795129674642643,
    "eval_mcc": 0.753425650591126,
    "eval_acc": 0.8761120792442447,
    "eval_threshold": 0.5
}