{
    "eval_recall": 0.9662946060372793,
    "eval_precision": 0.9321098971040628,
    "eval_f1": 0.9488944682918927,
    "eval_mcc": 0.8965177854672414,
    "eval_acc": 0.9479573321603343,
    "eval_threshold": 0.5
}