{
    "eval_recall": 0.914001421464108,
    "eval_precision": 0.8302130406714009,
    "eval_f1": 0.8700947225981055,
    "eval_mcc": 0.7308103040900414,
    "eval_acc": 0.8635394456289979,
    "eval_threshold": 0.5
}