{
    "eval_recall": 0.9552140360134556,
    "eval_precision": 0.9145563624881592,
    "eval_f1": 0.934443153955349,
    "eval_mcc": 0.8668289043585798,
    "eval_acc": 0.9329859507948024,
    "eval_threshold": 0.5
}