{
    "eval_recall": 0.8991781828198889,
    "eval_precision": 0.8235912531539108,
    "eval_f1": 0.8597265204890148,
    "eval_mcc": 0.7097544732755118,
    "eval_acc": 0.8533737123454241,
    "eval_threshold": 0.5
}