{
    "eval_recall": 0.962005866741165,
    "eval_precision": 0.9025029484995414,
    "eval_f1": 0.9313049357674104,
    "eval_mcc": 0.8600444949036528,
    "eval_acc": 0.929084944510365,
    "eval_threshold": 0.5
}