{
    "eval_recall": 0.9859841936280563,
    "eval_precision": 0.9495183731716018,
    "eval_f1": 0.9674077664021324,
    "eval_mcc": 0.9342384501359868,
    "eval_acc": 0.96677474139262,
    "eval_threshold": 0.5
}