{
    "eval_recall": 0.22996609145378577,
    "eval_precision": 0.3265717640528975,
    "eval_f1": 0.24667426577403445,
    "eval_mcc": 0.6027676084161399,
    "eval_acc": 0.6228125552385041
}