{
    "eval_recall": 0.9630835549848665,
    "eval_precision": 0.9092916522341531,
    "eval_f1": 0.9354149035677697,
    "eval_mcc": 0.8685301977144315,
    "eval_acc": 0.9335045400348528,
    "eval_threshold": 0.5
}