{
    "eval_recall": 0.9381328723141517,
    "eval_precision": 0.9121142994357065,
    "eval_f1": 0.9249406464966213,
    "eval_mcc": 0.8480515823431021,
    "eval_acc": 0.923853635942566,
    "eval_threshold": 0.5
}