{
    "eval_recall": 0.6727319989602287,
    "eval_precision": 0.6279267257066602,
    "eval_f1": 0.6495576331806487,
    "eval_mcc": 0.27481017789400514,
    "eval_acc": 0.6370548479334547,
    "eval_threshold": 0.5
}