{
    "eval_recall": 0.727705112960761,
    "eval_precision": 0.8784365684001325,
    "eval_f1": 0.7959979989994997,
    "eval_mcc": 0.6364402862935952,
    "eval_acc": 0.8135004115979145,
    "eval_threshold": 0.5
}