{
    "eval_recall": 0.3673792931614978,
    "eval_precision": 0.50180621221976,
    "eval_f1": 0.39620586520816403,
    "eval_mcc": 0.8737736561724976,
    "eval_acc": 0.8837018079409619
}