{
    "eval_recall": 0.9654235613731785,
    "eval_precision": 0.9354472031109782,
    "eval_f1": 0.9501990216037192,
    "eval_mcc": 0.8992416243647673,
    "eval_acc": 0.9493901497606917,
    "eval_threshold": 0.5
}