{
    "eval_recall": 0.24355575045918834,
    "eval_precision": 0.34657297284477795,
    "eval_f1": 0.26164042992244924,
    "eval_mcc": 0.6360830441397051,
    "eval_acc": 0.6672219908371512
}