{
    "eval_recall": 0.9680541045801947,
    "eval_precision": 0.9346995115735826,
    "eval_f1": 0.9510844610107232,
    "eval_mcc": 0.9009972302073173,
    "eval_acc": 0.9502116896684445,
    "eval_threshold": 0.5
}