{
    "eval_recall": 0.8403000091466203,
    "eval_precision": 0.8388422205989774,
    "eval_f1": 0.8395704820653415,
    "eval_mcc": 0.6788631855668014,
    "eval_acc": 0.8394310802158602,
    "eval_threshold": 0.5
}