{
    "eval_recall": 0.29213374241052475,
    "eval_precision": 0.4088043112330166,
    "eval_f1": 0.311069159959205,
    "eval_mcc": 0.6312172205917453,
    "eval_acc": 0.6609197178021525
}