{
    "eval_recall": 0.9300181589607487,
    "eval_precision": 0.8904640898756185,
    "eval_f1": 0.9098114238863076,
    "eval_mcc": 0.8165425001367447,
    "eval_acc": 0.9078662664898444,
    "eval_threshold": 0.5
}