{
    "eval_recall": 0.9646208940479131,
    "eval_precision": 0.9349491322561341,
    "eval_f1": 0.9495532729593388,
    "eval_mcc": 0.8979352053458243,
    "eval_acc": 0.9487417014049714,
    "eval_threshold": 0.5
}