{
    "eval_recall": 0.9792717600660369,
    "eval_precision": 0.9392979678015307,
    "eval_f1": 0.9588684328693309,
    "eval_mcc": 0.9168170285421546,
    "eval_acc": 0.9579932128771897,
    "eval_threshold": 0.5
}