{
    "eval_recall": 0.9275196109913298,
    "eval_precision": 0.8395200132868295,
    "eval_f1": 0.881328596647996,
    "eval_mcc": 0.7543121369481741,
    "eval_acc": 0.8750802973295403,
    "eval_threshold": 0.5
}