{
    "eval_recall": 0.9143857415658816,
    "eval_precision": 0.8715304110420142,
    "eval_f1": 0.8924438922109186,
    "eval_mcc": 0.7807437415789407,
    "eval_acc": 0.8898958581763257,
    "eval_threshold": 0.5
}