{
    "eval_recall": 0.9773017087477684,
    "eval_precision": 0.8325005431240495,
    "eval_f1": 0.8991083998122946,
    "eval_mcc": 0.7927520397601129,
    "eval_acc": 0.8903340984442745,
    "eval_threshold": 0.5
}