{
    "eval_recall": 0.8821000640263422,
    "eval_precision": 0.7571641673863547,
    "eval_f1": 0.8148711449091677,
    "eval_mcc": 0.6075225762870345,
    "eval_acc": 0.7995975487057532,
    "eval_threshold": 0.5
}