{
    "eval_recall": 0.7234317343173432,
    "eval_precision": 0.7223655121591747,
    "eval_f1": 0.7228982300884956,
    "eval_mcc": 0.4453879390402436,
    "eval_acc": 0.7226937269372694,
    "eval_threshold": 0.5
}