{
    "eval_recall": 0.9688812052358607,
    "eval_precision": 0.9251812982725075,
    "eval_f1": 0.9465271285098169,
    "eval_mcc": 0.8914992314467871,
    "eval_acc": 0.945252431681334,
    "eval_threshold": 0.5
}