{
    "eval_recall": 0.7413284132841328,
    "eval_precision": 0.6775716694772344,
    "eval_f1": 0.7080176211453744,
    "eval_mcc": 0.39029256138195073,
    "eval_acc": 0.694280442804428,
    "eval_threshold": 0.5
}