{
    "eval_recall": 0.600372104959261,
    "eval_precision": 0.9235172209612158,
    "eval_f1": 0.7276827371695178,
    "eval_mcc": 0.5878099091405232,
    "eval_acc": 0.7753255918393533,
    "eval_threshold": 0.5
}