{
    "eval_recall": 0.9018160139411171,
    "eval_precision": 0.8542942786393849,
    "eval_f1": 0.8774121583937534,
    "eval_mcc": 0.7491651242037157,
    "eval_acc": 0.8740025681005228,
    "eval_threshold": 0.5
}