{
    "eval_recall": 0.9723388490985428,
    "eval_precision": 0.9437852091573774,
    "eval_f1": 0.9578492792409221,
    "eval_mcc": 0.9148232171784699,
    "eval_acc": 0.9572024085224641,
    "eval_threshold": 0.5
}