{
    "eval_recall": 0.9397704041515962,
    "eval_precision": 0.8752837788355914,
    "eval_f1": 0.9063815265612559,
    "eval_mcc": 0.809031907989465,
    "eval_acc": 0.9033961968855153,
    "eval_threshold": 0.5
}