{
    "eval_recall": 0.9218430570844472,
    "eval_precision": 0.8379073756432247,
    "eval_f1": 0.8778734556345938,
    "eval_mcc": 0.7485790561391028,
    "eval_acc": 0.8723687299475702,
    "eval_threshold": 0.5
}