{
    "eval_recall": 0.8987288727475904,
    "eval_precision": 0.8964748502159676,
    "eval_f1": 0.8976004464285714,
    "eval_mcc": 0.7950749938172021,
    "eval_acc": 0.897536120611433,
    "eval_threshold": 0.5
}