{
    "eval_recall": 0.7582531842994541,
    "eval_precision": 0.6362050163576881,
    "eval_f1": 0.691888045540797,
    "eval_mcc": 0.3308128778260842,
    "eval_acc": 0.6623342864569794,
    "eval_threshold": 0.5
}