{
    "eval_recall": 0.9803621525121142,
    "eval_precision": 0.8316745997403722,
    "eval_f1": 0.8999180615708766,
    "eval_mcc": 0.794747634777128,
    "eval_acc": 0.8909716908951798,
    "eval_threshold": 0.5
}