{
    "eval_recall": 0.6013776969066805,
    "eval_precision": 0.64613880742913,
    "eval_f1": 0.6229552339279704,
    "eval_mcc": 0.27268524746231343,
    "eval_acc": 0.6360150766831297,
    "eval_threshold": 0.5
}