{
    "eval_recall": 0.7538745387453875,
    "eval_precision": 0.705699481865285,
    "eval_f1": 0.7289919714540589,
    "eval_mcc": 0.44051102898190475,
    "eval_acc": 0.7197416974169741,
    "eval_threshold": 0.5
}