{
    "eval_recall": 0.964804896710023,
    "eval_precision": 0.7954163162321278,
    "eval_f1": 0.8719603549613922,
    "eval_mcc": 0.7334785809097999,
    "eval_acc": 0.8583269574088243,
    "eval_threshold": 0.5
}