{
    "eval_recall": 0.640533778148457,
    "eval_precision": 0.8933428775948461,
    "eval_f1": 0.746104696782872,
    "eval_mcc": 0.5881000290306091,
    "eval_acc": 0.7820298967087957,
    "eval_threshold": 0.5
}