{
    "eval_recall": 0.9846977811782709,
    "eval_precision": 0.7757685352622061,
    "eval_f1": 0.8678354686446392,
    "eval_mcc": 0.7269360641710519,
    "eval_acc": 0.8500382555470544,
    "eval_threshold": 0.5
}