{
    "eval_recall": 0.9187037295711692,
    "eval_precision": 0.8490833978827782,
    "eval_f1": 0.8825226434082523,
    "eval_mcc": 0.7581282207919285,
    "eval_acc": 0.8777832065331193,
    "eval_threshold": 0.5
}