{
    "eval_recall": 0.9604692680438663,
    "eval_precision": 0.7772961816305469,
    "eval_f1": 0.8592288386949577,
    "eval_mcc": 0.7051433332885836,
    "eval_acc": 0.8426421831165519,
    "eval_threshold": 0.5
}