{
    "eval_recall": 0.6364277923910951,
    "eval_precision": 0.8931304582695597,
    "eval_f1": 0.7432381808646137,
    "eval_mcc": 0.5849568740367013,
    "eval_acc": 0.7801372938987617,
    "eval_threshold": 0.5
}