{
    "eval_recall": 0.9709257842387146,
    "eval_precision": 0.7775735294117647,
    "eval_f1": 0.8635590336849269,
    "eval_mcc": 0.7156692816281187,
    "eval_acc": 0.8465952563121653,
    "eval_threshold": 0.5
}