{
    "eval_recall": 0.9567155362225445,
    "eval_precision": 0.9615696011226859,
    "eval_f1": 0.9591364272639173,
    "eval_mcc": 0.9184908394615945,
    "eval_acc": 0.9592395682294184,
    "eval_threshold": 0.5
}