{
    "eval_recall": 0.7322589030413309,
    "eval_precision": 0.6558025840996392,
    "eval_f1": 0.6919250844335277,
    "eval_mcc": 0.3503223751836071,
    "eval_acc": 0.6739667273199896,
    "eval_threshold": 0.5
}