{
    "eval_recall": 0.7610187977160454,
    "eval_precision": 0.8443906605922551,
    "eval_f1": 0.8005399021427365,
    "eval_mcc": 0.6238219336975281,
    "eval_acc": 0.8103868608455764,
    "eval_threshold": 0.5
}