{
    "eval_recall": 0.7029177718832891,
    "eval_precision": 0.9026309607704956,
    "eval_f1": 0.7903532678562246,
    "eval_mcc": 0.6430293916598401,
    "eval_acc": 0.8135461446995336,
    "eval_threshold": 0.5
}