{
    "eval_recall": 0.28861391460070784,
    "eval_precision": 0.40816395179261367,
    "eval_f1": 0.31290174934097126,
    "eval_mcc": 0.6407364448469635,
    "eval_acc": 0.660812753168692
}