{
    "eval_recall": 0.990429735737219,
    "eval_precision": 0.9627295642779978,
    "eval_f1": 0.9763832247854403,
    "eval_mcc": 0.9524707911041028,
    "eval_acc": 0.9760382893314806,
    "eval_threshold": 0.5
}