{
    "eval_recall": 0.9782198458877182,
    "eval_precision": 0.924294205052006,
    "eval_f1": 0.9504927801971121,
    "eval_mcc": 0.9001272713663623,
    "eval_acc": 0.9492918068706472,
    "eval_threshold": 0.5
}