{
    "eval_recall": 0.8288667337418824,
    "eval_precision": 0.8534563948012809,
    "eval_f1": 0.8409818569903948,
    "eval_mcc": 0.6868304575471078,
    "eval_acc": 0.8432726607518521,
    "eval_threshold": 0.5
}