{
    "eval_recall": 0.33518646371554883,
    "eval_precision": 0.4667600327495823,
    "eval_f1": 0.35781011491150977,
    "eval_mcc": 0.6106347364244309,
    "eval_acc": 0.6346011621764395
}