{
    "eval_recall": 0.8875625545199944,
    "eval_precision": 0.8358699411968177,
    "eval_f1": 0.8609410140506357,
    "eval_mcc": 0.7148233128202112,
    "eval_acc": 0.8567233349393167,
    "eval_threshold": 0.5
}