{
    "eval_recall": 0.9606730451996041,
    "eval_precision": 0.9351875642343268,
    "eval_f1": 0.9477590079093839,
    "eval_mcc": 0.8944479460710391,
    "eval_acc": 0.9470576593218103,
    "eval_threshold": 0.5
}