{
    "eval_recall": 0.9631233412487777,
    "eval_precision": 0.9410399890814795,
    "eval_f1": 0.9519536103824382,
    "eval_mcc": 0.9030905631324629,
    "eval_acc": 0.9514203950582816,
    "eval_threshold": 0.5
}