{
    "eval_recall": 0.9533012334278742,
    "eval_precision": 0.9152681907415616,
    "eval_f1": 0.9338976479710519,
    "eval_mcc": 0.8657963025064511,
    "eval_acc": 0.932524239825869,
    "eval_threshold": 0.5
}