{
    "eval_recall": 0.8881918819188191,
    "eval_precision": 0.5884366214399218,
    "eval_f1": 0.7078891257995736,
    "eval_mcc": 0.3102459823352208,
    "eval_acc": 0.6334870848708487,
    "eval_threshold": 0.5
}