{
    "eval_recall": 0.24892341535477838,
    "eval_precision": 0.3412298013009499,
    "eval_f1": 0.26681135616461327,
    "eval_mcc": 0.617703221733024,
    "eval_acc": 0.6374333981465115
}