{
    "eval_recall": 0.8978262863432083,
    "eval_precision": 0.8310199923596078,
    "eval_f1": 0.8631323707704177,
    "eval_mcc": 0.7175843676341459,
    "eval_acc": 0.8576309272677245,
    "eval_threshold": 0.5
}