{
    "eval_recall": 0.7494065567460063,
    "eval_precision": 0.8454690214244355,
    "eval_f1": 0.7945447743427542,
    "eval_mcc": 0.616425258177308,
    "eval_acc": 0.8062167190607558,
    "eval_threshold": 0.5
}