{
    "eval_recall": 0.9749960685642397,
    "eval_precision": 0.9273801510732181,
    "eval_f1": 0.9505922036107172,
    "eval_mcc": 0.9003293857543224,
    "eval_acc": 0.9495656937162532,
    "eval_threshold": 0.5
}