{
    "eval_recall": 0.9751243781094527,
    "eval_precision": 0.8474366893143916,
    "eval_f1": 0.9068076668869796,
    "eval_mcc": 0.808807454657229,
    "eval_acc": 0.8997867803837953,
    "eval_threshold": 0.5
}