{
    "eval_recall": 0.6797047970479705,
    "eval_precision": 0.7521437321355655,
    "eval_f1": 0.7140918782709826,
    "eval_mcc": 0.4578479132540662,
    "eval_acc": 0.727859778597786,
    "eval_threshold": 0.5
}