{
    "eval_recall": 0.9304135870419877,
    "eval_precision": 0.8858362030244048,
    "eval_f1": 0.9075778493633992,
    "eval_mcc": 0.8124692486054451,
    "eval_acc": 0.9057046717270522,
    "eval_threshold": 0.5
}