{
    "eval_recall": 0.9226963920585713,
    "eval_precision": 0.9037989404315803,
    "eval_f1": 0.9131499069812983,
    "eval_mcc": 0.8246641571956006,
    "eval_acc": 0.9122419365477211,
    "eval_threshold": 0.5
}