{
    "eval_recall": 0.5858728427535767,
    "eval_precision": 0.9295602605863192,
    "eval_f1": 0.7187438510881113,
    "eval_mcc": 0.5827728757958187,
    "eval_acc": 0.7707384358760505,
    "eval_threshold": 0.5
}