{
    "eval_recall": 0.9482047616429318,
    "eval_precision": 0.9174824430729942,
    "eval_f1": 0.9325906497579969,
    "eval_mcc": 0.8634082618057972,
    "eval_acc": 0.9314620333205037,
    "eval_threshold": 0.5
}