{
    "eval_recall": 0.9632630255622293,
    "eval_precision": 0.9416905639765124,
    "eval_f1": 0.952354647148184,
    "eval_mcc": 0.9039166250570871,
    "eval_acc": 0.951839184756055,
    "eval_threshold": 0.5
}