{
    "eval_recall": 0.9246736908318918,
    "eval_precision": 0.8662983425414365,
    "eval_f1": 0.8945346670216408,
    "eval_mcc": 0.7848336857650186,
    "eval_acc": 0.8915016824477658,
    "eval_threshold": 0.5
}