{
    "eval_recall": 0.9653582902640033,
    "eval_precision": 0.9404000544291741,
    "eval_f1": 0.9527157430383236,
    "eval_mcc": 0.9045565314643579,
    "eval_acc": 0.952118377887904,
    "eval_threshold": 0.5
}