{
    "eval_recall": 0.9249506858112757,
    "eval_precision": 0.8560692905362374,
    "eval_f1": 0.8891779855353676,
    "eval_mcc": 0.7718857708847909,
    "eval_acc": 0.8846930347802148,
    "eval_threshold": 0.5
}