{
    "eval_recall": 0.9538289031066552,
    "eval_precision": 0.9121932757206838,
    "eval_f1": 0.9325465918617399,
    "eval_mcc": 0.8629137113955726,
    "eval_acc": 0.9310071894993734,
    "eval_threshold": 0.5
}