{
    "eval_recall": 0.9722310630171865,
    "eval_precision": 0.9588793847602606,
    "eval_f1": 0.9655090672039826,
    "eval_mcc": 0.9306894758280718,
    "eval_acc": 0.9652993083710947,
    "eval_threshold": 0.5
}