{
    "eval_recall": 0.9681519765330353,
    "eval_precision": 0.934348881100027,
    "eval_f1": 0.9509501269122591,
    "eval_mcc": 0.9007796081048942,
    "eval_acc": 0.950094227681999,
    "eval_threshold": 0.5
}