{
    "eval_recall": 0.28300528385370505,
    "eval_precision": 0.4340578145224135,
    "eval_f1": 0.30846711241874686,
    "eval_mcc": 0.6120208470551587,
    "eval_acc": 0.6323687305076947
}