{
    "eval_recall": 0.3711306578128121,
    "eval_precision": 0.47710536148002175,
    "eval_f1": 0.39062315935958136,
    "eval_mcc": 0.8356948241986918,
    "eval_acc": 0.8433457743238407
}