{
    "eval_recall": 0.9841936280563102,
    "eval_precision": 0.961225351263342,
    "eval_f1": 0.9725739040239177,
    "eval_mcc": 0.9447500455931277,
    "eval_acc": 0.9722402346765477,
    "eval_threshold": 0.5
}