{
    "eval_recall": 0.3190642870366434,
    "eval_precision": 0.43044845847793156,
    "eval_f1": 0.3368407653457496,
    "eval_mcc": 0.6081573219656615,
    "eval_acc": 0.6319070258848389
}