{
    "eval_recall": 0.3232742946953228,
    "eval_precision": 0.44752142004778184,
    "eval_f1": 0.34708426125480535,
    "eval_mcc": 0.8262124573569587,
    "eval_acc": 0.8400296013073911
}