{
    "eval_recall": 0.9712218902343136,
    "eval_precision": 0.9401019864525458,
    "eval_f1": 0.9554085934176432,
    "eval_mcc": 0.9102799672848265,
    "eval_acc": 0.954886923859457,
    "eval_threshold": 0.5
}