{
    "eval_recall": 0.9908726013086271,
    "eval_precision": 0.9654969193678007,
    "eval_f1": 0.9780201888635623,
    "eval_mcc": 0.9557928668258333,
    "eval_acc": 0.9777313465662286,
    "eval_threshold": 0.5
}