{
    "eval_recall": 0.9794279427942795,
    "eval_precision": 0.9359756097560976,
    "eval_f1": 0.9572089022685734,
    "eval_mcc": 0.9134160929017077,
    "eval_acc": 0.9562156215621562,
    "eval_threshold": 0.5
}