{
    "eval_recall": 0.9627992876459337,
    "eval_precision": 0.921178846396567,
    "eval_f1": 0.9415293320863032,
    "eval_mcc": 0.8813168732170317,
    "eval_acc": 0.9402084295231186,
    "eval_threshold": 0.5
}