{
    "eval_recall": 0.6898381048202689,
    "eval_precision": 0.899356069639876,
    "eval_f1": 0.7807857549562606,
    "eval_mcc": 0.6299742063449298,
    "eval_acc": 0.8063203146437391,
    "eval_threshold": 0.5
}