{
    "eval_recall": 0.9620894047913064,
    "eval_precision": 0.934789129521867,
    "eval_f1": 0.9482428115015975,
    "eval_mcc": 0.8953327718990927,
    "eval_acc": 0.9474756831866605,
    "eval_threshold": 0.5
}