{
    "eval_recall": 0.9722009691405253,
    "eval_precision": 0.7781179832618902,
    "eval_f1": 0.8643990929705214,
    "eval_mcc": 0.717658207182802,
    "eval_acc": 0.8474878857434328,
    "eval_threshold": 0.5
}