{
    "eval_recall": 0.2952649820888501,
    "eval_precision": 0.39270318161266676,
    "eval_f1": 0.3166299928572366,
    "eval_mcc": 0.6426269487424463,
    "eval_acc": 0.6715279704827388
}