{
    "eval_recall": 0.9223608181234523,
    "eval_precision": 0.8581363597576585,
    "eval_f1": 0.8890902661126336,
    "eval_mcc": 0.7720451113578818,
    "eval_acc": 0.8849399247913419,
    "eval_threshold": 0.5
}