{
    "eval_recall": 0.3302996905224184,
    "eval_precision": 0.48511439666557504,
    "eval_f1": 0.35300311373976734,
    "eval_mcc": 0.8251977532761361,
    "eval_acc": 0.8399000416493128
}