{
    "eval_recall": 0.3502988920080501,
    "eval_precision": 0.47600049949584144,
    "eval_f1": 0.3751655515502273,
    "eval_mcc": 0.8712387720282888,
    "eval_acc": 0.8813583711058349
}