{
    "eval_recall": 0.27136253169036306,
    "eval_precision": 0.28980216195363695,
    "eval_f1": 0.2620423188113766,
    "eval_mcc": 0.6067529628848094,
    "eval_acc": 0.6257988649726469
}