{
    "eval_recall": 0.9679440670140492,
    "eval_precision": 0.9421545968156138,
    "eval_f1": 0.9548752318053162,
    "eval_mcc": 0.9088558241356403,
    "eval_acc": 0.9542576347206648,
    "eval_threshold": 0.5
}