{
    "eval_recall": 0.9813336851131191,
    "eval_precision": 0.9337266223170578,
    "eval_f1": 0.9569384145360991,
    "eval_mcc": 0.9128685974050232,
    "eval_acc": 0.9558406437570082,
    "eval_threshold": 0.5
}