{
    "eval_recall": 0.9706483741178022,
    "eval_precision": 0.946975546975547,
    "eval_f1": 0.9586658415035341,
    "eval_mcc": 0.9165848369379672,
    "eval_acc": 0.9581491986016754,
    "eval_threshold": 0.5
}