{
    "eval_recall": 0.9330869633590188,
    "eval_precision": 0.8464336661911555,
    "eval_f1": 0.8876505348193583,
    "eval_mcc": 0.7690340194448627,
    "eval_acc": 0.8824634165427655,
    "eval_threshold": 0.5
}