{
    "eval_recall": 0.2174371545765541,
    "eval_precision": 0.2267785367190463,
    "eval_f1": 0.20813862823205012,
    "eval_mcc": 0.6082102564387746,
    "eval_acc": 0.6361627560406582
}