{
    "eval_recall": 0.9813823004335629,
    "eval_precision": 0.8457142857142858,
    "eval_f1": 0.9085113918073429,
    "eval_mcc": 0.8128737640570708,
    "eval_acc": 0.9011731701096659,
    "eval_threshold": 0.5
}