{
    "eval_recall": 0.9561336393777098,
    "eval_precision": 0.7802289281997918,
    "eval_f1": 0.8592711437084575,
    "eval_mcc": 0.7049645223009612,
    "eval_acc": 0.8434072940576384,
    "eval_threshold": 0.5
}