{
    "eval_recall": 0.7878360171938154,
    "eval_precision": 0.8285540786721544,
    "eval_f1": 0.8076821888976584,
    "eval_mcc": 0.6255714122143614,
    "eval_acc": 0.812407775710528,
    "eval_threshold": 0.5
}