{
    "eval_recall": 0.9523809523809523,
    "eval_precision": 0.8769633507853403,
    "eval_f1": 0.9131175468483815,
    "eval_mcc": 0.8218079111176784,
    "eval_acc": 0.9093816631130064,
    "eval_threshold": 0.5
}