{
    "eval_recall": 0.9826249518887117,
    "eval_precision": 0.922659920491507,
    "eval_f1": 0.9516987964639472,
    "eval_mcc": 0.9021657680287664,
    "eval_acc": 0.9501292131742454,
    "eval_threshold": 0.5
}