{
    "eval_recall": 0.682154943748285,
    "eval_precision": 0.9300411522633745,
    "eval_f1": 0.7870409455466442,
    "eval_mcc": 0.6545190225548712,
    "eval_acc": 0.8154212018659105,
    "eval_threshold": 0.5
}