{
    "eval_recall": 0.3055538355910253,
    "eval_precision": 0.4041222464765786,
    "eval_f1": 0.3248968984696033,
    "eval_mcc": 0.6408877764051254,
    "eval_acc": 0.669914387609328
}