{
    "eval_recall": 0.7814204144479374,
    "eval_precision": 0.8336755646817249,
    "eval_f1": 0.8067026525813823,
    "eval_mcc": 0.6267536860720713,
    "eval_acc": 0.8127606338615513,
    "eval_threshold": 0.5
}