{
    "eval_recall": 0.9579089751750477,
    "eval_precision": 0.9463134727244144,
    "eval_f1": 0.9520759193357058,
    "eval_mcc": 0.9037176231891259,
    "eval_acc": 0.9518244693536847,
    "eval_threshold": 0.5
}