{
    "eval_recall": 0.7878228782287823,
    "eval_precision": 0.6962334909505952,
    "eval_f1": 0.7392019388903315,
    "eval_mcc": 0.4479891633858889,
    "eval_acc": 0.7220479704797048,
    "eval_threshold": 0.5
}