{
    "eval_recall": 0.9744136460554371,
    "eval_precision": 0.8364856619890177,
    "eval_f1": 0.9001969796454367,
    "eval_mcc": 0.7948169174161246,
    "eval_acc": 0.8919687277896233,
    "eval_threshold": 0.5
}