{
    "eval_recall": 0.2866950126344228,
    "eval_precision": 0.39201766304422647,
    "eval_f1": 0.30071598214422485,
    "eval_mcc": 0.8115230852414353,
    "eval_acc": 0.8205853387540719
}