{
    "eval_recall": 0.9615868138008101,
    "eval_precision": 0.9397952218430035,
    "eval_f1": 0.9505661419497377,
    "eval_mcc": 0.900292023528755,
    "eval_acc": 0.9500244293990368,
    "eval_threshold": 0.5
}