{
    "eval_recall": 0.9898278990487711,
    "eval_precision": 0.9624164661855119,
    "eval_f1": 0.9759297408652281,
    "eval_mcc": 0.9515599548509536,
    "eval_acc": 0.9755869577170506,
    "eval_threshold": 0.5
}