{
    "eval_recall": 0.9334801069350527,
    "eval_precision": 0.8629788471323689,
    "eval_f1": 0.8968460812086875,
    "eval_mcc": 0.7889782533835378,
    "eval_acc": 0.8931450035214022,
    "eval_threshold": 0.5
}