{
    "eval_recall": 0.9378422962718574,
    "eval_precision": 0.9178559896674201,
    "eval_f1": 0.9277415143603134,
    "eval_mcc": 0.8541415757771769,
    "eval_acc": 0.9269692571579364,
    "eval_threshold": 0.5
}