{
    "eval_recall": 0.7382375877306993,
    "eval_precision": 0.6621590114245745,
    "eval_f1": 0.6981317600786628,
    "eval_mcc": 0.36399091893884666,
    "eval_acc": 0.680790226150247,
    "eval_threshold": 0.5
}