{
    "eval_recall": 0.9790869676103034,
    "eval_precision": 0.7858751279426817,
    "eval_f1": 0.8719055189643424,
    "eval_mcc": 0.7348741813792586,
    "eval_acc": 0.856159143075746,
    "eval_threshold": 0.5
}