{
    "eval_recall": 0.7925194071983063,
    "eval_precision": 0.82107012296444,
    "eval_f1": 0.8065421781143902,
    "eval_mcc": 0.6201864381372818,
    "eval_acc": 0.8099056906396356,
    "eval_threshold": 0.5
}