{
    "eval_recall": 0.9606160616061606,
    "eval_precision": 0.9421157684630739,
    "eval_f1": 0.9512759757060762,
    "eval_mcc": 0.9017690420151854,
    "eval_acc": 0.9507975797579759,
    "eval_threshold": 0.5
}