{
    "eval_recall": 0.9841877072175466,
    "eval_precision": 0.8270467209601372,
    "eval_f1": 0.8988005124024688,
    "eval_mcc": 0.7928151036946186,
    "eval_acc": 0.8891864320326447,
    "eval_threshold": 0.5
}