{
    "eval_recall": 0.9010850762698538,
    "eval_precision": 0.8461936055526841,
    "eval_f1": 0.8727771219679373,
    "eval_mcc": 0.7401732348923739,
    "eval_acc": 0.8692777212614445,
    "eval_threshold": 0.5
}