{
    "eval_recall": 0.962005866741165,
    "eval_precision": 0.9461464486880066,
    "eval_f1": 0.9540102507272475,
    "eval_mcc": 0.9074361458136035,
    "eval_acc": 0.9536539401130733,
    "eval_threshold": 0.5
}