{
    "eval_recall": 0.9918623192390169,
    "eval_precision": 0.9642398973701091,
    "eval_f1": 0.9778560780593577,
    "eval_mcc": 0.9554699322845905,
    "eval_acc": 0.9775389014130973,
    "eval_threshold": 0.5
}