{
    "eval_recall": 0.976545842217484,
    "eval_precision": 0.8566084788029925,
    "eval_f1": 0.912653603454002,
    "eval_mcc": 0.821166374411325,
    "eval_acc": 0.9065387348969438,
    "eval_threshold": 0.5
}