{
    "eval_recall": 0.6477774889524305,
    "eval_precision": 0.6370957433209766,
    "eval_f1": 0.642392214990011,
    "eval_mcc": 0.27882785978603447,
    "eval_acc": 0.6393943332466857,
    "eval_threshold": 0.5
}