{
    "eval_recall": 0.945048160039516,
    "eval_precision": 0.9172409660214538,
    "eval_f1": 0.9309369583067237,
    "eval_mcc": 0.8601444909279965,
    "eval_acc": 0.9298749421028254,
    "eval_threshold": 0.5
}