{
    "eval_recall": 0.9533012334278742,
    "eval_precision": 0.922276817050603,
    "eval_f1": 0.9375324338349766,
    "eval_mcc": 0.8734578577486221,
    "eval_acc": 0.9364817624167271,
    "eval_threshold": 0.5
}