{
    "eval_recall": 0.31920316033445867,
    "eval_precision": 0.4369129779538055,
    "eval_f1": 0.34451178109249386,
    "eval_mcc": 0.6527602252011103,
    "eval_acc": 0.6809001493382769
}