{
    "eval_recall": 0.22999227266442485,
    "eval_precision": 0.31632575929973095,
    "eval_f1": 0.2414204976410436,
    "eval_mcc": 0.6215777658308993,
    "eval_acc": 0.6536234902124115
}