{
    "eval_recall": 0.9184243609442659,
    "eval_precision": 0.8462033462033463,
    "eval_f1": 0.8808359568624824,
    "eval_mcc": 0.7544198281220277,
    "eval_acc": 0.8758288546101766,
    "eval_threshold": 0.5
}