{
    "eval_recall": 0.9275053304904051,
    "eval_precision": 0.8338658146964856,
    "eval_f1": 0.8781965006729475,
    "eval_mcc": 0.7474426925426673,
    "eval_acc": 0.8713574982231699,
    "eval_threshold": 0.5
}