{
    "eval_recall": 0.9597651869929424,
    "eval_precision": 0.9268152866242039,
    "eval_f1": 0.9430024950584881,
    "eval_mcc": 0.8845378015255583,
    "eval_acc": 0.9419893146890047,
    "eval_threshold": 0.5
}