{
    "eval_recall": 0.6282799769038301,
    "eval_precision": 0.8962203715566944,
    "eval_f1": 0.7387040808629403,
    "eval_mcc": 0.5821527142549613,
    "eval_acc": 0.7777635208827869,
    "eval_threshold": 0.5
}