{
    "eval_recall": 0.799871947315467,
    "eval_precision": 0.8691978928535931,
    "eval_f1": 0.8330951700485854,
    "eval_mcc": 0.6816740917062739,
    "eval_acc": 0.8397512119271929,
    "eval_threshold": 0.5
}