{
    "eval_recall": 0.9679317931793179,
    "eval_precision": 0.9314524666525513,
    "eval_f1": 0.9493418213206732,
    "eval_mcc": 0.8973881465764807,
    "eval_acc": 0.9483498349834983,
    "eval_threshold": 0.5
}