{
    "eval_recall": 0.9831439861694246,
    "eval_precision": 0.9458833313532138,
    "eval_f1": 0.9641537995761429,
    "eval_mcc": 0.9275994132206183,
    "eval_acc": 0.9634398641346302,
    "eval_threshold": 0.5
}