{
    "eval_recall": 0.6704946429717072,
    "eval_precision": 0.8667274838281639,
    "eval_f1": 0.7560860915174534,
    "eval_mcc": 0.5825223370582648,
    "eval_acc": 0.7836979534227241,
    "eval_threshold": 0.5
}