{
    "eval_recall": 0.9517650940283735,
    "eval_precision": 0.9230769230769231,
    "eval_f1": 0.9372015204184401,
    "eval_mcc": 0.8728988533574049,
    "eval_acc": 0.9362382900118749,
    "eval_threshold": 0.5
}