{
    "eval_recall": 0.9225302061122956,
    "eval_precision": 0.8320512820512821,
    "eval_f1": 0.8749578699022582,
    "eval_mcc": 0.7407108187906868,
    "eval_acc": 0.8681592039800995,
    "eval_threshold": 0.5
}