{
    "eval_recall": 0.9658656906429026,
    "eval_precision": 0.9502896508532958,
    "eval_f1": 0.9580143635072212,
    "eval_mcc": 0.9155385004220555,
    "eval_acc": 0.9577072899276572,
    "eval_threshold": 0.5
}