{
    "eval_recall": 0.9489380093850334,
    "eval_precision": 0.9175522388059701,
    "eval_f1": 0.9329812420324167,
    "eval_mcc": 0.8641454799637384,
    "eval_acc": 0.9318202871699861,
    "eval_threshold": 0.5
}