{
    "eval_recall": 0.2777623316832145,
    "eval_precision": 0.3704966616044834,
    "eval_f1": 0.2939780132570032,
    "eval_mcc": 0.6308075589731178,
    "eval_acc": 0.6495543041842378
}