{
    "eval_recall": 0.9921372408863474,
    "eval_precision": 0.9646618551189522,
    "eval_f1": 0.9782066572698688,
    "eval_mcc": 0.9561805130455013,
    "eval_acc": 0.977896299554627,
    "eval_threshold": 0.5
}