{
    "eval_recall": 0.9360607060376114,
    "eval_precision": 0.9054123053357161,
    "eval_f1": 0.9204814586510074,
    "eval_mcc": 0.8387847793099995,
    "eval_acc": 0.9191516031138672,
    "eval_threshold": 0.5
}