{
    "eval_recall": 0.9607310447023957,
    "eval_precision": 0.9239356332759338,
    "eval_f1": 0.9419741501952357,
    "eval_mcc": 0.8823110988435142,
    "eval_acc": 0.9408059286706809,
    "eval_threshold": 0.5
}