{
    "eval_recall": 0.9622128920721166,
    "eval_precision": 0.9444848484848485,
    "eval_f1": 0.9532664546121851,
    "eval_mcc": 0.9057945847102631,
    "eval_acc": 0.9528176624980701,
    "eval_threshold": 0.5
}