{
    "eval_recall": 0.9538948618165028,
    "eval_precision": 0.9166508208151106,
    "eval_f1": 0.934902062188894,
    "eval_mcc": 0.8678758175489852,
    "eval_acc": 0.9335795791834312,
    "eval_threshold": 0.5
}