{
    "eval_recall": 0.9921372408863474,
    "eval_precision": 0.9654360620652755,
    "eval_f1": 0.9786045502616807,
    "eval_mcc": 0.9569834401184268,
    "eval_acc": 0.9783086820256227,
    "eval_threshold": 0.5
}