{
    "eval_recall": 0.8120369523461081,
    "eval_precision": 0.8140473134054649,
    "eval_f1": 0.813040890150648,
    "eval_mcc": 0.6265454027896391,
    "eval_acc": 0.8132717460898198,
    "eval_threshold": 0.5
}