{
    "eval_recall": 0.9278188394401635,
    "eval_precision": 0.859932954379828,
    "eval_f1": 0.8925869894099847,
    "eval_mcc": 0.780248783271239,
    "eval_acc": 0.8888801940683935,
    "eval_threshold": 0.5
}