{
    "eval_recall": 0.905668164725305,
    "eval_precision": 0.8553053269813772,
    "eval_f1": 0.8797665716322166,
    "eval_mcc": 0.753761305812901,
    "eval_acc": 0.8762267265890122,
    "eval_threshold": 0.5
}