{
    "eval_recall": 0.9779673063255153,
    "eval_precision": 0.8462484624846248,
    "eval_f1": 0.9073524563138807,
    "eval_mcc": 0.8101583259215942,
    "eval_acc": 0.9001421464108031,
    "eval_threshold": 0.5
}