{
    "eval_recall": 0.9711808212190768,
    "eval_precision": 0.7771428571428571,
    "eval_f1": 0.863394172996259,
    "eval_mcc": 0.7153365097838749,
    "eval_acc": 0.8463402193318031,
    "eval_threshold": 0.5
}