{
    "eval_recall": 0.9560173997100049,
    "eval_precision": 0.9571482337760094,
    "eval_f1": 0.9565824825362708,
    "eval_mcc": 0.9132168985684836,
    "eval_acc": 0.9566081306052306,
    "eval_threshold": 0.5
}