{
    "eval_recall": 0.9753105834250668,
    "eval_precision": 0.9372119380430676,
    "eval_f1": 0.9558817863060146,
    "eval_mcc": 0.9111608651845824,
    "eval_acc": 0.9551999373972925,
    "eval_threshold": 0.5
}