{
    "eval_recall": 0.9083975467840856,
    "eval_precision": 0.8442706810874013,
    "eval_f1": 0.8751609726535869,
    "eval_mcc": 0.7442921544551803,
    "eval_acc": 0.8710384224117693,
    "eval_threshold": 0.5
}