{
    "eval_recall": 0.733175081798935,
    "eval_precision": 0.8614503241368913,
    "eval_f1": 0.7921533289432641,
    "eval_mcc": 0.6221929241783162,
    "eval_acc": 0.8076281516648489,
    "eval_threshold": 0.5
}