{
    "eval_recall": 0.9321284875667832,
    "eval_precision": 0.9100392813445811,
    "eval_f1": 0.9209514499837081,
    "eval_mcc": 0.8402317256516938,
    "eval_acc": 0.9199920849548183,
    "eval_threshold": 0.5
}