{
    "eval_recall": 0.931275317781813,
    "eval_precision": 0.8774677546722822,
    "eval_f1": 0.9035711865555329,
    "eval_mcc": 0.8028705858906576,
    "eval_acc": 0.9006770433447338,
    "eval_threshold": 0.5
}