{
    "eval_recall": 0.9763208231646989,
    "eval_precision": 0.9572527969992887,
    "eval_f1": 0.9666927899686519,
    "eval_mcc": 0.9329072173687556,
    "eval_acc": 0.966361057977706,
    "eval_threshold": 0.5
}