{
    "eval_recall": 0.5635465451979214,
    "eval_precision": 0.9489035324619207,
    "eval_f1": 0.7071325068426986,
    "eval_mcc": 0.5834821796476913,
    "eval_acc": 0.7666003721049592,
    "eval_threshold": 0.5
}