{
    "eval_recall": 0.9834225962764601,
    "eval_precision": 0.7727454909819639,
    "eval_f1": 0.8654472000897766,
    "eval_mcc": 0.7215444449317419,
    "eval_acc": 0.8471053302728896,
    "eval_threshold": 0.5
}