{
    "eval_recall": 0.46490587103106723,
    "eval_precision": 0.5948501364276441,
    "eval_f1": 0.49304834641025336,
    "eval_mcc": 0.8958441967754495,
    "eval_acc": 0.9040115350944951
}