{
    "eval_recall": 0.32383076360933,
    "eval_precision": 0.4354303564828404,
    "eval_f1": 0.3465347752300744,
    "eval_mcc": 0.6542538787875919,
    "eval_acc": 0.6819403676811371
}