{
    "eval_recall": 0.7029520295202952,
    "eval_precision": 0.6836533285483581,
    "eval_f1": 0.6931683798781043,
    "eval_mcc": 0.37782584468947816,
    "eval_acc": 0.6888376383763838,
    "eval_threshold": 0.5
}