{
    "eval_recall": 0.976545842217484,
    "eval_precision": 0.8625235404896422,
    "eval_f1": 0.9159999999999999,
    "eval_mcc": 0.8281638405969534,
    "eval_acc": 0.9104477611940298,
    "eval_threshold": 0.5
}