{
    "eval_recall": 0.8170911657150189,
    "eval_precision": 0.8163056018459172,
    "eval_f1": 0.8166981948763988,
    "eval_mcc": 0.6332202842305816,
    "eval_acc": 0.8166099955090781,
    "eval_threshold": 0.5
}