{
    "eval_recall": 0.9660993623560714,
    "eval_precision": 0.9197309808716918,
    "eval_f1": 0.9423451238338144,
    "eval_mcc": 0.8828783286830617,
    "eval_acc": 0.9408782233642287,
    "eval_threshold": 0.5
}