{
    "eval_recall": 0.925408576616846,
    "eval_precision": 0.9009927920576636,
    "eval_f1": 0.9130374862183022,
    "eval_mcc": 0.824134325121054,
    "eval_acc": 0.9119145669016542,
    "eval_threshold": 0.5
}