{
    "eval_recall": 0.9696919691969197,
    "eval_precision": 0.9278421052631579,
    "eval_f1": 0.9483055406132329,
    "eval_mcc": 0.895190486858154,
    "eval_acc": 0.9471397139713972,
    "eval_threshold": 0.5
}