{
    "eval_recall": 0.2841851581752424,
    "eval_precision": 0.3911928440501248,
    "eval_f1": 0.3051312064996132,
    "eval_mcc": 0.7984666914527587,
    "eval_acc": 0.8094603423494054
}