{
    "eval_recall": 0.2456078359488362,
    "eval_precision": 0.3467435664872169,
    "eval_f1": 0.26443058617958454,
    "eval_mcc": 0.631228743117801,
    "eval_acc": 0.6607155704932524
}