{
    "eval_recall": 0.9652499037774235,
    "eval_precision": 0.929672191918657,
    "eval_f1": 0.9471270569193417,
    "eval_mcc": 0.8928847791796818,
    "eval_acc": 0.9461153571232199,
    "eval_threshold": 0.5
}