{
    "eval_recall": 0.9236515175342035,
    "eval_precision": 0.8550735187072354,
    "eval_f1": 0.88804052010886,
    "eval_mcc": 0.7707538671208192,
    "eval_acc": 0.8841067376164019,
    "eval_threshold": 0.5
}