{
    "eval_recall": 0.36301642806253026,
    "eval_precision": 0.47592771418798985,
    "eval_f1": 0.3827095164762771,
    "eval_mcc": 0.8276447226256473,
    "eval_acc": 0.8357277979446802
}