{
    "eval_recall": 0.9503491504921098,
    "eval_precision": 0.9103070521936062,
    "eval_f1": 0.9298972400064562,
    "eval_mcc": 0.8575408657140123,
    "eval_acc": 0.9283554187056688,
    "eval_threshold": 0.5
}