{
    "eval_recall": 0.9250664954599651,
    "eval_precision": 0.8552168567431212,
    "eval_f1": 0.8887713964708214,
    "eval_mcc": 0.7710342207920526,
    "eval_acc": 0.8842291112537833,
    "eval_threshold": 0.5
}