{
    "eval_recall": 0.3057536115475855,
    "eval_precision": 0.41331832352848125,
    "eval_f1": 0.32650282382579576,
    "eval_mcc": 0.6386076029757322,
    "eval_acc": 0.6673258149235285
}