{
    "eval_recall": 0.679750454899922,
    "eval_precision": 0.6609376974598762,
    "eval_f1": 0.670212084321138,
    "eval_mcc": 0.33117135393474345,
    "eval_acc": 0.6655185859110996,
    "eval_threshold": 0.5
}