{
    "eval_recall": 0.6599088984410085,
    "eval_precision": 0.8785445848992142,
    "eval_f1": 0.7536911522256824,
    "eval_mcc": 0.5871513056815512,
    "eval_acc": 0.7843395136973118,
    "eval_threshold": 0.5
}