{
    "eval_recall": 0.2876008191311435,
    "eval_precision": 0.3608737212000464,
    "eval_f1": 0.29834775455342555,
    "eval_mcc": 0.7784066966212274,
    "eval_acc": 0.7881114113279968
}