{
    "eval_recall": 0.9126973040927504,
    "eval_precision": 0.8489021696764973,
    "eval_f1": 0.8796445880452343,
    "eval_mcc": 0.7525381470436197,
    "eval_acc": 0.8752006700635164,
    "eval_threshold": 0.5
}