{
    "eval_recall": 0.8324339156681606,
    "eval_precision": 0.8450324976787372,
    "eval_f1": 0.8386858959590839,
    "eval_mcc": 0.6798523847830771,
    "eval_acc": 0.8398884112320497,
    "eval_threshold": 0.5
}