{
    "eval_recall": 0.7430465297634521,
    "eval_precision": 0.6300418778928808,
    "eval_f1": 0.6818940839694657,
    "eval_mcc": 0.31178866805543,
    "eval_acc": 0.6533662594229269,
    "eval_threshold": 0.5
}