{
    "eval_recall": 0.3302628048620276,
    "eval_precision": 0.46198651687571896,
    "eval_f1": 0.3517131819739112,
    "eval_mcc": 0.8472443535307043,
    "eval_acc": 0.8591660757047863
}