{
    "eval_recall": 0.35235607422523635,
    "eval_precision": 0.47022133181799525,
    "eval_f1": 0.3746467515409225,
    "eval_mcc": 0.8096451493833742,
    "eval_acc": 0.8189580244388772
}