{
    "eval_recall": 0.9359484404837684,
    "eval_precision": 0.9289267945984364,
    "eval_f1": 0.9324243985573303,
    "eval_mcc": 0.8644820792803303,
    "eval_acc": 0.9322283170363304,
    "eval_threshold": 0.5
}