{
    "eval_recall": 0.18525316511233378,
    "eval_precision": 0.3236149639813212,
    "eval_f1": 0.20679595749899768,
    "eval_mcc": 0.6138884547621152,
    "eval_acc": 0.6317783875604338
}