{
    "eval_recall": 0.9898278990487711,
    "eval_precision": 0.9581647860336385,
    "eval_f1": 0.973739012846518,
    "eval_mcc": 0.9471274939247138,
    "eval_acc": 0.9733051080442074,
    "eval_threshold": 0.5
}