{
    "eval_recall": 0.9684847928804073,
    "eval_precision": 0.9284897528366611,
    "eval_f1": 0.9480656532770505,
    "eval_mcc": 0.894699652989125,
    "eval_acc": 0.9469349362209782,
    "eval_threshold": 0.5
}