{
    "eval_recall": 0.2394179284106396,
    "eval_precision": 0.3332376523402514,
    "eval_f1": 0.25717155618842835,
    "eval_mcc": 0.6355933742909442,
    "eval_acc": 0.666649312786339
}