{
    "eval_recall": 0.9695386814757794,
    "eval_precision": 0.9385245901639344,
    "eval_f1": 0.9537795807978364,
    "eval_mcc": 0.9065268845778017,
    "eval_acc": 0.9530158904712157,
    "eval_threshold": 0.5
}