{
    "eval_recall": 0.71731219131791,
    "eval_precision": 0.6623859817570812,
    "eval_f1": 0.6887557718707101,
    "eval_mcc": 0.3529180537663436,
    "eval_acc": 0.6758513127112036,
    "eval_threshold": 0.5
}