{
    "eval_recall": 0.9691313237913066,
    "eval_precision": 0.9440981815845274,
    "eval_f1": 0.9564509829449291,
    "eval_mcc": 0.9120679248043967,
    "eval_acc": 0.9558736231119319,
    "eval_threshold": 0.5
}