{
    "eval_recall": 0.9308093133698305,
    "eval_precision": 0.9135163127912999,
    "eval_f1": 0.9220817406645104,
    "eval_mcc": 0.8428395065532132,
    "eval_acc": 0.9213442385066948,
    "eval_threshold": 0.5
}