{
    "eval_recall": 0.9772565742714996,
    "eval_precision": 0.8535071384233396,
    "eval_f1": 0.9111994698475812,
    "eval_mcc": 0.8181692259152256,
    "eval_acc": 0.9047619047619048,
    "eval_threshold": 0.5
}