{
    "eval_recall": 0.8418549346016647,
    "eval_precision": 0.8432432432432433,
    "eval_f1": 0.8425485170267301,
    "eval_mcc": 0.6853571897287225,
    "eval_acc": 0.8426781304308059,
    "eval_threshold": 0.5
}