{
    "eval_recall": 0.3749132961651846,
    "eval_precision": 0.4841527069296063,
    "eval_f1": 0.40178309511068216,
    "eval_mcc": 0.8843741588637702,
    "eval_acc": 0.8934250151603919
}