{
    "eval_recall": 0.8136908962597036,
    "eval_precision": 0.8037389100126743,
    "eval_f1": 0.8086842860330922,
    "eval_mcc": 0.61504682951144,
    "eval_acc": 0.8074998396099313,
    "eval_threshold": 0.5
}