{
    "eval_recall": 0.5840914998700286,
    "eval_precision": 0.643839541547278,
    "eval_f1": 0.6125119258552542,
    "eval_mcc": 0.26211365453583824,
    "eval_acc": 0.6304912919157786,
    "eval_threshold": 0.5
}