{
    "eval_recall": 0.9758351101634684,
    "eval_precision": 0.8522656734947238,
    "eval_f1": 0.9098740888005302,
    "eval_mcc": 0.8152959362719764,
    "eval_acc": 0.9033404406538735,
    "eval_threshold": 0.5
}