{
    "eval_recall": 0.2790470723735599,
    "eval_precision": 0.39521096505562514,
    "eval_f1": 0.3000734619198933,
    "eval_mcc": 0.6315421103461755,
    "eval_acc": 0.6522148177185417
}