{
    "eval_recall": 0.807372175980975,
    "eval_precision": 0.8158794713004899,
    "eval_f1": 0.8116035307098197,
    "eval_mcc": 0.6252054879127368,
    "eval_acc": 0.8125857495655355,
    "eval_threshold": 0.5
}