{
    "eval_recall": 0.9645201843832938,
    "eval_precision": 0.9482285086514693,
    "eval_f1": 0.9563049650301226,
    "eval_mcc": 0.9120499354851207,
    "eval_acc": 0.9559572834508271,
    "eval_threshold": 0.5
}