{
    "eval_recall": 0.307752418037896,
    "eval_precision": 0.45045103903239647,
    "eval_f1": 0.33492950570266306,
    "eval_mcc": 0.6329966045923383,
    "eval_acc": 0.65149036249297
}