{
    "eval_recall": 0.5458799064205875,
    "eval_precision": 0.6488490653483702,
    "eval_f1": 0.592927225241759,
    "eval_mcc": 0.25366949095164276,
    "eval_acc": 0.6252274499610085,
    "eval_threshold": 0.5
}