{
    "eval_recall": 0.7123387908167932,
    "eval_precision": 0.8857045377004436,
    "eval_f1": 0.7896177633580047,
    "eval_mcc": 0.6326531137986755,
    "eval_acc": 0.8102076282813501,
    "eval_threshold": 0.5
}