{
    "eval_recall": 0.775710528004106,
    "eval_precision": 0.8289455642396819,
    "eval_f1": 0.8014450004971332,
    "eval_mcc": 0.6169147035369441,
    "eval_acc": 0.8078206197472253,
    "eval_threshold": 0.5
}