{
    "eval_recall": 0.8999816564248372,
    "eval_precision": 0.8409032479218442,
    "eval_f1": 0.8694400141768562,
    "eval_mcc": 0.7315149921741276,
    "eval_acc": 0.8648537099880766,
    "eval_threshold": 0.5
}