{
    "eval_recall": 0.7129151291512915,
    "eval_precision": 0.6907400786557025,
    "eval_f1": 0.701652442346105,
    "eval_mcc": 0.393929986295353,
    "eval_acc": 0.6968634686346864,
    "eval_threshold": 0.5
}