{
    "eval_recall": 0.2899510188698028,
    "eval_precision": 0.39090504203886783,
    "eval_f1": 0.3082841298618117,
    "eval_mcc": 0.6227050557669476,
    "eval_acc": 0.6531335290179721
}