{
    "eval_recall": 0.9786780383795309,
    "eval_precision": 0.8617021276595744,
    "eval_f1": 0.9164725457570716,
    "eval_mcc": 0.8292828024295302,
    "eval_acc": 0.9108031272210376,
    "eval_threshold": 0.5
}