{
    "eval_recall": 0.9135559020453087,
    "eval_precision": 0.8327480979851183,
    "eval_f1": 0.8712823652904128,
    "eval_mcc": 0.7335360499728419,
    "eval_acc": 0.8650371457397047,
    "eval_threshold": 0.5
}