{
    "eval_recall": 0.9769617864444095,
    "eval_precision": 0.9415018564825339,
    "eval_f1": 0.9589041095890412,
    "eval_mcc": 0.9173175983706447,
    "eval_acc": 0.9583300727756475,
    "eval_threshold": 0.5
}