{
    "eval_recall": 0.8477859778597786,
    "eval_precision": 0.6234735413839891,
    "eval_f1": 0.7185301016419077,
    "eval_mcc": 0.35989259150086783,
    "eval_acc": 0.6678966789667896,
    "eval_threshold": 0.5
}