{
    "eval_recall": 0.2946441798416113,
    "eval_precision": 0.45130994854884676,
    "eval_f1": 0.32326808883441305,
    "eval_mcc": 0.6249833778151138,
    "eval_acc": 0.6440513318676824
}