{
    "eval_recall": 0.9664226607256524,
    "eval_precision": 0.9629747086339491,
    "eval_f1": 0.9646956038282833,
    "eval_mcc": 0.92933276924599,
    "eval_acc": 0.964663327768503,
    "eval_threshold": 0.5
}