{
    "eval_recall": 0.9724560061208876,
    "eval_precision": 0.8382061991646516,
    "eval_f1": 0.9003541912632822,
    "eval_mcc": 0.7950119606079185,
    "eval_acc": 0.8923743942871717,
    "eval_threshold": 0.5
}