{
    "eval_recall": 0.6464944649446495,
    "eval_precision": 0.7135003054367746,
    "eval_f1": 0.6783467234536831,
    "eval_mcc": 0.38861784417067774,
    "eval_acc": 0.693450184501845,
    "eval_threshold": 0.5
}