{
    "eval_recall": 0.9803621525121142,
    "eval_precision": 0.8279129872926987,
    "eval_f1": 0.897711349836525,
    "eval_mcc": 0.7900977682967474,
    "eval_acc": 0.8882938026013772,
    "eval_threshold": 0.5
}