{
    "eval_recall": 0.9606938255887969,
    "eval_precision": 0.9495871018482108,
    "eval_f1": 0.9551081754538623,
    "eval_mcc": 0.9098332321449458,
    "eval_acc": 0.9548851260036569,
    "eval_threshold": 0.5
}