{
    "eval_recall": 0.46448241332856666,
    "eval_precision": 0.6131233577729065,
    "eval_f1": 0.4932100052018631,
    "eval_mcc": 0.8947393608138287,
    "eval_acc": 0.9030022143261754
}