{
    "eval_recall": 0.9688892425206874,
    "eval_precision": 0.9619243226163204,
    "eval_f1": 0.9653942204780591,
    "eval_mcc": 0.9306233547547903,
    "eval_acc": 0.9652993083710947,
    "eval_threshold": 0.5
}