{
    "eval_recall": 0.3622105505724035,
    "eval_precision": 0.4901165114400591,
    "eval_f1": 0.38928725727711494,
    "eval_mcc": 0.8844718606362234,
    "eval_acc": 0.8939504373177842
}