{
    "eval_recall": 0.405308987322627,
    "eval_precision": 0.562020788881854,
    "eval_f1": 0.4327498793455019,
    "eval_mcc": 0.871307869765525,
    "eval_acc": 0.8814357072969772
}