{
    "eval_recall": 0.8730449099057898,
    "eval_precision": 0.8170689950350968,
    "eval_f1": 0.8441300022109219,
    "eval_mcc": 0.6791773238549748,
    "eval_acc": 0.8387908167931949,
    "eval_threshold": 0.5
}