{
    "eval_recall": 0.9228942589747171,
    "eval_precision": 0.8778899813978209,
    "eval_f1": 0.8998297582567245,
    "eval_mcc": 0.7957048465028171,
    "eval_acc": 0.8973267257625462,
    "eval_threshold": 0.5
}