{
    "eval_recall": 0.70886404990902,
    "eval_precision": 0.6182972452102936,
    "eval_f1": 0.6604904632152588,
    "eval_mcc": 0.27420794237458057,
    "eval_acc": 0.6356251624642578,
    "eval_threshold": 0.5
}