{
    "eval_recall": 0.9826574853353737,
    "eval_precision": 0.7853648593558907,
    "eval_f1": 0.8730032853744194,
    "eval_mcc": 0.737761917743669,
    "eval_acc": 0.8570517725070135,
    "eval_threshold": 0.5
}