{
    "eval_recall": 0.924988205692719,
    "eval_precision": 0.8905374716124148,
    "eval_f1": 0.9074359765504474,
    "eval_mcc": 0.8128245634253458,
    "eval_acc": 0.9060959386493466,
    "eval_threshold": 0.5
}