{
    "eval_recall": 0.9867251173129168,
    "eval_precision": 0.9600504625735913,
    "eval_f1": 0.9732050423238536,
    "eval_mcc": 0.9460189126925473,
    "eval_acc": 0.972826926046009,
    "eval_threshold": 0.5
}