{
    "eval_recall": 0.9212926560779997,
    "eval_precision": 0.8659374769048851,
    "eval_f1": 0.8927578193454989,
    "eval_mcc": 0.7813605770321074,
    "eval_acc": 0.8898583613741294,
    "eval_threshold": 0.5
}