{
    "eval_recall": 0.9642948227492987,
    "eval_precision": 0.7779835390946502,
    "eval_f1": 0.8611775424211366,
    "eval_mcc": 0.7097630567091938,
    "eval_acc": 0.844554960469268,
    "eval_threshold": 0.5
}