{
    "eval_recall": 0.97789508413065,
    "eval_precision": 0.9303785548370895,
    "eval_f1": 0.9535452322738386,
    "eval_mcc": 0.9059194999708453,
    "eval_acc": 0.9523683863306505,
    "eval_threshold": 0.5
}