{
    "eval_recall": 0.993016990157805,
    "eval_precision": 0.9621224228863673,
    "eval_f1": 0.9773256128578387,
    "eval_mcc": 0.9544153107684593,
    "eval_acc": 0.9769615659537032,
    "eval_threshold": 0.5
}