{
    "eval_recall": 0.7649318576785877,
    "eval_precision": 0.8976065257056992,
    "eval_f1": 0.8259753086419752,
    "eval_mcc": 0.6851994211216751,
    "eval_acc": 0.8388365498948138,
    "eval_threshold": 0.5
}