{
    "eval_recall": 0.985139172825916,
    "eval_precision": 0.9504627522379002,
    "eval_f1": 0.9674903474903475,
    "eval_mcc": 0.9347367565719409,
    "eval_acc": 0.9670553251428124,
    "eval_threshold": 0.5
}