{
    "eval_recall": 0.9212180472132979,
    "eval_precision": 0.8762955089024714,
    "eval_f1": 0.8981954375212802,
    "eval_mcc": 0.7923502303564344,
    "eval_acc": 0.8956515669714525,
    "eval_threshold": 0.5
}