{
    "eval_recall": 0.6701325708344165,
    "eval_precision": 0.6370150728935013,
    "eval_f1": 0.6531542944008107,
    "eval_mcc": 0.288666949154823,
    "eval_acc": 0.6441382895762933,
    "eval_threshold": 0.5
}