{
    "eval_recall": 0.4640221402214022,
    "eval_precision": 0.7839775561097256,
    "eval_f1": 0.582985628187297,
    "eval_mcc": 0.36822393265320963,
    "eval_acc": 0.6680811808118081,
    "eval_threshold": 0.5
}