{
    "eval_recall": 0.9614471294873586,
    "eval_precision": 0.939787001638449,
    "eval_f1": 0.950493682248153,
    "eval_mcc": 0.9001494781344882,
    "eval_acc": 0.9499546311160746,
    "eval_threshold": 0.5
}