{
    "eval_recall": 0.9221575719452744,
    "eval_precision": 0.8646416986139782,
    "eval_f1": 0.8924739365345103,
    "eval_mcc": 0.7806322948937017,
    "eval_acc": 0.8894279677596056,
    "eval_threshold": 0.5
}