{
    "eval_recall": 0.9863546554704865,
    "eval_precision": 0.9543580859071629,
    "eval_f1": 0.970092606649461,
    "eval_mcc": 0.9396974410603287,
    "eval_acc": 0.9695846842674077,
    "eval_threshold": 0.5
}