{
    "eval_recall": 0.2407390735177952,
    "eval_precision": 0.3309586701429392,
    "eval_f1": 0.25735835500705284,
    "eval_mcc": 0.6399788348942458,
    "eval_acc": 0.6700437317784257
}