{
    "eval_recall": 0.9821706675259116,
    "eval_precision": 0.9851333153784002,
    "eval_f1": 0.983649760662615,
    "eval_mcc": 0.967353066812758,
    "eval_acc": 0.9836743461683046,
    "eval_threshold": 0.5
}