{
    "eval_recall": 0.98652059502712,
    "eval_precision": 0.9904566776298054,
    "eval_f1": 0.9884847180370212,
    "eval_mcc": 0.9770229128589064,
    "eval_acc": 0.9885075989474249,
    "eval_threshold": 0.5
}