{
    "eval_recall": 0.3694837292076363,
    "eval_precision": 0.4968073526053595,
    "eval_f1": 0.4010788437854603,
    "eval_mcc": 0.878899967091905,
    "eval_acc": 0.8883886816112156
}