{
    "eval_recall": 0.8120369523461081,
    "eval_precision": 0.8161426732855305,
    "eval_f1": 0.8140846361927467,
    "eval_mcc": 0.6291125065060711,
    "eval_acc": 0.8145522729351504,
    "eval_threshold": 0.5
}