{
    "eval_recall": 0.9724560061208876,
    "eval_precision": 0.8371020856201976,
    "eval_f1": 0.8997168475696082,
    "eval_mcc": 0.7936623411356489,
    "eval_acc": 0.8916092833460851,
    "eval_threshold": 0.5
}