{
    "eval_recall": 0.8162361623616237,
    "eval_precision": 0.6415313225058005,
    "eval_f1": 0.7184150698278663,
    "eval_mcc": 0.37429388661242835,
    "eval_acc": 0.6800738007380074,
    "eval_threshold": 0.5
}