{
    "eval_recall": 0.9753105834250668,
    "eval_precision": 0.9168452952915959,
    "eval_f1": 0.945174686630853,
    "eval_mcc": 0.8892164307144423,
    "eval_acc": 0.9436966898818374,
    "eval_threshold": 0.5
}