{
    "eval_recall": 0.9289267945984364,
    "eval_precision": 0.8308963763509218,
    "eval_f1": 0.8771812080536914,
    "eval_mcc": 0.7450758337484542,
    "eval_acc": 0.8699360341151386,
    "eval_threshold": 0.5
}