{
    "eval_recall": 0.7784692371848335,
    "eval_precision": 0.8366544852789078,
    "eval_f1": 0.8065137919574609,
    "eval_mcc": 0.628004127901889,
    "eval_acc": 0.8132418040674921,
    "eval_threshold": 0.5
}