{
    "eval_recall": 0.905301293222049,
    "eval_precision": 0.819604749647098,
    "eval_f1": 0.8603242395188704,
    "eval_mcc": 0.7099355417047913,
    "eval_acc": 0.8530221040080712,
    "eval_threshold": 0.5
}