{
    "eval_recall": 0.28551641015740226,
    "eval_precision": 0.42590618790957574,
    "eval_f1": 0.3096552292573769,
    "eval_mcc": 0.6186579325891297,
    "eval_acc": 0.6380949946316273
}