{
    "eval_recall": 0.7822544428049015,
    "eval_precision": 0.8336523998359087,
    "eval_f1": 0.8071360010591467,
    "eval_mcc": 0.6273563193769768,
    "eval_acc": 0.8130814139988451,
    "eval_threshold": 0.5
}