{
    "eval_recall": 0.8140221402214022,
    "eval_precision": 0.6907781431031783,
    "eval_f1": 0.7473532650122808,
    "eval_mcc": 0.4569626702327849,
    "eval_acc": 0.7248154981549816,
    "eval_threshold": 0.5
}