{
    "eval_recall": 0.9562855025932329,
    "eval_precision": 0.9343629343629344,
    "eval_f1": 0.9451971194922495,
    "eval_mcc": 0.8893288114999864,
    "eval_acc": 0.9445422263393546,
    "eval_threshold": 0.5
}