{
    "eval_recall": 0.7139282735613011,
    "eval_precision": 0.8500496524329693,
    "eval_f1": 0.7760652765185857,
    "eval_mcc": 0.5956769795222681,
    "eval_acc": 0.7939949958298582,
    "eval_threshold": 0.5
}