{
    "eval_recall": 0.2847195906917642,
    "eval_precision": 0.3954433343742002,
    "eval_f1": 0.3021229418868324,
    "eval_mcc": 0.7536105500596187,
    "eval_acc": 0.7732622079697409
}