{
    "eval_recall": 0.2553772483114135,
    "eval_precision": 0.35981571183990635,
    "eval_f1": 0.2734726090934959,
    "eval_mcc": 0.6466587700324437,
    "eval_acc": 0.6766034985422741
}