{
    "eval_recall": 0.9280105575717585,
    "eval_precision": 0.8968815764300746,
    "eval_f1": 0.9121805681670775,
    "eval_mcc": 0.821844645296155,
    "eval_acc": 0.9106742314289484,
    "eval_threshold": 0.5
}