{
    "eval_recall": 0.7175276752767528,
    "eval_precision": 0.7273237329343557,
    "eval_f1": 0.7223924955883719,
    "eval_mcc": 0.44856467282509893,
    "eval_acc": 0.7242619926199262,
    "eval_threshold": 0.5
}