{
    "eval_recall": 0.9869931140015302,
    "eval_precision": 0.8274534958306606,
    "eval_f1": 0.9002093510118632,
    "eval_mcc": 0.7961161877182988,
    "eval_acc": 0.8905891354246366,
    "eval_threshold": 0.5
}