{
    "eval_recall": 0.7954705844614102,
    "eval_precision": 0.8330981656924007,
    "eval_f1": 0.8138496882179193,
    "eval_mcc": 0.6367568209399759,
    "eval_acc": 0.8180535061269006,
    "eval_threshold": 0.5
}