{
    "eval_recall": 0.7101476014760147,
    "eval_precision": 0.687689833839557,
    "eval_f1": 0.6987383135154761,
    "eval_mcc": 0.3878452438860126,
    "eval_acc": 0.6938191881918819,
    "eval_threshold": 0.5
}