{
    "eval_recall": 0.9604747328285269,
    "eval_precision": 0.9685367702805155,
    "eval_f1": 0.9644889044678728,
    "eval_mcc": 0.9293055963729873,
    "eval_acc": 0.9646367004994362,
    "eval_threshold": 0.5
}