{
    "eval_recall": 0.6671586715867158,
    "eval_precision": 0.7243589743589743,
    "eval_f1": 0.6945831732616212,
    "eval_mcc": 0.41457875979425,
    "eval_acc": 0.7066420664206642,
    "eval_threshold": 0.5
}