{
    "eval_recall": 0.2600422879977226,
    "eval_precision": 0.37251492489830657,
    "eval_f1": 0.27953040757452036,
    "eval_mcc": 0.6503754613000424,
    "eval_acc": 0.6804352353186173
}