{
    "eval_recall": 0.6378392249951883,
    "eval_precision": 0.8994029310656776,
    "eval_f1": 0.7463683795653316,
    "eval_mcc": 0.592088989848313,
    "eval_acc": 0.7832488612305126,
    "eval_threshold": 0.5
}