{
    "eval_recall": 0.5634798307187832,
    "eval_precision": 0.6721195091971277,
    "eval_f1": 0.5926971393883155,
    "eval_mcc": 0.9534033440005576,
    "eval_acc": 0.9569574199118183
}