{
    "eval_recall": 0.6747289407839867,
    "eval_precision": 0.8625440826703846,
    "eval_f1": 0.757163426925846,
    "eval_mcc": 0.5811477478218114,
    "eval_acc": 0.7836017193815359,
    "eval_threshold": 0.5
}