{
    "eval_recall": 0.9673063255152807,
    "eval_precision": 0.8613924050632912,
    "eval_f1": 0.9112822229661868,
    "eval_mcc": 0.8178619065517465,
    "eval_acc": 0.9058280028429282,
    "eval_threshold": 0.5
}