{
    "eval_recall": 0.9731676472205422,
    "eval_precision": 0.9388393804370889,
    "eval_f1": 0.9556953481465482,
    "eval_mcc": 0.9103794932208138,
    "eval_acc": 0.9548853576730632,
    "eval_threshold": 0.5
}