{
    "eval_recall": 0.9662266226622662,
    "eval_precision": 0.9433435368669781,
    "eval_f1": 0.9546479715225129,
    "eval_mcc": 0.9084631390801952,
    "eval_acc": 0.9540979097909791,
    "eval_threshold": 0.5
}