{
    "eval_recall": 0.36734403657288445,
    "eval_precision": 0.47303780490764885,
    "eval_f1": 0.3922657099647574,
    "eval_mcc": 0.8412928116595159,
    "eval_acc": 0.8503169572107765
}