{
    "eval_recall": 0.9370214867868609,
    "eval_precision": 0.9162591317997947,
    "eval_f1": 0.9265240086693733,
    "eval_mcc": 0.851568951998287,
    "eval_acc": 0.9256754670372086,
    "eval_threshold": 0.5
}