{
    "eval_recall": 0.9634763476347635,
    "eval_precision": 0.9279508370417461,
    "eval_f1": 0.9453799654576857,
    "eval_mcc": 0.889320823065535,
    "eval_acc": 0.9443344334433443,
    "eval_threshold": 0.5
}