{
    "eval_recall": 0.7629151291512916,
    "eval_precision": 0.7067168005469151,
    "eval_f1": 0.7337414603850592,
    "eval_mcc": 0.44772780640046045,
    "eval_acc": 0.7231549815498155,
    "eval_threshold": 0.5
}