{
    "eval_recall": 0.9532057549937142,
    "eval_precision": 0.9284353741496598,
    "eval_f1": 0.9406575229168103,
    "eval_mcc": 0.8801222127781926,
    "eval_acc": 0.9399036783695122,
    "eval_threshold": 0.5
}