{
    "eval_recall": 0.22437815122384389,
    "eval_precision": 0.3178791073081103,
    "eval_f1": 0.2416200023397271,
    "eval_mcc": 0.6020187017758664,
    "eval_acc": 0.6222317618241964
}