{
    "eval_recall": 0.30831989608546534,
    "eval_precision": 0.42201089036079664,
    "eval_f1": 0.33231354047866174,
    "eval_mcc": 0.6385088617572418,
    "eval_acc": 0.6677583809670941
}