{
    "eval_recall": 0.32151333543387633,
    "eval_precision": 0.45574808208059847,
    "eval_f1": 0.34398160236690417,
    "eval_mcc": 0.6068698997473766,
    "eval_acc": 0.6308769149498151
}