{
    "eval_recall": 0.9910925386264915,
    "eval_precision": 0.9489339299815741,
    "eval_f1": 0.9695551610994566,
    "eval_mcc": 0.9386845789741166,
    "eval_acc": 0.9688788695221862,
    "eval_threshold": 0.5
}