{
    "eval_recall": 0.963830791004875,
    "eval_precision": 0.8740730176839704,
    "eval_f1": 0.9167601525689926,
    "eval_mcc": 0.8302319958413567,
    "eval_acc": 0.912903983097269,
    "eval_threshold": 0.5
}