{
    "eval_recall": 0.9234156313885831,
    "eval_precision": 0.861060195028961,
    "eval_f1": 0.8911484615092764,
    "eval_mcc": 0.777583963111153,
    "eval_acc": 0.8877455199937397,
    "eval_threshold": 0.5
}