{
    "eval_recall": 0.9895489548954896,
    "eval_precision": 0.9543260304493131,
    "eval_f1": 0.9716183737949285,
    "eval_mcc": 0.9428316246553863,
    "eval_acc": 0.9710946094609461,
    "eval_threshold": 0.5
}