{
    "eval_recall": 0.9545016298608879,
    "eval_precision": 0.9128831123210679,
    "eval_f1": 0.9332285938727416,
    "eval_mcc": 0.8643926253773994,
    "eval_acc": 0.9317457039943102,
    "eval_threshold": 0.5
}