{
    "eval_recall": 0.9893390191897654,
    "eval_precision": 0.8498168498168498,
    "eval_f1": 0.9142857142857143,
    "eval_mcc": 0.8257032767124376,
    "eval_acc": 0.9072494669509595,
    "eval_threshold": 0.5
}