{
    "eval_recall": 0.9687891784889475,
    "eval_precision": 0.9386267740698121,
    "eval_f1": 0.9534694937818619,
    "eval_mcc": 0.9059307362007153,
    "eval_acc": 0.9527312310331179,
    "eval_threshold": 0.5
}