{
    "eval_recall": 0.42280876053847277,
    "eval_precision": 0.5719387925899115,
    "eval_f1": 0.4560540926295015,
    "eval_mcc": 0.862275365548378,
    "eval_acc": 0.8731757557031773
}