{
    "eval_recall": 0.9819091133613238,
    "eval_precision": 0.93,
    "eval_f1": 0.9552498798654493,
    "eval_mcc": 0.9093993244411213,
    "eval_acc": 0.9539910452369924,
    "eval_threshold": 0.5
}