{
    "eval_recall": 0.9444924672758706,
    "eval_precision": 0.9196777490530872,
    "eval_f1": 0.9319199488257334,
    "eval_mcc": 0.8622864044764368,
    "eval_acc": 0.9309865678554886,
    "eval_threshold": 0.5
}