{
    "eval_recall": 0.9777719147813468,
    "eval_precision": 0.9355042281963902,
    "eval_f1": 0.9561711871512885,
    "eval_mcc": 0.9112927392973833,
    "eval_acc": 0.9551810566585318,
    "eval_threshold": 0.5
}