{
    "eval_recall": 0.2569777974395037,
    "eval_precision": 0.3856537305892959,
    "eval_f1": 0.2813313299124313,
    "eval_mcc": 0.6166200068941851,
    "eval_acc": 0.638390173788057
}