{
    "eval_recall": 0.7820379516506368,
    "eval_precision": 0.6299204355108877,
    "eval_f1": 0.6977849936217093,
    "eval_mcc": 0.33242752689382615,
    "eval_acc": 0.6612945152066545,
    "eval_threshold": 0.5
}