{
    "eval_recall": 0.7126131894265069,
    "eval_precision": 0.8838343732274532,
    "eval_f1": 0.7890419282965363,
    "eval_mcc": 0.63090377111372,
    "eval_acc": 0.8094758986554468,
    "eval_threshold": 0.5
}