{
    "eval_recall": 0.9065853434834449,
    "eval_precision": 0.8396975746506392,
    "eval_f1": 0.8718604599880923,
    "eval_mcc": 0.7358520034381045,
    "eval_acc": 0.8667568559112171,
    "eval_threshold": 0.5
}