{
    "eval_recall": 0.9488272921108742,
    "eval_precision": 0.8685751463890696,
    "eval_f1": 0.906929347826087,
    "eval_mcc": 0.8087187783313246,
    "eval_acc": 0.9026297085998578,
    "eval_threshold": 0.5
}