{
    "eval_recall": 0.9104869509866327,
    "eval_precision": 0.8826070188970304,
    "eval_f1": 0.8963302392981632,
    "eval_mcc": 0.789969072840721,
    "eval_acc": 0.8947849590587487,
    "eval_threshold": 0.5
}