{
    "eval_recall": 0.9203980099502488,
    "eval_precision": 0.831727681438664,
    "eval_f1": 0.8738191632928475,
    "eval_mcc": 0.7383943695006931,
    "eval_acc": 0.8670931058990761,
    "eval_threshold": 0.5
}