{
    "eval_recall": 0.9512501746053919,
    "eval_precision": 0.9251460399402255,
    "eval_f1": 0.9380165289256198,
    "eval_mcc": 0.8747130902517657,
    "eval_acc": 0.9371815453339848,
    "eval_threshold": 0.5
}