{
    "eval_recall": 0.9580668088130775,
    "eval_precision": 0.8624440179142674,
    "eval_f1": 0.9077441077441077,
    "eval_mcc": 0.8102550863962282,
    "eval_acc": 0.9026297085998578,
    "eval_threshold": 0.5
}