{
    "eval_recall": 0.35492924567849826,
    "eval_precision": 0.43490410799226287,
    "eval_f1": 0.36897581832648724,
    "eval_mcc": 0.7816930688602783,
    "eval_acc": 0.7921161613579426
}