{
    "eval_recall": 0.6178840655055887,
    "eval_precision": 0.640700808625337,
    "eval_f1": 0.6290856159851792,
    "eval_mcc": 0.2715525460079494,
    "eval_acc": 0.6356901481674032,
    "eval_threshold": 0.5
}