{
    "eval_recall": 0.8010610079575596,
    "eval_precision": 0.8430881786676935,
    "eval_f1": 0.8215374513390553,
    "eval_mcc": 0.6527826610511113,
    "eval_acc": 0.8259855483398885,
    "eval_threshold": 0.5
}