{
    "eval_recall": 0.9872190664361571,
    "eval_precision": 0.9585156765181944,
    "eval_f1": 0.9726556559296773,
    "eval_mcc": 0.9449040591195619,
    "eval_acc": 0.9722402346765477,
    "eval_threshold": 0.5
}