{
    "eval_recall": 0.9908176169791609,
    "eval_precision": 0.9638940893286975,
    "eval_f1": 0.9771704354427634,
    "eval_mcc": 0.9540754514846012,
    "eval_acc": 0.976851597294771,
    "eval_threshold": 0.5
}