{
    "eval_recall": 0.8996372985629677,
    "eval_precision": 0.8427956989247312,
    "eval_f1": 0.8702893562212698,
    "eval_mcc": 0.7336630455017851,
    "eval_acc": 0.8659921536237869,
    "eval_threshold": 0.5
}