{
    "eval_recall": 0.9665695276846099,
    "eval_precision": 0.9430288074674106,
    "eval_f1": 0.9546540675572934,
    "eval_mcc": 0.9084592651234099,
    "eval_acc": 0.9540880848958047,
    "eval_threshold": 0.5
}