{
    "eval_recall": 0.9739862280030605,
    "eval_precision": 0.8475366178428761,
    "eval_f1": 0.9063723745105019,
    "eval_mcc": 0.8078172796149741,
    "eval_acc": 0.8993879112471308,
    "eval_threshold": 0.5
}