{
    "eval_recall": 0.9683398192731351,
    "eval_precision": 0.9441157556270097,
    "eval_f1": 0.9560743707466379,
    "eval_mcc": 0.9113217249219312,
    "eval_acc": 0.9555108502077699,
    "eval_threshold": 0.5
}