{
    "eval_recall": 0.6359787001988837,
    "eval_precision": 0.8828820805130032,
    "eval_f1": 0.7393622972217043,
    "eval_mcc": 0.5745374353683206,
    "eval_acc": 0.7758067620452942,
    "eval_threshold": 0.5
}