{
    "eval_recall": 0.7038745387453874,
    "eval_precision": 0.7308429118773946,
    "eval_f1": 0.7171052631578946,
    "eval_mcc": 0.44495248161843765,
    "eval_acc": 0.7223247232472325,
    "eval_threshold": 0.5
}