{
    "eval_recall": 0.6173734522358375,
    "eval_precision": 0.906718175822105,
    "eval_f1": 0.7345801526717557,
    "eval_mcc": 0.584413907249684,
    "eval_acc": 0.7769294925258228,
    "eval_threshold": 0.5
}