{
    "eval_recall": 0.7039251364699766,
    "eval_precision": 0.6616982284667073,
    "eval_f1": 0.6821588261225519,
    "eval_mcc": 0.3447369953060334,
    "eval_acc": 0.6720171562256304,
    "eval_threshold": 0.5
}