{
    "eval_recall": 0.971085347115519,
    "eval_precision": 0.911259667059903,
    "eval_f1": 0.9402218014606437,
    "eval_mcc": 0.8784943949257981,
    "eval_acc": 0.9382983178613806,
    "eval_threshold": 0.5
}