{
    "eval_recall": 0.7289667896678966,
    "eval_precision": 0.7014024498491035,
    "eval_f1": 0.7149190265086401,
    "eval_mcc": 0.41895833160486434,
    "eval_acc": 0.7093173431734318,
    "eval_threshold": 0.5
}