{
    "eval_recall": 0.9716908951798011,
    "eval_precision": 0.8172458172458172,
    "eval_f1": 0.8878014680181755,
    "eval_mcc": 0.7682427581695478,
    "eval_acc": 0.8771996939556236,
    "eval_threshold": 0.5
}