{
    "eval_recall": 0.35635008996983647,
    "eval_precision": 0.477857975987139,
    "eval_f1": 0.3757318394740399,
    "eval_mcc": 0.8258848930492978,
    "eval_acc": 0.8342706682345723
}