{
    "eval_recall": 0.9862280030604438,
    "eval_precision": 0.7701653057159928,
    "eval_f1": 0.8649071796018788,
    "eval_mcc": 0.7208636723941556,
    "eval_acc": 0.8459576638612599,
    "eval_threshold": 0.5
}