{
    "eval_recall": 0.9793420045906657,
    "eval_precision": 0.8317089018843404,
    "eval_f1": 0.8995080815179199,
    "eval_mcc": 0.7937837428229858,
    "eval_acc": 0.8905891354246366,
    "eval_threshold": 0.5
}