{
    "eval_recall": 0.960609023606649,
    "eval_precision": 0.943217665615142,
    "eval_f1": 0.951833910034602,
    "eval_mcc": 0.90299518975544,
    "eval_acc": 0.9514203950582816,
    "eval_threshold": 0.5
}