{
    "eval_recall": 0.6311708428579892,
    "eval_precision": 0.7017174501839248,
    "eval_f1": 0.6492868946150813,
    "eval_mcc": 0.9311703549027422,
    "eval_acc": 0.9350765979926043
}