{
    "eval_recall": 0.9010822709346051,
    "eval_precision": 0.8319502074688797,
    "eval_f1": 0.8651373723141952,
    "eval_mcc": 0.7215636642373753,
    "eval_acc": 0.859534073190865,
    "eval_threshold": 0.5
}