{
    "eval_recall": 0.9712892072116572,
    "eval_precision": 0.9314898152534344,
    "eval_f1": 0.9509732801354128,
    "eval_mcc": 0.9006520831127669,
    "eval_acc": 0.9499150841438938,
    "eval_threshold": 0.5
}