{
    "eval_recall": 0.28842298186583687,
    "eval_precision": 0.3712464198282759,
    "eval_f1": 0.30376120118598654,
    "eval_mcc": 0.6359753792545717,
    "eval_acc": 0.6650941941849351
}