{
    "eval_recall": 0.9395877754086709,
    "eval_precision": 0.8351231838281743,
    "eval_f1": 0.8842809364548494,
    "eval_mcc": 0.7600565394780842,
    "eval_acc": 0.8770433546552949,
    "eval_threshold": 0.5
}