{
    "eval_recall": 0.9907384539392443,
    "eval_precision": 0.9431611120907542,
    "eval_f1": 0.9663645397332049,
    "eval_mcc": 0.9322040537087559,
    "eval_acc": 0.9655087231743091,
    "eval_threshold": 0.5
}