{
    "eval_recall": 0.9841877072175466,
    "eval_precision": 0.785147507629705,
    "eval_f1": 0.8734721593481214,
    "eval_mcc": 0.7390094219864898,
    "eval_acc": 0.8574343279775567,
    "eval_threshold": 0.5
}