{
    "eval_recall": 0.706357862321165,
    "eval_precision": 0.851113172541744,
    "eval_f1": 0.7720085544998773,
    "eval_mcc": 0.5914097995282881,
    "eval_acc": 0.7913966767177776,
    "eval_threshold": 0.5
}