{
    "eval_recall": 0.6988017927375835,
    "eval_precision": 0.9057498518079431,
    "eval_f1": 0.7889301941346551,
    "eval_mcc": 0.6430973714108419,
    "eval_acc": 0.813043080581725,
    "eval_threshold": 0.5
}