{
    "eval_recall": 0.925466657872172,
    "eval_precision": 0.885851379506282,
    "eval_f1": 0.9052258064516129,
    "eval_mcc": 0.8070206861427782,
    "eval_acc": 0.9031066552338236,
    "eval_threshold": 0.5
}