{
    "eval_recall": 0.5974785547179621,
    "eval_precision": 0.6446501191978684,
    "eval_f1": 0.620168634064081,
    "eval_mcc": 0.26885174983603904,
    "eval_acc": 0.6340655055887705,
    "eval_threshold": 0.5
}