{
    "eval_recall": 0.5635560176761113,
    "eval_precision": 0.6620858146281875,
    "eval_f1": 0.6088604928736924,
    "eval_mcc": 0.27903644612043693,
    "eval_acc": 0.637964647777489,
    "eval_threshold": 0.5
}