{
    "eval_recall": 0.8913732151875488,
    "eval_precision": 0.8416785884597043,
    "eval_f1": 0.8658134141990724,
    "eval_mcc": 0.7251353488055302,
    "eval_acc": 0.8619313097942047,
    "eval_threshold": 0.5
}