{
    "eval_recall": 0.9522582031040223,
    "eval_precision": 0.9650068027210884,
    "eval_f1": 0.9585901178505785,
    "eval_mcc": 0.9178073920111478,
    "eval_acc": 0.9588636485688201,
    "eval_threshold": 0.5
}