{
    "eval_recall": 0.9427582953294543,
    "eval_precision": 0.9133150517976844,
    "eval_f1": 0.9278031416853671,
    "eval_mcc": 0.8544379855887994,
    "eval_acc": 0.926989592299867,
    "eval_threshold": 0.5
}