{
    "eval_recall": 0.9623981229933317,
    "eval_precision": 0.9359875097580016,
    "eval_f1": 0.9490091022557765,
    "eval_mcc": 0.8969136990436496,
    "eval_acc": 0.9482785240080284,
    "eval_threshold": 0.5
}