{
    "eval_recall": 0.9293914137442995,
    "eval_precision": 0.8727756036328731,
    "eval_f1": 0.9001942043334222,
    "eval_mcc": 0.7966172783518324,
    "eval_acc": 0.8974489396666406,
    "eval_threshold": 0.5
}