{
    "eval_recall": 0.6466286007570411,
    "eval_precision": 0.893449162308306,
    "eval_f1": 0.7502605329760309,
    "eval_mcc": 0.5925735724604569,
    "eval_acc": 0.784756527875794,
    "eval_threshold": 0.5
}