{
    "eval_recall": 0.2515585288500516,
    "eval_precision": 0.35365928542945874,
    "eval_f1": 0.27184161350472175,
    "eval_mcc": 0.640078700375632,
    "eval_acc": 0.6689381558796624
}