{
    "eval_recall": 0.951935986252081,
    "eval_precision": 0.9357546323180066,
    "eval_f1": 0.9437759557022681,
    "eval_mcc": 0.8867122520584036,
    "eval_acc": 0.9432898340583212,
    "eval_threshold": 0.5
}