{
    "eval_recall": 0.7147127631920978,
    "eval_precision": 0.6622907382873661,
    "eval_f1": 0.6875039069825591,
    "eval_mcc": 0.3513753759381172,
    "eval_acc": 0.6751364699766051,
    "eval_threshold": 0.5
}