{
    "eval_recall": 0.6792305692747596,
    "eval_precision": 0.627446272061472,
    "eval_f1": 0.6523123010672158,
    "eval_mcc": 0.27687387069025304,
    "eval_acc": 0.637964647777489,
    "eval_threshold": 0.5
}