{
    "eval_recall": 0.9794208825275378,
    "eval_precision": 0.938859382903389,
    "eval_f1": 0.9587113019336927,
    "eval_mcc": 0.9164945259588961,
    "eval_acc": 0.9578194050524371,
    "eval_threshold": 0.5
}