{
    "eval_recall": 0.9578550086491586,
    "eval_precision": 0.9101912731619844,
    "eval_f1": 0.9334150639797717,
    "eval_mcc": 0.8652016253083177,
    "eval_acc": 0.9319978089052352,
    "eval_threshold": 0.5
}