{
    "eval_recall": 0.7903381022647078,
    "eval_precision": 0.8316905211990279,
    "eval_f1": 0.8104871870785224,
    "eval_mcc": 0.6311777980096894,
    "eval_acc": 0.8151985629049849,
    "eval_threshold": 0.5
}