{
    "eval_recall": 0.7121319047924553,
    "eval_precision": 0.8467465100312762,
    "eval_f1": 0.7736269863395595,
    "eval_mcc": 0.5907556624528479,
    "eval_acc": 0.7916212228138834,
    "eval_threshold": 0.5
}