{
    "eval_recall": 0.9353233830845771,
    "eval_precision": 0.8292375551354757,
    "eval_f1": 0.8790915163660654,
    "eval_mcc": 0.7488684701067906,
    "eval_acc": 0.8713574982231699,
    "eval_threshold": 0.5
}