{
    "eval_recall": 0.9750954805856142,
    "eval_precision": 0.9615535504119262,
    "eval_f1": 0.9682771698336822,
    "eval_mcc": 0.9362568732396591,
    "eval_acc": 0.968081723507433,
    "eval_threshold": 0.5
}