{
    "eval_recall": 0.2746460196397777,
    "eval_precision": 0.3933962125372599,
    "eval_f1": 0.2979594999994773,
    "eval_mcc": 0.6218088073646959,
    "eval_acc": 0.6433294133019731
}