{
    "eval_recall": 0.6642838575513387,
    "eval_precision": 0.6383164730860497,
    "eval_f1": 0.6510413349468186,
    "eval_mcc": 0.2881251797292954,
    "eval_acc": 0.6439433324668573,
    "eval_threshold": 0.5
}