{
    "eval_recall": 0.5813177648040033,
    "eval_precision": 0.9350877192982456,
    "eval_f1": 0.7169363452941409,
    "eval_mcc": 0.5844012517461998,
    "eval_acc": 0.7704818117662154,
    "eval_threshold": 0.5
}