{
    "eval_recall": 0.3072407860234793,
    "eval_precision": 0.4458950794536592,
    "eval_f1": 0.3361743885407063,
    "eval_mcc": 0.6312190462584457,
    "eval_acc": 0.6500076691037374
}