{
    "eval_recall": 0.9631233412487777,
    "eval_precision": 0.9534015486725663,
    "eval_f1": 0.9582377875060802,
    "eval_mcc": 0.9161505383842565,
    "eval_acc": 0.9580512319396943,
    "eval_threshold": 0.5
}