{
    "eval_recall": 0.9378404805140382,
    "eval_precision": 0.884468449479647,
    "eval_f1": 0.9103728813559322,
    "eval_mcc": 0.8169470275621311,
    "eval_acc": 0.9077266699239199,
    "eval_threshold": 0.5
}