{
    "eval_recall": 0.40181079148994386,
    "eval_precision": 0.5287378250199103,
    "eval_f1": 0.4287117086016949,
    "eval_mcc": 0.8871014034075188,
    "eval_acc": 0.8958673778764428
}