{
    "eval_recall": 0.36311416336659685,
    "eval_precision": 0.46443597315148344,
    "eval_f1": 0.3830105304597931,
    "eval_mcc": 0.8209300293763041,
    "eval_acc": 0.8293368781635053
}