{
    "eval_recall": 0.9898828833782372,
    "eval_precision": 0.9639128339669112,
    "eval_f1": 0.9767252604166666,
    "eval_mcc": 0.9531694555818211,
    "eval_acc": 0.9764117226590422,
    "eval_threshold": 0.5
}