{
    "eval_recall": 0.9034781394049448,
    "eval_precision": 0.8595348837209302,
    "eval_f1": 0.8809588667937892,
    "eval_mcc": 0.756981543625639,
    "eval_acc": 0.877992601382006,
    "eval_threshold": 0.5
}