{
    "eval_recall": 0.9923571782042118,
    "eval_precision": 0.9505451098119766,
    "eval_f1": 0.971001237424006,
    "eval_mcc": 0.9416383204865566,
    "eval_acc": 0.970363446417771,
    "eval_threshold": 0.5
}