{
    "eval_recall": 0.29248665735572965,
    "eval_precision": 0.3653526150982675,
    "eval_f1": 0.30229168191863975,
    "eval_mcc": 0.8101499970536038,
    "eval_acc": 0.8189944698366203
}