{
    "eval_recall": 0.29617500462412966,
    "eval_precision": 0.3653448488178286,
    "eval_f1": 0.3073769700011248,
    "eval_mcc": 0.8164982998268921,
    "eval_acc": 0.8251306785182192
}