{
    "eval_recall": 0.9589658965896589,
    "eval_precision": 0.9357522408888411,
    "eval_f1": 0.9472168645241911,
    "eval_mcc": 0.8933992586497206,
    "eval_acc": 0.9465621562156216,
    "eval_threshold": 0.5
}