{
    "eval_recall": 0.2546950077429023,
    "eval_precision": 0.33880640789440414,
    "eval_f1": 0.27269993052436264,
    "eval_mcc": 0.6374625176387274,
    "eval_acc": 0.6666461102032006
}