{
    "eval_recall": 0.27449842011513864,
    "eval_precision": 0.3878744618704664,
    "eval_f1": 0.2972211460195553,
    "eval_mcc": 0.6128918343916703,
    "eval_acc": 0.6319085842834501
}