{
    "eval_recall": 0.9282160625444208,
    "eval_precision": 0.8323773103887827,
    "eval_f1": 0.8776881720430108,
    "eval_mcc": 0.7462565584172265,
    "eval_acc": 0.8706467661691543,
    "eval_threshold": 0.5
}