{
    "eval_recall": 0.9758591121957655,
    "eval_precision": 0.9372822299651568,
    "eval_f1": 0.9561817359270989,
    "eval_mcc": 0.9113322151475203,
    "eval_acc": 0.9552799947233032,
    "eval_threshold": 0.5
}