{
    "eval_recall": 0.987033835514942,
    "eval_precision": 0.9639992763673642,
    "eval_f1": 0.9753805790292566,
    "eval_mcc": 0.9504333413658993,
    "eval_acc": 0.975081056044465,
    "eval_threshold": 0.5
}