{
    "eval_recall": 0.974925767073573,
    "eval_precision": 0.9338853422666077,
    "eval_f1": 0.9539643595041322,
    "eval_mcc": 0.9068007655102202,
    "eval_acc": 0.9529621322074152,
    "eval_threshold": 0.5
}