{
    "eval_recall": 0.29354956373334257,
    "eval_precision": 0.3792678919257891,
    "eval_f1": 0.30707062259912116,
    "eval_mcc": 0.821791525498685,
    "eval_acc": 0.8302063079215172
}