{
    "eval_recall": 0.975625098285894,
    "eval_precision": 0.9388619854721549,
    "eval_f1": 0.9568905683658517,
    "eval_mcc": 0.9132204746564411,
    "eval_acc": 0.9562563580874873,
    "eval_threshold": 0.5
}