{
    "eval_recall": 0.9589328118452298,
    "eval_precision": 0.9267008639308856,
    "eval_f1": 0.942541360609597,
    "eval_mcc": 0.8836941690238864,
    "eval_acc": 0.9415788371606059,
    "eval_threshold": 0.5
}