{
    "eval_recall": 0.9852078551389951,
    "eval_precision": 0.7713658146964856,
    "eval_f1": 0.865270467017583,
    "eval_mcc": 0.7214684920355385,
    "eval_acc": 0.8465952563121653,
    "eval_threshold": 0.5
}