{
    "eval_recall": 0.29317209324925725,
    "eval_precision": 0.36266654109450736,
    "eval_f1": 0.3042847020162235,
    "eval_mcc": 0.8146400371000305,
    "eval_acc": 0.823514557713189
}