{
    "eval_recall": 0.9300204434659538,
    "eval_precision": 0.899467680608365,
    "eval_f1": 0.9144889438688727,
    "eval_mcc": 0.8274002829066703,
    "eval_acc": 0.9134517567884811,
    "eval_threshold": 0.5
}