{
    "eval_recall": 0.9790357355842011,
    "eval_precision": 0.944127405441274,
    "eval_f1": 0.9612647509233403,
    "eval_mcc": 0.9217090672809737,
    "eval_acc": 0.9605395980545104,
    "eval_threshold": 0.5
}