{
    "eval_recall": 0.9372817432602318,
    "eval_precision": 0.8594850774945562,
    "eval_f1": 0.8966991848189229,
    "eval_mcc": 0.7874237869176793,
    "eval_acc": 0.8920918545403783,
    "eval_threshold": 0.5
}