{
    "eval_recall": 0.7987084870848709,
    "eval_precision": 0.7200598802395209,
    "eval_f1": 0.7573477956613016,
    "eval_mcc": 0.49113029397947244,
    "eval_acc": 0.7440959409594096,
    "eval_threshold": 0.5
}