{
    "eval_recall": 0.974671855418508,
    "eval_precision": 0.9407308377896613,
    "eval_f1": 0.9574006284622112,
    "eval_mcc": 0.9138592865864299,
    "eval_acc": 0.9566321482751797,
    "eval_threshold": 0.5
}