{
    "eval_recall": 0.645202597640172,
    "eval_precision": 0.9457031773696206,
    "eval_f1": 0.767072640278382,
    "eval_mcc": 0.6414004367083832,
    "eval_acc": 0.8040793926644105,
    "eval_threshold": 0.5
}