{
    "eval_recall": 0.9528234453180844,
    "eval_precision": 0.9127732420331841,
    "eval_f1": 0.9323684493704939,
    "eval_mcc": 0.8626001495735389,
    "eval_acc": 0.9308846978611096,
    "eval_threshold": 0.5
}