{
    "eval_recall": 0.9379619437018399,
    "eval_precision": 0.8707934885758084,
    "eval_f1": 0.9031305598667524,
    "eval_mcc": 0.8021839244477019,
    "eval_acc": 0.8998747945848657,
    "eval_threshold": 0.5
}