{
    "eval_recall": 0.3540067903956512,
    "eval_precision": 0.4933218656310433,
    "eval_f1": 0.38166369938294853,
    "eval_mcc": 0.8710873802439303,
    "eval_acc": 0.8812144758615728
}