{
    "eval_recall": 0.9517841831013786,
    "eval_precision": 0.916597853014038,
    "eval_f1": 0.933859694537924,
    "eval_mcc": 0.86581858306368,
    "eval_acc": 0.9325901985357167,
    "eval_threshold": 0.5
}