{
    "eval_recall": 0.9720719287078294,
    "eval_precision": 0.958120931691632,
    "eval_f1": 0.9650460128757061,
    "eval_mcc": 0.9297438781927472,
    "eval_acc": 0.9648223229191509,
    "eval_threshold": 0.5
}