{
    "eval_recall": 0.9242805472558578,
    "eval_precision": 0.8678479143595422,
    "eval_f1": 0.8951757224993336,
    "eval_mcc": 0.7862773453112204,
    "eval_acc": 0.8922842162923547,
    "eval_threshold": 0.5
}