{
    "eval_recall": 0.9588167372298895,
    "eval_precision": 0.9352139869140834,
    "eval_f1": 0.9468682974506556,
    "eval_mcc": 0.8926800074071899,
    "eval_acc": 0.946197833617419,
    "eval_threshold": 0.5
}