{
    "eval_recall": 0.6743803164730632,
    "eval_precision": 0.9330549228043533,
    "eval_f1": 0.7829041677727634,
    "eval_mcc": 0.6515332259342383,
    "eval_acc": 0.8129973474801061,
    "eval_threshold": 0.5
}