{
    "eval_recall": 0.9625354528065431,
    "eval_precision": 0.9583634333749261,
    "eval_f1": 0.9604449124654468,
    "eval_mcc": 0.9207263551479381,
    "eval_acc": 0.9603588153815711,
    "eval_threshold": 0.5
}