{
    "eval_recall": 0.7885365219651677,
    "eval_precision": 0.632176721892258,
    "eval_f1": 0.7017523567173675,
    "eval_mcc": 0.3403109609512354,
    "eval_acc": 0.6648687288796464,
    "eval_threshold": 0.5
}