{
    "eval_recall": 0.295431234916934,
    "eval_precision": 0.4143486360206469,
    "eval_f1": 0.3163629370981316,
    "eval_mcc": 0.6304279461378031,
    "eval_acc": 0.6602399711622637
}