{
    "eval_recall": 0.9841877072175466,
    "eval_precision": 0.8254545454545454,
    "eval_f1": 0.8978594695207073,
    "eval_mcc": 0.7908372423787176,
    "eval_acc": 0.888038765621015,
    "eval_threshold": 0.5
}