{
    "eval_recall": 0.7050948791265922,
    "eval_precision": 0.654955933840396,
    "eval_f1": 0.6791012079864805,
    "eval_mcc": 0.3346185375996994,
    "eval_acc": 0.6668182999740058,
    "eval_threshold": 0.5
}