{
    "eval_recall": 0.7204080323346378,
    "eval_precision": 0.8389241688457229,
    "eval_f1": 0.7751622255971282,
    "eval_mcc": 0.5879846054285354,
    "eval_acc": 0.7910438185667543,
    "eval_threshold": 0.5
}