{
    "eval_recall": 0.9349740525239818,
    "eval_precision": 0.8774998155117704,
    "eval_f1": 0.9053256690395524,
    "eval_mcc": 0.8071556131053682,
    "eval_acc": 0.9026919164253854,
    "eval_threshold": 0.5
}