{
    "eval_recall": 0.9785768936495792,
    "eval_precision": 0.7813072693952352,
    "eval_f1": 0.8688858695652174,
    "eval_mcc": 0.7282626022502166,
    "eval_acc": 0.8523335883703137,
    "eval_threshold": 0.5
}