{
    "eval_recall": 0.9813534205976785,
    "eval_precision": 0.9481596372964266,
    "eval_f1": 0.9644710094359659,
    "eval_mcc": 0.9282512822937953,
    "eval_acc": 0.9638412845453141,
    "eval_threshold": 0.5
}