{
    "eval_recall": 0.7682684288188876,
    "eval_precision": 0.8381159014557671,
    "eval_f1": 0.8016736401673641,
    "eval_mcc": 0.6220394374089216,
    "eval_acc": 0.809937768653365,
    "eval_threshold": 0.5
}