{
    "eval_recall": 0.9738723872387238,
    "eval_precision": 0.9386597391580956,
    "eval_f1": 0.9559419037848929,
    "eval_mcc": 0.9108721755522239,
    "eval_acc": 0.9551155115511551,
    "eval_threshold": 0.5
}