{
    "eval_recall": 0.9018019276435256,
    "eval_precision": 0.8726682887266829,
    "eval_f1": 0.8869959469670949,
    "eval_mcc": 0.7707974712509631,
    "eval_acc": 0.8851818245271166,
    "eval_threshold": 0.5
}