{
    "eval_recall": 0.9771123276828705,
    "eval_precision": 0.9163676852653718,
    "eval_f1": 0.9457656334791075,
    "eval_mcc": 0.8898934742185086,
    "eval_acc": 0.9439680759844338,
    "eval_threshold": 0.5
}