{
    "eval_recall": 0.28005036759925855,
    "eval_precision": 0.4001879765483531,
    "eval_f1": 0.30162212853315984,
    "eval_mcc": 0.7493371733319854,
    "eval_acc": 0.7683608836706318
}