{
    "eval_recall": 0.35439850083331803,
    "eval_precision": 0.4834227994382016,
    "eval_f1": 0.3846443858421911,
    "eval_mcc": 0.8795447120568071,
    "eval_acc": 0.8889745408199974
}