{
    "eval_recall": 0.4085113483419179,
    "eval_precision": 0.5761600216744966,
    "eval_f1": 0.4324304825738949,
    "eval_mcc": 0.8666754119665045,
    "eval_acc": 0.8771718420104022
}