{
    "eval_recall": 0.7422667013257084,
    "eval_precision": 0.6529842213583352,
    "eval_f1": 0.6947688564476886,
    "eval_mcc": 0.3511008953416346,
    "eval_acc": 0.6739017416168442,
    "eval_threshold": 0.5
}