{
    "eval_recall": 0.844280442804428,
    "eval_precision": 0.6172939430729799,
    "eval_f1": 0.7131613808150862,
    "eval_mcc": 0.345021000112703,
    "eval_acc": 0.6604243542435424,
    "eval_threshold": 0.5
}