{
    "eval_recall": 0.9385909734234943,
    "eval_precision": 0.8971140838719375,
    "eval_f1": 0.917383953273901,
    "eval_mcc": 0.832669918886035,
    "eval_acc": 0.9158776117067063,
    "eval_threshold": 0.5
}