{
    "eval_recall": 0.975006375924509,
    "eval_precision": 0.7832411391108379,
    "eval_f1": 0.8686662122244944,
    "eval_mcc": 0.7273132979174585,
    "eval_acc": 0.8525886253506758,
    "eval_threshold": 0.5
}