{
    "eval_recall": 0.6423186898882246,
    "eval_precision": 0.6295541401273885,
    "eval_f1": 0.6358723623262995,
    "eval_mcc": 0.264416196400372,
    "eval_acc": 0.6321809201975566,
    "eval_threshold": 0.5
}