{
    "eval_recall": 0.757380073800738,
    "eval_precision": 0.7203018073346201,
    "eval_f1": 0.7383757532152172,
    "eval_mcc": 0.4638991559053865,
    "eval_acc": 0.7316420664206642,
    "eval_threshold": 0.5
}