{
    "eval_recall": 0.7193917338185599,
    "eval_precision": 0.6527892440146243,
    "eval_f1": 0.684474123539232,
    "eval_mcc": 0.3385224684446883,
    "eval_acc": 0.6683779568494931,
    "eval_threshold": 0.5
}