{
    "eval_recall": 0.966590155572558,
    "eval_precision": 0.7799958839267339,
    "eval_f1": 0.8633257403189066,
    "eval_mcc": 0.7147077074229089,
    "eval_acc": 0.8469778117827085,
    "eval_threshold": 0.5
}