{
    "eval_recall": 0.9867251173129168,
    "eval_precision": 0.9581509682834702,
    "eval_f1": 0.9722281368821292,
    "eval_mcc": 0.9440355806257592,
    "eval_acc": 0.9718079357727343,
    "eval_threshold": 0.5
}