{
    "eval_recall": 0.9509594882729211,
    "eval_precision": 0.8228782287822878,
    "eval_f1": 0.8822947576656774,
    "eval_mcc": 0.7554762364277744,
    "eval_acc": 0.8731343283582089,
    "eval_threshold": 0.5
}