{
    "eval_recall": 0.976536597806682,
    "eval_precision": 0.8309461805555556,
    "eval_f1": 0.8978778285848282,
    "eval_mcc": 0.7900845992036881,
    "eval_acc": 0.8889313950522826,
    "eval_threshold": 0.5
}