{
    "eval_recall": 0.8997867803837953,
    "eval_precision": 0.7853598014888338,
    "eval_f1": 0.8386883073865519,
    "eval_mcc": 0.6609263621533262,
    "eval_acc": 0.8269367448471926,
    "eval_threshold": 0.5
}