{
    "eval_recall": 0.610345723940733,
    "eval_precision": 0.6439051144933498,
    "eval_f1": 0.626676452925869,
    "eval_mcc": 0.27318126091438333,
    "eval_acc": 0.6364049909020015,
    "eval_threshold": 0.5
}