{
    "eval_recall": 0.9899928520371694,
    "eval_precision": 0.9627312586889103,
    "eval_f1": 0.9761717585187996,
    "eval_mcc": 0.9520505511025382,
    "eval_acc": 0.9758343871996481,
    "eval_threshold": 0.5
}