{
    "eval_recall": 0.6744717826763011,
    "eval_precision": 0.9507478081485302,
    "eval_f1": 0.7891272941302372,
    "eval_mcc": 0.6683731769721858,
    "eval_acc": 0.819765846519711,
    "eval_threshold": 0.5
}