{
    "eval_recall": 0.9168443496801706,
    "eval_precision": 0.8306503541532517,
    "eval_f1": 0.8716216216216216,
    "eval_mcc": 0.7338835826959598,
    "eval_acc": 0.8649609097370291,
    "eval_threshold": 0.5
}