{
    "eval_recall": 0.596843523449028,
    "eval_precision": 0.9179082387765171,
    "eval_f1": 0.7233496617681363,
    "eval_mcc": 0.5801098750660837,
    "eval_acc": 0.7717328543016616,
    "eval_threshold": 0.5
}