{
    "eval_recall": 0.9699228283094783,
    "eval_precision": 0.9440200295307184,
    "eval_f1": 0.9567961480903117,
    "eval_mcc": 0.9127504979355776,
    "eval_acc": 0.9562034166611701,
    "eval_threshold": 0.5
}