{
    "eval_recall": 0.8847525839202415,
    "eval_precision": 0.7527040697222006,
    "eval_f1": 0.8134039690548267,
    "eval_mcc": 0.6034312927670876,
    "eval_acc": 0.7970364950150919,
    "eval_threshold": 0.5
}