{
    "eval_recall": 0.25093076616697857,
    "eval_precision": 0.3907653999756438,
    "eval_f1": 0.2732374250527733,
    "eval_mcc": 0.6138516819502301,
    "eval_acc": 0.6362472233111198
}