{
    "eval_recall": 0.8922914466737064,
    "eval_precision": 0.8454410997041935,
    "eval_f1": 0.8682347159865086,
    "eval_mcc": 0.7304525318041472,
    "eval_acc": 0.8646614816344322,
    "eval_threshold": 0.5
}