{
    "eval_recall": 0.9410954501629861,
    "eval_precision": 0.8855575236531732,
    "eval_f1": 0.9124821937321937,
    "eval_mcc": 0.8212002507232516,
    "eval_acc": 0.9097896161699589,
    "eval_threshold": 0.5
}