{
    "eval_recall": 0.7358456050489344,
    "eval_precision": 0.8811610076670318,
    "eval_f1": 0.8019737825848576,
    "eval_mcc": 0.6454421536485119,
    "eval_acc": 0.8183023872679045,
    "eval_threshold": 0.5
}