{
    "eval_recall": 0.9785634192995185,
    "eval_precision": 0.9171612265084075,
    "eval_f1": 0.9468679197115231,
    "eval_mcc": 0.8921803906281435,
    "eval_acc": 0.9450893740518436,
    "eval_threshold": 0.5
}