{
    "eval_recall": 0.7970744851478796,
    "eval_precision": 0.8221281101111699,
    "eval_f1": 0.8094074725561092,
    "eval_mcc": 0.6249133203538835,
    "eval_acc": 0.8123115416693398,
    "eval_threshold": 0.5
}