{
    "eval_recall": 0.9269837081986676,
    "eval_precision": 0.8956726786055701,
    "eval_f1": 0.9110592506158434,
    "eval_mcc": 0.8195102026307498,
    "eval_acc": 0.9095046500890442,
    "eval_threshold": 0.5
}