{
    "eval_recall": 0.6990774907749078,
    "eval_precision": 0.7049302325581396,
    "eval_f1": 0.7019916628068551,
    "eval_mcc": 0.40647157444621346,
    "eval_acc": 0.7032287822878229,
    "eval_threshold": 0.5
}