{
    "eval_recall": 0.2294684947943493,
    "eval_precision": 0.3252222112921425,
    "eval_f1": 0.2462776960406527,
    "eval_mcc": 0.6229510765127783,
    "eval_acc": 0.6532227395598861
}