{
    "eval_recall": 0.9857372190664362,
    "eval_precision": 0.9581107843725619,
    "eval_f1": 0.9717276849569373,
    "eval_mcc": 0.9430196761217804,
    "eval_acc": 0.9713138798826617,
    "eval_threshold": 0.5
}