{
    "eval_recall": 0.82619926199262,
    "eval_precision": 0.6796175443921688,
    "eval_f1": 0.74577400283121,
    "eval_mcc": 0.4472423818190316,
    "eval_acc": 0.7183579335793358,
    "eval_threshold": 0.5
}