{
    "eval_recall": 0.27568129245643475,
    "eval_precision": 0.37574417902101886,
    "eval_f1": 0.2913478938948108,
    "eval_mcc": 0.6328728256960482,
    "eval_acc": 0.6512714325395823
}