{
    "eval_recall": 0.3703890934669653,
    "eval_precision": 0.47905381213827675,
    "eval_f1": 0.3958381120192187,
    "eval_mcc": 0.8815227786333858,
    "eval_acc": 0.8908143443002066
}