{
    "eval_recall": 0.905943318352747,
    "eval_precision": 0.862927532433495,
    "eval_f1": 0.8839123917761024,
    "eval_mcc": 0.7629865294224142,
    "eval_acc": 0.8810189856002935,
    "eval_threshold": 0.5
}