{
    "eval_recall": 0.9739862280030605,
    "eval_precision": 0.8375,
    "eval_f1": 0.9006013441811107,
    "eval_mcc": 0.7956405442695574,
    "eval_acc": 0.8925019127773527,
    "eval_threshold": 0.5
}