{
    "eval_recall": 0.9772565742714996,
    "eval_precision": 0.8642363293526084,
    "eval_f1": 0.9172781854569713,
    "eval_mcc": 0.8308739015404908,
    "eval_acc": 0.9118692253020612,
    "eval_threshold": 0.5
}