{
    "eval_recall": 0.7135430205354822,
    "eval_precision": 0.635858234885337,
    "eval_f1": 0.6724644781969623,
    "eval_mcc": 0.3072143215037113,
    "eval_acc": 0.6524564595788926,
    "eval_threshold": 0.5
}