{
    "eval_recall": 0.9639090158671925,
    "eval_precision": 0.9101892348330664,
    "eval_f1": 0.9362792044366244,
    "eval_mcc": 0.8703147342345782,
    "eval_acc": 0.9343987893240393,
    "eval_threshold": 0.5
}