{
    "eval_recall": 0.7104237067845074,
    "eval_precision": 0.6572081279307442,
    "eval_f1": 0.6827805883455125,
    "eval_mcc": 0.34099493157092964,
    "eval_acc": 0.6699376137249805,
    "eval_threshold": 0.5
}