{
    "eval_recall": 0.7469456719521705,
    "eval_precision": 0.6172269358822897,
    "eval_f1": 0.6759188473978242,
    "eval_mcc": 0.2902090517896956,
    "eval_acc": 0.6418637899662074,
    "eval_threshold": 0.5
}