{
    "eval_recall": 0.6664933714582791,
    "eval_precision": 0.6411602900725182,
    "eval_f1": 0.6535814427733877,
    "eval_mcc": 0.2937047825947189,
    "eval_acc": 0.6467377177021055,
    "eval_threshold": 0.5
}