{
    "eval_recall": 0.92051962564604,
    "eval_precision": 0.8859908577574617,
    "eval_f1": 0.9029252586147839,
    "eval_mcc": 0.8028055184153468,
    "eval_acc": 0.9010958330425072,
    "eval_threshold": 0.5
}