{
    "eval_recall": 0.9902640264026402,
    "eval_precision": 0.966448357311574,
    "eval_f1": 0.9782112584220821,
    "eval_mcc": 0.9561759520690722,
    "eval_acc": 0.977942794279428,
    "eval_threshold": 0.5
}