{
    "eval_recall": 0.7852697760954642,
    "eval_precision": 0.8331064524911517,
    "eval_f1": 0.8084811255325474,
    "eval_mcc": 0.6289969592407109,
    "eval_acc": 0.813979598383268,
    "eval_threshold": 0.5
}