{
    "eval_recall": 0.4866653399676663,
    "eval_precision": 0.5969876335587222,
    "eval_f1": 0.5157985453143428,
    "eval_mcc": 0.8987219866604871,
    "eval_acc": 0.9044902271526677
}