{
    "eval_recall": 0.9523809523809523,
    "eval_precision": 0.8286951144094001,
    "eval_f1": 0.8862433862433862,
    "eval_mcc": 0.7640665362879127,
    "eval_acc": 0.8777540867093105,
    "eval_threshold": 0.5
}