{
    "eval_recall": 0.9266908611019465,
    "eval_precision": 0.8937253404607356,
    "eval_f1": 0.9099096180634293,
    "eval_mcc": 0.8170896590591046,
    "eval_acc": 0.908266262039847,
    "eval_threshold": 0.5
}