{
    "eval_recall": 0.33302510275340536,
    "eval_precision": 0.4420844078035975,
    "eval_f1": 0.35138202491331166,
    "eval_mcc": 0.7485518741757239,
    "eval_acc": 0.7686801586075493
}