{
    "eval_recall": 0.9645201843832938,
    "eval_precision": 0.9377970935759881,
    "eval_f1": 0.9509709406417849,
    "eval_mcc": 0.9009743809997186,
    "eval_acc": 0.9503036225308857,
    "eval_threshold": 0.5
}