{
    "eval_recall": 0.2547508397360579,
    "eval_precision": 0.3937130714024054,
    "eval_f1": 0.2770260061850106,
    "eval_mcc": 0.6143087317289603,
    "eval_acc": 0.6362733568535215
}