{
    "eval_recall": 0.9143857415658816,
    "eval_precision": 0.9006975468296888,
    "eval_f1": 0.9074900304023374,
    "eval_mcc": 0.8138333314773772,
    "eval_acc": 0.9068685905079895,
    "eval_threshold": 0.5
}