{
    "eval_recall": 0.8267481154146088,
    "eval_precision": 0.6303012286959968,
    "eval_f1": 0.7152816822219723,
    "eval_mcc": 0.3597436521584571,
    "eval_acc": 0.6709123992721602,
    "eval_threshold": 0.5
}