{
    "eval_recall": 0.9778117827084928,
    "eval_precision": 0.83221185153028,
    "eval_f1": 0.8991557223264541,
    "eval_mcc": 0.792897559230579,
    "eval_acc": 0.8903340984442745,
    "eval_threshold": 0.5
}