{
    "eval_recall": 0.9429488762657446,
    "eval_precision": 0.9078587563904411,
    "eval_f1": 0.9250711732994125,
    "eval_mcc": 0.8478457688118916,
    "eval_acc": 0.9236066079975297,
    "eval_threshold": 0.5
}