{
    "eval_recall": 0.9678781083042016,
    "eval_precision": 0.9595239652128424,
    "eval_f1": 0.9636829316345964,
    "eval_mcc": 0.9270848059463214,
    "eval_acc": 0.9635248334542577,
    "eval_threshold": 0.5
}