{
    "eval_recall": 0.9410348234131884,
    "eval_precision": 0.9083378032063889,
    "eval_f1": 0.9243972706595905,
    "eval_mcc": 0.8465875349111192,
    "eval_acc": 0.9230199166280686,
    "eval_threshold": 0.5
}