{
    "eval_recall": 0.7861520168297814,
    "eval_precision": 0.8821718156625269,
    "eval_f1": 0.8313987231572837,
    "eval_mcc": 0.6852198729086596,
    "eval_acc": 0.8405744077563341,
    "eval_threshold": 0.5
}