{
    "eval_recall": 0.9923571782042118,
    "eval_precision": 0.9557803315151194,
    "eval_f1": 0.973725384407877,
    "eval_mcc": 0.9471390709323881,
    "eval_acc": 0.9732226315500082,
    "eval_threshold": 0.5
}