{
    "eval_recall": 0.9114640666771505,
    "eval_precision": 0.8417689347178854,
    "eval_f1": 0.8752312280569293,
    "eval_mcc": 0.743996617508597,
    "eval_acc": 0.8706862821817044,
    "eval_threshold": 0.5
}