{
    "eval_recall": 0.2676256021138145,
    "eval_precision": 0.3750583777910816,
    "eval_f1": 0.2875045908527841,
    "eval_mcc": 0.6277217627440959,
    "eval_acc": 0.6466755890002778
}