{
    "eval_recall": 0.753690036900369,
    "eval_precision": 0.6720960842382363,
    "eval_f1": 0.7105583579753001,
    "eval_mcc": 0.38885405913465504,
    "eval_acc": 0.6929889298892989,
    "eval_threshold": 0.5
}