{
    "eval_recall": 0.7891143911439115,
    "eval_precision": 0.6515843997562462,
    "eval_f1": 0.713785046728972,
    "eval_mcc": 0.37562106693901637,
    "eval_acc": 0.683579335793358,
    "eval_threshold": 0.5
}