{
    "eval_recall": 0.7539641278918638,
    "eval_precision": 0.6578589249262872,
    "eval_f1": 0.7026405038759691,
    "eval_mcc": 0.3657644553978781,
    "eval_acc": 0.6809201975565375,
    "eval_threshold": 0.5
}