{
    "eval_recall": 0.9345841552364788,
    "eval_precision": 0.8689699296225208,
    "eval_f1": 0.9005835027848997,
    "eval_mcc": 0.7958825489795809,
    "eval_acc": 0.8968064604937138,
    "eval_threshold": 0.5
}