{
    "eval_recall": 0.7227709903821159,
    "eval_precision": 0.659667852906287,
    "eval_f1": 0.6897792111138675,
    "eval_mcc": 0.35149492266913357,
    "eval_acc": 0.6749415128671692,
    "eval_threshold": 0.5
}