{
    "eval_recall": 0.24045800562687655,
    "eval_precision": 0.39382492323853285,
    "eval_f1": 0.26655702013894284,
    "eval_mcc": 0.7554068223006193,
    "eval_acc": 0.776353602665556
}