{
    "eval_recall": 0.9480245366400634,
    "eval_precision": 0.9253798609322689,
    "eval_f1": 0.9365653406314143,
    "eval_mcc": 0.871839465962399,
    "eval_acc": 0.935789195963327,
    "eval_threshold": 0.5
}