{
    "eval_recall": 0.5901071405658561,
    "eval_precision": 0.9263772786786182,
    "eval_f1": 0.7209593980247686,
    "eval_mcc": 0.5829729940149069,
    "eval_acc": 0.7716045422467441,
    "eval_threshold": 0.5
}