{
    "eval_recall": 0.8337638376383764,
    "eval_precision": 0.6189563073551568,
    "eval_f1": 0.7104787359484317,
    "eval_mcc": 0.3417183989563786,
    "eval_acc": 0.660239852398524,
    "eval_threshold": 0.5
}