{
    "eval_recall": 0.8891130881408786,
    "eval_precision": 0.8338924731182795,
    "eval_f1": 0.8606178977272727,
    "eval_mcc": 0.7135721418428718,
    "eval_acc": 0.8560029349720261,
    "eval_threshold": 0.5
}