{
    "eval_recall": 0.9223424570337365,
    "eval_precision": 0.900209676166809,
    "eval_f1": 0.9111416781292985,
    "eval_mcc": 0.8205072910010089,
    "eval_acc": 0.9101279910962715,
    "eval_threshold": 0.5
}