{
    "eval_recall": 0.8009225092250922,
    "eval_precision": 0.6997098646034816,
    "eval_f1": 0.7469029593943565,
    "eval_mcc": 0.4620550208747249,
    "eval_acc": 0.7285977859778597,
    "eval_threshold": 0.5
}