{
    "eval_recall": 0.9744456675577922,
    "eval_precision": 0.9444444444444444,
    "eval_f1": 0.9592105263157895,
    "eval_mcc": 0.9179902471014915,
    "eval_acc": 0.9587604663901714,
    "eval_threshold": 0.5
}