{
    "eval_recall": 0.2507869588162352,
    "eval_precision": 0.33971163954154265,
    "eval_f1": 0.27009984648691976,
    "eval_mcc": 0.6320100384382531,
    "eval_acc": 0.6615069943366944
}