{
    "eval_recall": 0.32018497374168564,
    "eval_precision": 0.41654077023714536,
    "eval_f1": 0.34260053855715367,
    "eval_mcc": 0.8333896700026953,
    "eval_acc": 0.8421011368090945
}