{
    "eval_recall": 0.9859224499876512,
    "eval_precision": 0.9579458875757394,
    "eval_f1": 0.9717328464932298,
    "eval_mcc": 0.9430298227547013,
    "eval_acc": 0.9713138798826617,
    "eval_threshold": 0.5
}