{
    "eval_recall": 0.9665827960371127,
    "eval_precision": 0.9358252131546894,
    "eval_f1": 0.9509553647404656,
    "eval_mcc": 0.9012700909729606,
    "eval_acc": 0.9503873542530714,
    "eval_threshold": 0.5
}