{
    "eval_recall": 0.6885575779749382,
    "eval_precision": 0.9111595255386105,
    "eval_f1": 0.7843709299296692,
    "eval_mcc": 0.6408400351707451,
    "eval_acc": 0.8107106923991585,
    "eval_threshold": 0.5
}