{
    "eval_recall": 0.3215035029221679,
    "eval_precision": 0.47304252594210594,
    "eval_f1": 0.3451505681632723,
    "eval_mcc": 0.8300983258525706,
    "eval_acc": 0.844356518117451
}