{
    "eval_recall": 0.9637526652452025,
    "eval_precision": 0.849624060150376,
    "eval_f1": 0.903096903096903,
    "eval_mcc": 0.800431381156805,
    "eval_acc": 0.896588486140725,
    "eval_threshold": 0.5
}