{
    "eval_recall": 0.8903172489784674,
    "eval_precision": 0.8402443780059795,
    "eval_f1": 0.8645563976816764,
    "eval_mcc": 0.7224932018825183,
    "eval_acc": 0.8606006378048501,
    "eval_threshold": 0.5
}