{
    "eval_recall": 0.9251292079899427,
    "eval_precision": 0.8815386663117264,
    "eval_f1": 0.9028080697928026,
    "eval_mcc": 0.8019211052440124,
    "eval_acc": 0.900467648495847,
    "eval_threshold": 0.5
}