{
    "eval_recall": 0.6503496503496503,
    "eval_precision": 0.8810951760104303,
    "eval_f1": 0.7483389930606821,
    "eval_mcc": 0.5829289421991416,
    "eval_acc": 0.7812921023930198,
    "eval_threshold": 0.5
}