{
    "eval_recall": 0.6135240905883108,
    "eval_precision": 0.9129355608591886,
    "eval_f1": 0.7338653978973217,
    "eval_mcc": 0.587509121769204,
    "eval_acc": 0.7775068967729518,
    "eval_threshold": 0.5
}