{
    "eval_recall": 0.9914774289327541,
    "eval_precision": 0.9620658379128207,
    "eval_f1": 0.9765502301651774,
    "eval_mcc": 0.952828933441796,
    "eval_acc": 0.9761917853411778,
    "eval_threshold": 0.5
}