{
    "eval_recall": 0.9899378677077033,
    "eval_precision": 0.9572522330923011,
    "eval_f1": 0.9733207190160833,
    "eval_mcc": 0.9462822626442878,
    "eval_acc": 0.9728652334084786,
    "eval_threshold": 0.5
}