{
    "eval_recall": 0.2757185561343479,
    "eval_precision": 0.4091687141799266,
    "eval_f1": 0.299183278358932,
    "eval_mcc": 0.6059456841233376,
    "eval_acc": 0.6262845748760162
}