{
    "eval_recall": 0.3198829485089494,
    "eval_precision": 0.4691397423848847,
    "eval_f1": 0.34615746965750027,
    "eval_mcc": 0.8309188897918851,
    "eval_acc": 0.8450749687630154
}