{
    "eval_recall": 0.9575359687107138,
    "eval_precision": 0.9411037891268533,
    "eval_f1": 0.9492487710309492,
    "eval_mcc": 0.8978134924387042,
    "eval_acc": 0.9488378585886788,
    "eval_threshold": 0.5
}