{
    "eval_recall": 0.3252379610311485,
    "eval_precision": 0.45803423029457235,
    "eval_f1": 0.35305703222674123,
    "eval_mcc": 0.6430709964958968,
    "eval_acc": 0.6611278695229817
}