{
    "eval_recall": 0.7783409251299159,
    "eval_precision": 0.8315854410857495,
    "eval_f1": 0.8040827147401908,
    "eval_mcc": 0.6219858054467349,
    "eval_acc": 0.810354782831847,
    "eval_threshold": 0.5
}