{
    "eval_recall": 0.953439664894474,
    "eval_precision": 0.9442110301547625,
    "eval_f1": 0.9488029072253099,
    "eval_mcc": 0.8971482716278343,
    "eval_acc": 0.9485527093066968,
    "eval_threshold": 0.5
}