{
    "eval_recall": 0.29233954083778907,
    "eval_precision": 0.4008395892183672,
    "eval_f1": 0.31128797578910594,
    "eval_mcc": 0.6261686361687158,
    "eval_acc": 0.656223286472012
}