{
    "eval_recall": 0.6336049271829088,
    "eval_precision": 0.8907729773608731,
    "eval_f1": 0.7404963635000376,
    "eval_mcc": 0.5806360594788954,
    "eval_acc": 0.7779559889651633,
    "eval_threshold": 0.5
}