{
    "eval_recall": 0.9684914067472947,
    "eval_precision": 0.9651125911830003,
    "eval_f1": 0.9667990468625893,
    "eval_mcc": 0.9335458905738775,
    "eval_acc": 0.9667700135145878,
    "eval_threshold": 0.5
}