{
    "eval_recall": 0.9287078294080203,
    "eval_precision": 0.9190551181102362,
    "eval_f1": 0.9238562608833306,
    "eval_mcc": 0.847094592061477,
    "eval_acc": 0.9235233325383576,
    "eval_threshold": 0.5
}