{
    "eval_recall": 0.958046956617364,
    "eval_precision": 0.9320139074618882,
    "eval_f1": 0.9448511469009272,
    "eval_mcc": 0.8885085481597441,
    "eval_acc": 0.9440809369329741,
    "eval_threshold": 0.5
}