{
    "eval_recall": 0.3283464439551343,
    "eval_precision": 0.4510912211601106,
    "eval_f1": 0.3545455041248487,
    "eval_mcc": 0.8600998204073971,
    "eval_acc": 0.8711520869949534
}