{
    "eval_recall": 0.9861694245492715,
    "eval_precision": 0.9591064673031886,
    "eval_f1": 0.9724496940546136,
    "eval_mcc": 0.9444858212025264,
    "eval_acc": 0.9720549637177706,
    "eval_threshold": 0.5
}