{
    "eval_recall": 0.9569772314569074,
    "eval_precision": 0.9440540168113546,
    "eval_f1": 0.9504716981132075,
    "eval_mcc": 0.9004131301642601,
    "eval_acc": 0.9501640259649613,
    "eval_threshold": 0.5
}