{
    "eval_recall": 0.7602489253865401,
    "eval_precision": 0.8291931985165488,
    "eval_f1": 0.7932257848584242,
    "eval_mcc": 0.6057415279263336,
    "eval_acc": 0.8018220311798293,
    "eval_threshold": 0.5
}