{
    "eval_recall": 0.8047196560870759,
    "eval_precision": 0.8168987929433612,
    "eval_f1": 0.8107634889185827,
    "eval_mcc": 0.6244177043231006,
    "eval_acc": 0.812174151650965,
    "eval_threshold": 0.5
}