{
    "eval_recall": 0.9252240918383393,
    "eval_precision": 0.853670922809054,
    "eval_f1": 0.8880084521922873,
    "eval_mcc": 0.770514618090309,
    "eval_acc": 0.8838719774630253,
    "eval_threshold": 0.5
}