{
    "eval_recall": 0.9092624626513602,
    "eval_precision": 0.8568464730290456,
    "eval_f1": 0.8822766460669871,
    "eval_mcc": 0.7599837124074516,
    "eval_acc": 0.8792550277799515,
    "eval_threshold": 0.5
}