{
    "eval_recall": 0.9468372798628059,
    "eval_precision": 0.9186612056828363,
    "eval_f1": 0.9325364601942379,
    "eval_mcc": 0.863409959197895,
    "eval_acc": 0.9315018798232306,
    "eval_threshold": 0.5
}