{
    "eval_recall": 0.7511387694873933,
    "eval_precision": 0.8438198198198198,
    "eval_f1": 0.7947865046500576,
    "eval_mcc": 0.6158385917096236,
    "eval_acc": 0.8060563289921088,
    "eval_threshold": 0.5
}