{
    "eval_recall": 0.956418494203101,
    "eval_precision": 0.9468953118517495,
    "eval_f1": 0.9516330785267547,
    "eval_mcc": 0.9028869713998177,
    "eval_acc": 0.9514203950582816,
    "eval_threshold": 0.5
}