{
    "eval_recall": 0.7781944571480838,
    "eval_precision": 0.8663068933917116,
    "eval_f1": 0.8198901416594391,
    "eval_mcc": 0.6615299948398319,
    "eval_acc": 0.8290496661483582,
    "eval_threshold": 0.5
}