{
    "eval_recall": 0.6808118081180812,
    "eval_precision": 0.721830985915493,
    "eval_f1": 0.7007216103304216,
    "eval_mcc": 0.419127467268078,
    "eval_acc": 0.7092250922509226,
    "eval_threshold": 0.5
}