{
    "eval_recall": 0.30964536606911774,
    "eval_precision": 0.416240602142184,
    "eval_f1": 0.3304731658789372,
    "eval_mcc": 0.7789332196619813,
    "eval_acc": 0.7898863190905527
}