{
    "eval_recall": 0.2925818758419141,
    "eval_precision": 0.3821843064492738,
    "eval_f1": 0.3077860375069597,
    "eval_mcc": 0.8116163586144158,
    "eval_acc": 0.820509583091336
}