{
    "eval_recall": 0.5896211838155963,
    "eval_precision": 0.6605684753858446,
    "eval_f1": 0.6046123943601682,
    "eval_mcc": 0.9089855642401025,
    "eval_acc": 0.9141574220813523
}