{
    "eval_recall": 0.6299714062906161,
    "eval_precision": 0.636674110074872,
    "eval_f1": 0.6333050238452995,
    "eval_mcc": 0.2704854861471963,
    "eval_acc": 0.635235248245386,
    "eval_threshold": 0.5
}