{
    "eval_recall": 0.23608982372958565,
    "eval_precision": 0.3392083098345392,
    "eval_f1": 0.24957639761987968,
    "eval_mcc": 0.5772628466292838,
    "eval_acc": 0.6024564183835183
}