{
    "eval_recall": 0.2923080441153063,
    "eval_precision": 0.43500305961197344,
    "eval_f1": 0.31740941726106703,
    "eval_mcc": 0.6236885351778542,
    "eval_acc": 0.6425942021575746
}