{
    "eval_recall": 0.8784414158968261,
    "eval_precision": 0.8156263269639066,
    "eval_f1": 0.8458692971639951,
    "eval_mcc": 0.6818935332362754,
    "eval_acc": 0.8399341443336688,
    "eval_threshold": 0.5
}