{
    "eval_recall": 0.28147875993101595,
    "eval_precision": 0.3763446560885272,
    "eval_f1": 0.3003099782460275,
    "eval_mcc": 0.6328792679814836,
    "eval_acc": 0.6621342459840286
}