{
    "eval_recall": 0.9608506524891252,
    "eval_precision": 0.9688633779173661,
    "eval_f1": 0.9648403796376186,
    "eval_mcc": 0.9300033426565376,
    "eval_acc": 0.964985768755706,
    "eval_threshold": 0.5
}