{
    "eval_recall": 0.1772648938010674,
    "eval_precision": 0.2013769346193431,
    "eval_f1": 0.17490093980501079,
    "eval_mcc": 0.6335093302667053,
    "eval_acc": 0.6603558323825969
}