{
    "eval_recall": 0.31585697048082256,
    "eval_precision": 0.45033138730512995,
    "eval_f1": 0.34072418813493843,
    "eval_mcc": 0.828652008722487,
    "eval_acc": 0.8430133277800916
}