{
    "eval_recall": 0.9725585783928291,
    "eval_precision": 0.9164937759336099,
    "eval_f1": 0.9436942092011902,
    "eval_mcc": 0.8861718780283663,
    "eval_acc": 0.9422490022693482,
    "eval_threshold": 0.5
}