{
    "eval_recall": 0.7935459036376468,
    "eval_precision": 0.8237762237762237,
    "eval_f1": 0.8083785373504999,
    "eval_mcc": 0.6242095043040214,
    "eval_acc": 0.8118945274908578,
    "eval_threshold": 0.5
}