{
    "eval_recall": 0.29574091751142617,
    "eval_precision": 0.4082149590578904,
    "eval_f1": 0.3202624210614929,
    "eval_mcc": 0.6428195847278911,
    "eval_acc": 0.6720315727808097
}