{
    "eval_recall": 0.9657178801698381,
    "eval_precision": 0.934489842501712,
    "eval_f1": 0.9498472603534279,
    "eval_mcc": 0.8990163500673695,
    "eval_acc": 0.9492526801784177,
    "eval_threshold": 0.5
}