{
    "eval_recall": 0.2768814885960315,
    "eval_precision": 0.40679708516625573,
    "eval_f1": 0.3008969636283368,
    "eval_mcc": 0.6094058924135259,
    "eval_acc": 0.6298634899534741
}