{
    "eval_recall": 0.9799485522063188,
    "eval_precision": 0.9349317223585677,
    "eval_f1": 0.9569109880200953,
    "eval_mcc": 0.9128059889682418,
    "eval_acc": 0.9558736231119319,
    "eval_threshold": 0.5
}