{
    "eval_recall": 0.9591055998944661,
    "eval_precision": 0.9142982897384306,
    "eval_f1": 0.9361661033317238,
    "eval_mcc": 0.8702495534173286,
    "eval_acc": 0.9346019391860695,
    "eval_threshold": 0.5
}