{
    "eval_recall": 0.9627042883084229,
    "eval_precision": 0.9332430602572782,
    "eval_f1": 0.9477447744774476,
    "eval_mcc": 0.8943538519546701,
    "eval_acc": 0.9469533049486982,
    "eval_threshold": 0.5
}