{
    "eval_recall": 0.27235738971298445,
    "eval_precision": 0.388445580376937,
    "eval_f1": 0.29506276893021877,
    "eval_mcc": 0.6274653868691659,
    "eval_acc": 0.6483209199006925
}