{
    "eval_recall": 0.6385449412972348,
    "eval_precision": 0.8884227439078818,
    "eval_f1": 0.7430384471817842,
    "eval_mcc": 0.581837769527383,
    "eval_acc": 0.77917495348688,
    "eval_threshold": 0.5
}