{
    "eval_recall": 0.7356088560885609,
    "eval_precision": 0.7267590229675538,
    "eval_f1": 0.7311571611956722,
    "eval_mcc": 0.459074627987366,
    "eval_acc": 0.729520295202952,
    "eval_threshold": 0.5
}