{
    "eval_recall": 0.23323689472372608,
    "eval_precision": 0.3348066904771863,
    "eval_f1": 0.24991052593314417,
    "eval_mcc": 0.6257568083093188,
    "eval_acc": 0.6560286968229986
}