{
    "eval_recall": 0.762022355081882,
    "eval_precision": 0.6422390185124329,
    "eval_f1": 0.6970219342566724,
    "eval_mcc": 0.3435641739364715,
    "eval_acc": 0.668767871068365,
    "eval_threshold": 0.5
}