{
    "eval_recall": 0.8976428505915803,
    "eval_precision": 0.8271636240703177,
    "eval_f1": 0.8609632724873543,
    "eval_mcc": 0.712671521336107,
    "eval_acc": 0.8550398972759791,
    "eval_threshold": 0.5
}