{
    "eval_recall": 0.9347410095677994,
    "eval_precision": 0.914171399070728,
    "eval_f1": 0.9243417833023393,
    "eval_mcc": 0.8472265645543628,
    "eval_acc": 0.9235057395434754,
    "eval_threshold": 0.5
}