{
    "eval_recall": 0.9544875875238702,
    "eval_precision": 0.9360174781523096,
    "eval_f1": 0.9451623069650174,
    "eval_mcc": 0.8895140851595128,
    "eval_acc": 0.944669687574529,
    "eval_threshold": 0.5
}