{
    "eval_recall": 0.2447947932239991,
    "eval_precision": 0.37196488076430384,
    "eval_f1": 0.2662615778020004,
    "eval_mcc": 0.6091095246458427,
    "eval_acc": 0.6315170521364171
}