{
    "eval_recall": 0.676371198336366,
    "eval_precision": 0.6292623941958888,
    "eval_f1": 0.6519669255825608,
    "eval_mcc": 0.2786608479184559,
    "eval_acc": 0.6389394333246686,
    "eval_threshold": 0.5
}