{
    "eval_recall": 0.9767916347870441,
    "eval_precision": 0.7914858441826824,
    "eval_f1": 0.8744292237442923,
    "eval_mcc": 0.7400270744294941,
    "eval_acc": 0.8597296608008161,
    "eval_threshold": 0.5
}