{
    "eval_recall": 0.9832984265077064,
    "eval_precision": 0.983879634605051,
    "eval_f1": 0.9835889446966237,
    "eval_mcc": 0.9671877526670186,
    "eval_acc": 0.9835937919553193,
    "eval_threshold": 0.5
}