{
    "eval_recall": 0.9858607063472462,
    "eval_precision": 0.9553640878358164,
    "eval_f1": 0.9703728463338297,
    "eval_mcc": 0.9402659119771916,
    "eval_acc": 0.9698934691987031,
    "eval_threshold": 0.5
}