{
    "eval_recall": 0.9305768962145551,
    "eval_precision": 0.8890964900573869,
    "eval_f1": 0.9093639093639094,
    "eval_mcc": 0.8155079700923096,
    "eval_acc": 0.9073078802261464,
    "eval_threshold": 0.5
}