{
    "eval_recall": 0.908315565031983,
    "eval_precision": 0.7982510930668333,
    "eval_f1": 0.8497340425531915,
    "eval_mcc": 0.6852945929362856,
    "eval_acc": 0.8393745557924662,
    "eval_threshold": 0.5
}