{
    "eval_recall": 0.9637526652452025,
    "eval_precision": 0.8391089108910891,
    "eval_f1": 0.8971220641746609,
    "eval_mcc": 0.7877011271227857,
    "eval_acc": 0.8894811656005686,
    "eval_threshold": 0.5
}