{
    "eval_recall": 0.3415811987237656,
    "eval_precision": 0.4704483707205295,
    "eval_f1": 0.3632605673037343,
    "eval_mcc": 0.6015496818822416,
    "eval_acc": 0.626175382989963
}