{
    "eval_recall": 0.981637337413925,
    "eval_precision": 0.8140862944162437,
    "eval_f1": 0.8900450919181407,
    "eval_mcc": 0.7740311010665323,
    "eval_acc": 0.8787299158377965,
    "eval_threshold": 0.5
}