{
    "eval_recall": 0.7651291512915129,
    "eval_precision": 0.7173499394568413,
    "eval_f1": 0.7404696009284886,
    "eval_mcc": 0.46468501122593997,
    "eval_acc": 0.7318265682656827,
    "eval_threshold": 0.5
}