{
    "eval_recall": 0.775084606237995,
    "eval_precision": 0.8474,
    "eval_f1": 0.8096307266039269,
    "eval_mcc": 0.6378339588874697,
    "eval_acc": 0.8177535900484771,
    "eval_threshold": 0.5
}