{
    "eval_recall": 0.9168894480264193,
    "eval_precision": 0.8434719710669077,
    "eval_f1": 0.8786497381607203,
    "eval_mcc": 0.7508646905916082,
    "eval_acc": 0.8739729243289772,
    "eval_threshold": 0.5
}