{
    "eval_recall": 0.7444762152326488,
    "eval_precision": 0.6573330273123709,
    "eval_f1": 0.6981960019502682,
    "eval_mcc": 0.3595551978942736,
    "eval_acc": 0.6781907980244346,
    "eval_threshold": 0.5
}