{
    "eval_recall": 0.8220691447881466,
    "eval_precision": 0.6297918948521358,
    "eval_f1": 0.7131983988273102,
    "eval_mcc": 0.35582417005079353,
    "eval_acc": 0.669417728099818,
    "eval_threshold": 0.5
}