{
    "eval_recall": 0.9705164566981069,
    "eval_precision": 0.9393513789581205,
    "eval_f1": 0.9546796431467963,
    "eval_mcc": 0.908355746591546,
    "eval_acc": 0.9539278411714267,
    "eval_threshold": 0.5
}