{
    "eval_recall": 0.9621455510546165,
    "eval_precision": 0.9365057783820531,
    "eval_f1": 0.9491525423728814,
    "eval_mcc": 0.8973153902490677,
    "eval_acc": 0.9484888671738675,
    "eval_threshold": 0.5
}