{
    "eval_recall": 0.94644152760372,
    "eval_precision": 0.9175725796137614,
    "eval_f1": 0.9317834994642683,
    "eval_mcc": 0.8618474175234052,
    "eval_acc": 0.9307103753050591,
    "eval_threshold": 0.5
}