{
    "eval_recall": 0.827311808286838,
    "eval_precision": 0.8434352853412905,
    "eval_f1": 0.8352957473334257,
    "eval_mcc": 0.6738631919582835,
    "eval_acc": 0.8368700265251989,
    "eval_threshold": 0.5
}