{
    "eval_recall": 0.965437636039839,
    "eval_precision": 0.9384497018657434,
    "eval_f1": 0.9517523896222121,
    "eval_mcc": 0.9024905417330004,
    "eval_acc": 0.9510586372930545,
    "eval_threshold": 0.5
}