{
    "eval_recall": 0.28264998727402146,
    "eval_precision": 0.405980852370281,
    "eval_f1": 0.3059955036097948,
    "eval_mcc": 0.6171971970407997,
    "eval_acc": 0.6363055370928984
}