{
    "eval_recall": 0.917977888893986,
    "eval_precision": 0.8559390906368963,
    "eval_f1": 0.8858736553189605,
    "eval_mcc": 0.7654313788090108,
    "eval_acc": 0.8817105625401487,
    "eval_threshold": 0.5
}