{
    "eval_recall": 0.9561251769146092,
    "eval_precision": 0.9179436853627236,
    "eval_f1": 0.9366454843057962,
    "eval_mcc": 0.8720429215547005,
    "eval_acc": 0.9356365912825729,
    "eval_threshold": 0.5
}