{
    "eval_recall": 0.9611677608604554,
    "eval_precision": 0.9406698564593301,
    "eval_f1": 0.9508083459997236,
    "eval_mcc": 0.9008221883661681,
    "eval_acc": 0.9503036225308857,
    "eval_threshold": 0.5
}