{
    "eval_recall": 0.9716377547655168,
    "eval_precision": 0.9376233212398957,
    "eval_f1": 0.9543275459963722,
    "eval_mcc": 0.9075956326298273,
    "eval_acc": 0.953499109557417,
    "eval_threshold": 0.5
}