{
    "eval_recall": 0.9582343902779717,
    "eval_precision": 0.9239057239057239,
    "eval_f1": 0.9407569939659901,
    "eval_mcc": 0.8799982009984463,
    "eval_acc": 0.9396942835206253,
    "eval_threshold": 0.5
}