{
    "eval_recall": 0.9701492537313433,
    "eval_precision": 0.8462492250464972,
    "eval_f1": 0.9039735099337749,
    "eval_mcc": 0.8025359310923824,
    "eval_acc": 0.8969438521677328,
    "eval_threshold": 0.5
}