{
    "eval_recall": 0.9805507532724129,
    "eval_precision": 0.9094605428931394,
    "eval_f1": 0.9436686671816507,
    "eval_mcc": 0.8856178096204299,
    "eval_acc": 0.9414543770264011,
    "eval_threshold": 0.5
}