{
    "eval_recall": 0.9374278330675757,
    "eval_precision": 0.8936002935164317,
    "eval_f1": 0.9149895346965062,
    "eval_mcc": 0.8268046874160049,
    "eval_acc": 0.9129048221256941,
    "eval_threshold": 0.5
}