{
    "eval_recall": 0.9507890251278386,
    "eval_precision": 0.9052455240288975,
    "eval_f1": 0.9274584998256858,
    "eval_mcc": 0.8523467864379017,
    "eval_acc": 0.9256336943970969,
    "eval_threshold": 0.5
}