{
    "eval_recall": 0.302228875126667,
    "eval_precision": 0.37703968904185714,
    "eval_f1": 0.3133325364873211,
    "eval_mcc": 0.8071937582802489,
    "eval_acc": 0.8163177697532891
}