{
    "eval_recall": 0.9836776332568222,
    "eval_precision": 0.8241452991452991,
    "eval_f1": 0.8968724566910824,
    "eval_mcc": 0.7886997753357725,
    "eval_acc": 0.8868910992093854,
    "eval_threshold": 0.5
}