{
    "eval_recall": 0.3083400264270046,
    "eval_precision": 0.45171676921604426,
    "eval_f1": 0.337099920373428,
    "eval_mcc": 0.6344761996713999,
    "eval_acc": 0.6533565110690731
}