{
    "eval_recall": 0.8610701107011071,
    "eval_precision": 0.6053177691309987,
    "eval_f1": 0.7108910891089109,
    "eval_mcc": 0.33058768183250237,
    "eval_acc": 0.6498154981549815,
    "eval_threshold": 0.5
}