{
    "eval_recall": 0.892679459843639,
    "eval_precision": 0.824688115561392,
    "eval_f1": 0.8573378839590443,
    "eval_mcc": 0.705315160247755,
    "eval_acc": 0.851457000710732,
    "eval_threshold": 0.5
}