{
    "eval_recall": 0.7599428125812321,
    "eval_precision": 0.647938829787234,
    "eval_f1": 0.6994855844000478,
    "eval_mcc": 0.3523275732858868,
    "eval_acc": 0.6735118273979724,
    "eval_threshold": 0.5
}