{
    "eval_recall": 0.973221117061974,
    "eval_precision": 0.7853467791726693,
    "eval_f1": 0.869248291571754,
    "eval_mcc": 0.7283662156132769,
    "eval_acc": 0.8536087732721245,
    "eval_threshold": 0.5
}