{
    "eval_recall": 0.9309639880484353,
    "eval_precision": 0.8660035108250439,
    "eval_f1": 0.8973095869647594,
    "eval_mcc": 0.7902076322640836,
    "eval_acc": 0.8939666640582206,
    "eval_threshold": 0.5
}