{
    "eval_recall": 0.9530916844349681,
    "eval_precision": 0.8303405572755418,
    "eval_f1": 0.8874917273328922,
    "eval_mcc": 0.7667760944396841,
    "eval_acc": 0.8791755508173419,
    "eval_threshold": 0.5
}