{
    "eval_recall": 0.25342809964566115,
    "eval_precision": 0.3491494088412136,
    "eval_f1": 0.2728691728154548,
    "eval_mcc": 0.6361085248282534,
    "eval_acc": 0.66538188770004
}