{
    "eval_recall": 0.9708287466582796,
    "eval_precision": 0.9275090144230769,
    "eval_f1": 0.9486746062235882,
    "eval_mcc": 0.8964428646782743,
    "eval_acc": 0.9477267391814695,
    "eval_threshold": 0.5
}