{
    "eval_recall": 0.9874660409977772,
    "eval_precision": 0.9588704358774507,
    "eval_f1": 0.972958174904943,
    "eval_mcc": 0.9455184177516658,
    "eval_acc": 0.9725490196078431,
    "eval_threshold": 0.5
}