{
    "eval_recall": 0.22739821956624195,
    "eval_precision": 0.2678022045835391,
    "eval_f1": 0.22786743359546996,
    "eval_mcc": 0.632258159528582,
    "eval_acc": 0.6607262150690141
}