{
    "eval_recall": 0.22510238375123412,
    "eval_precision": 0.3332810865915779,
    "eval_f1": 0.24134237774448747,
    "eval_mcc": 0.6062453551432146,
    "eval_acc": 0.6259942930734073
}