{
    "eval_recall": 0.9604692680438663,
    "eval_precision": 0.7875365955667085,
    "eval_f1": 0.865448695852005,
    "eval_mcc": 0.7188978664305959,
    "eval_acc": 0.8506758479979597,
    "eval_threshold": 0.5
}