{
    "eval_recall": 0.324144487611241,
    "eval_precision": 0.45404735906186044,
    "eval_f1": 0.35372781624398064,
    "eval_mcc": 0.6458874935043863,
    "eval_acc": 0.6641188199805717
}