{
    "eval_recall": 0.9839326702371843,
    "eval_precision": 0.8227767114523352,
    "eval_f1": 0.8961672473867595,
    "eval_mcc": 0.7872457399698508,
    "eval_acc": 0.8859984697781178,
    "eval_threshold": 0.5
}