{
    "eval_recall": 0.2491243469180189,
    "eval_precision": 0.29474185860924096,
    "eval_f1": 0.24709397197063596,
    "eval_mcc": 0.6313303515152299,
    "eval_acc": 0.6590246665636748
}