{
    "eval_recall": 0.9555555555555556,
    "eval_precision": 0.9382662705914123,
    "eval_f1": 0.9468319934595995,
    "eval_mcc": 0.8928358618490624,
    "eval_acc": 0.9463421342134214,
    "eval_threshold": 0.5
}