{
    "eval_recall": 0.9925221311926101,
    "eval_precision": 0.9578668081719289,
    "eval_f1": 0.9748865845755024,
    "eval_mcc": 0.9494862015062157,
    "eval_acc": 0.9744322867982625,
    "eval_threshold": 0.5
}