{
    "eval_recall": 0.35148227913509783,
    "eval_precision": 0.47143849435748847,
    "eval_f1": 0.3722128711320271,
    "eval_mcc": 0.6058296859639083,
    "eval_acc": 0.6304014791336503
}