{
    "eval_recall": 0.9640652012842678,
    "eval_precision": 0.9408291154495059,
    "eval_f1": 0.9523054403513053,
    "eval_mcc": 0.9036873259729986,
    "eval_acc": 0.9517060367454068,
    "eval_threshold": 0.5
}