{
    "eval_recall": 0.9844427441979087,
    "eval_precision": 0.8360407190816548,
    "eval_f1": 0.9041930194424924,
    "eval_mcc": 0.804149838060635,
    "eval_acc": 0.8956898750318796,
    "eval_threshold": 0.5
}