{
    "eval_recall": 0.2999386205825244,
    "eval_precision": 0.4058251939535695,
    "eval_f1": 0.3245407243754732,
    "eval_mcc": 0.8424486745390548,
    "eval_acc": 0.8548816461615943
}