{
    "eval_recall": 0.9701866631488688,
    "eval_precision": 0.9407137375287797,
    "eval_f1": 0.9552229113225313,
    "eval_mcc": 0.9094894230120739,
    "eval_acc": 0.9545214695600555,
    "eval_threshold": 0.5
}