{
    "eval_recall": 0.7883492654134856,
    "eval_precision": 0.8187633262260128,
    "eval_f1": 0.8032685079261317,
    "eval_mcc": 0.6142688166092908,
    "eval_acc": 0.8069224353628023,
    "eval_threshold": 0.5
}