{
    "eval_recall": 0.9286044209831739,
    "eval_precision": 0.9140092225758265,
    "eval_f1": 0.921249018067557,
    "eval_mcc": 0.8413796652799057,
    "eval_acc": 0.9206359678057792,
    "eval_threshold": 0.5
}