{
    "eval_recall": 0.7223247232472325,
    "eval_precision": 0.7356257046223225,
    "eval_f1": 0.7289145410538076,
    "eval_mcc": 0.46280628591168793,
    "eval_acc": 0.7313653136531365,
    "eval_threshold": 0.5
}