{
    "eval_recall": 0.9577720349700335,
    "eval_precision": 0.9202768385460693,
    "eval_f1": 0.9386501414522431,
    "eval_mcc": 0.8755276819812106,
    "eval_acc": 0.9374003409028427,
    "eval_threshold": 0.5
}