{
    "eval_recall": 0.9260838663823738,
    "eval_precision": 0.83472133247918,
    "eval_f1": 0.8780323450134772,
    "eval_mcc": 0.7472041983497639,
    "eval_acc": 0.8713574982231699,
    "eval_threshold": 0.5
}