{
    "eval_recall": 0.22021777286029612,
    "eval_precision": 0.30137379373478473,
    "eval_f1": 0.22989101767013134,
    "eval_mcc": 0.6151828230180656,
    "eval_acc": 0.6478238234069138
}