{
    "eval_recall": 0.7367602670813135,
    "eval_precision": 0.8850675749917591,
    "eval_f1": 0.8041329739442946,
    "eval_mcc": 0.6502810423931524,
    "eval_acc": 0.8205433092472332,
    "eval_threshold": 0.5
}