{
    "eval_recall": 0.9920272722274152,
    "eval_precision": 0.9484308468695789,
    "eval_f1": 0.969739317387799,
    "eval_mcc": 0.9390802872409817,
    "eval_acc": 0.9690438225105845,
    "eval_threshold": 0.5
}