{
    "eval_recall": 0.7049815498154982,
    "eval_precision": 0.7314318529862175,
    "eval_f1": 0.7179631717399475,
    "eval_mcc": 0.4464174504558094,
    "eval_acc": 0.7230627306273063,
    "eval_threshold": 0.5
}