{
    "eval_recall": 0.6776730997896278,
    "eval_precision": 0.9097495088408645,
    "eval_f1": 0.7767468679561775,
    "eval_mcc": 0.6313331768857786,
    "eval_acc": 0.8052227202048843,
    "eval_threshold": 0.5
}