{
    "eval_recall": 0.7717970103291204,
    "eval_precision": 0.8329294467908329,
    "eval_f1": 0.8011988011988012,
    "eval_mcc": 0.6186570421053261,
    "eval_acc": 0.8084942580355424,
    "eval_threshold": 0.5
}