{
    "eval_recall": 0.6492619926199262,
    "eval_precision": 0.7334305960817007,
    "eval_f1": 0.6887844979448032,
    "eval_mcc": 0.41603276582339743,
    "eval_acc": 0.7066420664206642,
    "eval_threshold": 0.5
}