{
    "eval_recall": 0.9898789878987899,
    "eval_precision": 0.9661244430128308,
    "eval_f1": 0.977857472763333,
    "eval_mcc": 0.9554593689117356,
    "eval_acc": 0.9775852585258525,
    "eval_threshold": 0.5
}