{
    "eval_recall": 0.9580947059645202,
    "eval_precision": 0.9435960929976613,
    "eval_f1": 0.9507901303021901,
    "eval_mcc": 0.9009935843877777,
    "eval_acc": 0.9504432190968102,
    "eval_threshold": 0.5
}