{
    "eval_recall": 0.6443794018110308,
    "eval_precision": 0.9432320257062525,
    "eval_f1": 0.7656776437343767,
    "eval_mcc": 0.6384933168508015,
    "eval_acc": 0.8027988658190799,
    "eval_threshold": 0.5
}