{
    "eval_recall": 0.9732207638018601,
    "eval_precision": 0.9565020095941916,
    "eval_f1": 0.9647889626311833,
    "eval_mcc": 0.9291044091515259,
    "eval_acc": 0.9644812347470484,
    "eval_threshold": 0.5
}