{
    "eval_recall": 0.9701492537313433,
    "eval_precision": 0.845724907063197,
    "eval_f1": 0.903674280039722,
    "eval_mcc": 0.8019029412201619,
    "eval_acc": 0.896588486140725,
    "eval_threshold": 0.5
}