{
    "eval_recall": 0.21987094197594936,
    "eval_precision": 0.2985240616678139,
    "eval_f1": 0.23382892674906777,
    "eval_mcc": 0.6003731967318395,
    "eval_acc": 0.6211206787707381
}