{
    "eval_recall": 0.4080556104387418,
    "eval_precision": 0.570634091586553,
    "eval_f1": 0.43355025153485766,
    "eval_mcc": 0.8621762287111046,
    "eval_acc": 0.8730727637880427
}