{
    "eval_recall": 0.9749356902578985,
    "eval_precision": 0.9322023208879919,
    "eval_f1": 0.9530902408356707,
    "eval_mcc": 0.9049814526118874,
    "eval_acc": 0.9520150385858452,
    "eval_threshold": 0.5
}