{
    "eval_recall": 0.7023801886187208,
    "eval_precision": 0.8544447045968938,
    "eval_f1": 0.7709859154929578,
    "eval_mcc": 0.5921827273182,
    "eval_acc": 0.7913645987040483,
    "eval_threshold": 0.5
}