{
    "eval_recall": 0.693267481154146,
    "eval_precision": 0.6219682835820896,
    "eval_f1": 0.6556853103872157,
    "eval_mcc": 0.2737045230869048,
    "eval_acc": 0.6359500909799845,
    "eval_threshold": 0.5
}