{
    "eval_recall": 0.30459837508186727,
    "eval_precision": 0.4115788440021979,
    "eval_f1": 0.32912386646621183,
    "eval_mcc": 0.6413195626358158,
    "eval_acc": 0.6706749298553942
}