{
    "eval_recall": 0.9359962258216701,
    "eval_precision": 0.8673224043715847,
    "eval_f1": 0.9003516998827666,
    "eval_mcc": 0.7963497840256657,
    "eval_acc": 0.8969011659754285,
    "eval_threshold": 0.5
}