{
    "eval_recall": 0.9673063255152807,
    "eval_precision": 0.8385705483672212,
    "eval_f1": 0.8983498349834984,
    "eval_mcc": 0.7904648300945568,
    "eval_acc": 0.8905472636815921,
    "eval_threshold": 0.5
}