{
    "eval_recall": 0.9674163973352681,
    "eval_precision": 0.9414596572308878,
    "eval_f1": 0.9542615484710475,
    "eval_mcc": 0.9076070763615177,
    "eval_acc": 0.9536310269771123,
    "eval_threshold": 0.5
}