{
    "eval_recall": 0.2675529721156801,
    "eval_precision": 0.3849724279706987,
    "eval_f1": 0.28968061409719936,
    "eval_mcc": 0.6249856446034721,
    "eval_acc": 0.6456814321181236
}