{
    "eval_recall": 0.9793420045906657,
    "eval_precision": 0.8380619816673941,
    "eval_f1": 0.9032106315418087,
    "eval_mcc": 0.801576674533885,
    "eval_acc": 0.8950522825809742,
    "eval_threshold": 0.5
}