{
    "eval_recall": 0.9653582902640033,
    "eval_precision": 0.9255390384357841,
    "eval_f1": 0.9450293996991658,
    "eval_mcc": 0.8885890220857803,
    "eval_acc": 0.9438821804983597,
    "eval_threshold": 0.5
}