{
    "eval_recall": 0.9667568102367917,
    "eval_precision": 0.9434217301750772,
    "eval_f1": 0.954946737466202,
    "eval_mcc": 0.9090572257452916,
    "eval_acc": 0.9543895521403601,
    "eval_threshold": 0.5
}