{
    "eval_recall": 0.2940547180834785,
    "eval_precision": 0.3923264696683462,
    "eval_f1": 0.31569736841884405,
    "eval_mcc": 0.64134768432924,
    "eval_acc": 0.6704282675053187
}