{
    "eval_recall": 0.9788319306299413,
    "eval_precision": 0.7786569283830391,
    "eval_f1": 0.8673446327683615,
    "eval_mcc": 0.7249515921991406,
    "eval_acc": 0.8502932925274165,
    "eval_threshold": 0.5
}