{
    "eval_recall": 0.9836776332568222,
    "eval_precision": 0.8316084519189306,
    "eval_f1": 0.901273513260895,
    "eval_mcc": 0.7979482108070869,
    "eval_acc": 0.8922468757969906,
    "eval_threshold": 0.5
}