{
    "eval_recall": 0.9568987503187962,
    "eval_precision": 0.7847730600292826,
    "eval_f1": 0.8623304987359228,
    "eval_mcc": 0.7117977398919904,
    "eval_acc": 0.8472328487630707,
    "eval_threshold": 0.5
}