{
    "eval_recall": 0.9338832068624217,
    "eval_precision": 0.9056760734625968,
    "eval_f1": 0.9195633811968034,
    "eval_mcc": 0.8370608200129551,
    "eval_acc": 0.9183269560628051,
    "eval_threshold": 0.5
}