{
    "eval_recall": 0.9800283063374744,
    "eval_precision": 0.9356654905787853,
    "eval_f1": 0.9573332309228464,
    "eval_mcc": 0.9140959025027221,
    "eval_acc": 0.9565302449330934,
    "eval_threshold": 0.5
}