{
    "eval_recall": 0.9289006844531359,
    "eval_precision": 0.8714454199973791,
    "eval_f1": 0.8992562542258282,
    "eval_mcc": 0.7937343498255083,
    "eval_acc": 0.8960005583862637,
    "eval_threshold": 0.5
}