{
    "eval_recall": 0.49206642066420664,
    "eval_precision": 0.8023465703971119,
    "eval_f1": 0.6100182982616651,
    "eval_mcc": 0.4021352688842731,
    "eval_acc": 0.6854243542435424,
    "eval_threshold": 0.5
}