{
    "eval_recall": 0.9653618177327735,
    "eval_precision": 0.932264027189792,
    "eval_f1": 0.9485242818576152,
    "eval_mcc": 0.8957625407969194,
    "eval_acc": 0.9475991971591786,
    "eval_threshold": 0.5
}