{
    "eval_recall": 0.6797047970479705,
    "eval_precision": 0.7080530463194311,
    "eval_f1": 0.6935893815306411,
    "eval_mcc": 0.3997670269218465,
    "eval_acc": 0.6997232472324724,
    "eval_threshold": 0.5
}