{
    "eval_recall": 0.7881466077462959,
    "eval_precision": 0.632061705232437,
    "eval_f1": 0.7015270708005553,
    "eval_mcc": 0.3398736597786307,
    "eval_acc": 0.6646737717702106,
    "eval_threshold": 0.5
}