{
    "eval_recall": 0.263034557956242,
    "eval_precision": 0.3829029547597275,
    "eval_f1": 0.2840980473782996,
    "eval_mcc": 0.6222038425828693,
    "eval_acc": 0.6431203449627597
}