{
    "eval_recall": 0.9904327266728983,
    "eval_precision": 0.9492016651736312,
    "eval_f1": 0.9693789688946293,
    "eval_mcc": 0.9383134685506643,
    "eval_acc": 0.9687139165337879,
    "eval_threshold": 0.5
}