{
    "eval_recall": 0.675477910911918,
    "eval_precision": 0.9154580389240115,
    "eval_f1": 0.7773684210526316,
    "eval_mcc": 0.6353154012711695,
    "eval_acc": 0.8065489801518338,
    "eval_threshold": 0.5
}