{
    "eval_recall": 0.3051591022645979,
    "eval_precision": 0.407992205205364,
    "eval_f1": 0.32342616611674485,
    "eval_mcc": 0.6411079067684868,
    "eval_acc": 0.6698938324134883
}