{
    "eval_recall": 0.652978079364535,
    "eval_precision": 0.732878989544494,
    "eval_f1": 0.6735503742139968,
    "eval_mcc": 0.9675443170745468,
    "eval_acc": 0.9700099692699822
}