{
    "eval_recall": 0.9756969263759828,
    "eval_precision": 0.9389882527251561,
    "eval_f1": 0.9569906970473238,
    "eval_mcc": 0.9129979422368383,
    "eval_acc": 0.9561499972507835,
    "eval_threshold": 0.5
}