{
    "eval_recall": 0.31541676202557684,
    "eval_precision": 0.4095984099051298,
    "eval_f1": 0.33772603069342105,
    "eval_mcc": 0.7880463710759987,
    "eval_acc": 0.8001320655044902
}