{
    "eval_recall": 0.920830681094844,
    "eval_precision": 0.9054847038572882,
    "eval_f1": 0.9130932186674031,
    "eval_mcc": 0.8249875786991074,
    "eval_acc": 0.9124334207806661,
    "eval_threshold": 0.5
}