{
    "eval_recall": 0.5869508708084221,
    "eval_precision": 0.6410220014194464,
    "eval_f1": 0.6127959834452813,
    "eval_mcc": 0.2591768735069991,
    "eval_acc": 0.6291265921497271,
    "eval_threshold": 0.5
}