{
    "eval_recall": 0.7793357933579336,
    "eval_precision": 0.7183673469387755,
    "eval_f1": 0.7476106194690266,
    "eval_mcc": 0.47551642001209504,
    "eval_acc": 0.73690036900369,
    "eval_threshold": 0.5
}