{
    "eval_recall": 0.9789410018144828,
    "eval_precision": 0.9487370776937014,
    "eval_f1": 0.9636024138770871,
    "eval_mcc": 0.9265157198907109,
    "eval_acc": 0.9630230384340464,
    "eval_threshold": 0.5
}