{
    "eval_recall": 0.9875895282785873,
    "eval_precision": 0.957383132818579,
    "eval_f1": 0.9722517703552868,
    "eval_mcc": 0.9440857134574454,
    "eval_acc": 0.9718079357727343,
    "eval_threshold": 0.5
}