{
    "eval_recall": 0.975006375924509,
    "eval_precision": 0.7760860738936256,
    "eval_f1": 0.8642477676048378,
    "eval_mcc": 0.717675202408943,
    "eval_acc": 0.8468502932925274,
    "eval_threshold": 0.5
}