{
    "eval_recall": 0.9455421091627563,
    "eval_precision": 0.9203678105655388,
    "eval_f1": 0.9327851378102635,
    "eval_mcc": 0.8640249356182422,
    "eval_acc": 0.9318511656631157,
    "eval_threshold": 0.5
}