{
    "eval_recall": 0.6687028853652196,
    "eval_precision": 0.6319862424763543,
    "eval_f1": 0.6498263340700978,
    "eval_mcc": 0.2797811219857234,
    "eval_acc": 0.639654276059267,
    "eval_threshold": 0.5
}