{
    "eval_recall": 0.9898278990487711,
    "eval_precision": 0.9509772847332277,
    "eval_f1": 0.9700137403346176,
    "eval_mcc": 0.9395868524426532,
    "eval_acc": 0.9694012206521141,
    "eval_threshold": 0.5
}