{
    "eval_recall": 0.9770466717674062,
    "eval_precision": 0.7837561374795418,
    "eval_f1": 0.8697922579180383,
    "eval_mcc": 0.730021435847179,
    "eval_acc": 0.8537362917623056,
    "eval_threshold": 0.5
}