{
    "eval_recall": 0.9637564830822425,
    "eval_precision": 0.9365212695746085,
    "eval_f1": 0.949943705687247,
    "eval_mcc": 0.8987894255400953,
    "eval_acc": 0.9492048788019145,
    "eval_threshold": 0.5
}