{
    "eval_recall": 0.9913674602738219,
    "eval_precision": 0.9625240230621397,
    "eval_f1": 0.9767328475852544,
    "eval_mcc": 0.9531965369708769,
    "eval_acc": 0.9763842304943091,
    "eval_threshold": 0.5
}