{
    "eval_recall": 0.8243542435424355,
    "eval_precision": 0.6205555555555555,
    "eval_f1": 0.708082408874802,
    "eval_mcc": 0.3391038970455117,
    "eval_acc": 0.6601476014760148,
    "eval_threshold": 0.5
}