{
    "eval_recall": 0.37599128136796683,
    "eval_precision": 0.4909722841822441,
    "eval_f1": 0.39294295636274346,
    "eval_mcc": 0.8291609869635885,
    "eval_acc": 0.8375428191625339
}