{
    "eval_recall": 0.988998899889989,
    "eval_precision": 0.9517759779789318,
    "eval_f1": 0.9700304820479619,
    "eval_mcc": 0.939607732122993,
    "eval_acc": 0.9694444444444444,
    "eval_threshold": 0.5
}