{
    "eval_recall": 0.9871113259223457,
    "eval_precision": 0.9882789397279423,
    "eval_f1": 0.9876947877485223,
    "eval_mcc": 0.9754047943957288,
    "eval_acc": 0.9877020568175715,
    "eval_threshold": 0.5
}