{
    "eval_recall": 0.917725939377008,
    "eval_precision": 0.8729736912038267,
    "eval_f1": 0.8947906026557712,
    "eval_mcc": 0.7853614467181368,
    "eval_acc": 0.8921616528233406,
    "eval_threshold": 0.5
}