{
    "eval_recall": 0.966102741417634,
    "eval_precision": 0.9293223258300172,
    "eval_f1": 0.9473556746284019,
    "eval_mcc": 0.8933038980460839,
    "eval_acc": 0.9463023004477381,
    "eval_threshold": 0.5
}