{
    "eval_recall": 0.9568987503187962,
    "eval_precision": 0.7808532778355879,
    "eval_f1": 0.8599587439834976,
    "eval_mcc": 0.7065351822095411,
    "eval_acc": 0.8441724049987248,
    "eval_threshold": 0.5
}