{
    "eval_recall": 0.3479947017571917,
    "eval_precision": 0.45523021490970234,
    "eval_f1": 0.37310919935383896,
    "eval_mcc": 0.8467792192366839,
    "eval_acc": 0.8587241389942343
}