{
    "eval_recall": 0.8906722920297165,
    "eval_precision": 0.8312788906009245,
    "eval_f1": 0.8599512951073721,
    "eval_mcc": 0.7117152825893149,
    "eval_acc": 0.8549481794001651,
    "eval_threshold": 0.5
}