{
    "eval_recall": 0.28721677918147615,
    "eval_precision": 0.42456612986229214,
    "eval_f1": 0.31238992189231374,
    "eval_mcc": 0.619656455416109,
    "eval_acc": 0.6389130323636177
}