{
    "eval_recall": 0.7634567267594791,
    "eval_precision": 0.8317025440313112,
    "eval_f1": 0.7961197524669678,
    "eval_mcc": 0.6110295530185642,
    "eval_acc": 0.8044845063193687,
    "eval_threshold": 0.5
}