{
    "eval_recall": 0.7514760147601476,
    "eval_precision": 0.7387992018864502,
    "eval_f1": 0.7450836915759627,
    "eval_mcc": 0.4858648873715415,
    "eval_acc": 0.7428966789667897,
    "eval_threshold": 0.5
}