{
    "eval_recall": 0.9840686837151645,
    "eval_precision": 0.9448950802327631,
    "eval_f1": 0.9640841110986168,
    "eval_mcc": 0.9275194781928215,
    "eval_acc": 0.9633606350517356,
    "eval_threshold": 0.5
}