{
    "eval_recall": 0.822140221402214,
    "eval_precision": 0.6627007733491969,
    "eval_f1": 0.7338603425559947,
    "eval_mcc": 0.4159065712860203,
    "eval_acc": 0.7018450184501845,
    "eval_threshold": 0.5
}