{
    "eval_recall": 0.9030507941500235,
    "eval_precision": 0.8456667402989471,
    "eval_f1": 0.8734172401992472,
    "eval_mcc": 0.7412637451693442,
    "eval_acc": 0.8697472415681978,
    "eval_threshold": 0.5
}