{
    "eval_recall": 0.6835183165458395,
    "eval_precision": 0.8537543072361568,
    "eval_f1": 0.7592104325518421,
    "eval_mcc": 0.5780413274669481,
    "eval_acc": 0.7832167832167832,
    "eval_threshold": 0.5
}