{
    "eval_recall": 0.9744136460554371,
    "eval_precision": 0.8431734317343174,
    "eval_f1": 0.904055390702275,
    "eval_mcc": 0.8029633141460917,
    "eval_acc": 0.896588486140725,
    "eval_threshold": 0.5
}