{
    "eval_recall": 0.7490216205812537,
    "eval_precision": 0.8624510600576198,
    "eval_f1": 0.8017442658975416,
    "eval_mcc": 0.635079694114582,
    "eval_acc": 0.8147815487265029,
    "eval_threshold": 0.5
}