{
    "eval_recall": 0.9484564883363599,
    "eval_precision": 0.9115317492280843,
    "eval_f1": 0.9296276013143484,
    "eval_mcc": 0.8572009978477999,
    "eval_acc": 0.9282473651148182,
    "eval_threshold": 0.5
}