{
    "eval_recall": 0.2935436964181451,
    "eval_precision": 0.38655101732009717,
    "eval_f1": 0.3142119880596961,
    "eval_mcc": 0.6399130166781578,
    "eval_acc": 0.6685166342922332
}