{
    "eval_recall": 0.3515970586879501,
    "eval_precision": 0.4759023187517713,
    "eval_f1": 0.3784982681988798,
    "eval_mcc": 0.870523483447057,
    "eval_acc": 0.8812578092461474
}