{
    "eval_recall": 0.9321434187765372,
    "eval_precision": 0.8679259096566366,
    "eval_f1": 0.8988891837585776,
    "eval_mcc": 0.7935196717398043,
    "eval_acc": 0.8956491118240864,
    "eval_threshold": 0.5
}