{
    "eval_recall": 0.9788319306299413,
    "eval_precision": 0.8513753327417923,
    "eval_f1": 0.9106655593783367,
    "eval_mcc": 0.8171662501226608,
    "eval_acc": 0.9039785768936496,
    "eval_threshold": 0.5
}