{
    "eval_recall": 0.7267527675276753,
    "eval_precision": 0.7184023344884187,
    "eval_f1": 0.7225534256626616,
    "eval_mcc": 0.4419117728359105,
    "eval_acc": 0.7209409594095941,
    "eval_threshold": 0.5
}