{
    "eval_recall": 0.3776473262490575,
    "eval_precision": 0.5301888358817509,
    "eval_f1": 0.4058906124196012,
    "eval_mcc": 0.8227914495492546,
    "eval_acc": 0.8369843967248571
}