{
    "eval_recall": 0.9852432699431959,
    "eval_precision": 0.9622504974974372,
    "eval_f1": 0.9736111534824126,
    "eval_mcc": 0.9468503940308911,
    "eval_acc": 0.973290103442952,
    "eval_threshold": 0.5
}