{
    "eval_recall": 0.9663497159792541,
    "eval_precision": 0.9357847533632287,
    "eval_f1": 0.9508216639834756,
    "eval_mcc": 0.9004954097371428,
    "eval_acc": 0.9500077196232823,
    "eval_threshold": 0.5
}