{
    "eval_recall": 0.9738978852240928,
    "eval_precision": 0.93946366935127,
    "eval_f1": 0.9563709259634661,
    "eval_mcc": 0.9117345057820327,
    "eval_acc": 0.9555611636230155,
    "eval_threshold": 0.5
}