{
    "eval_recall": 0.9793887704335466,
    "eval_precision": 0.8585669781931464,
    "eval_f1": 0.9150066401062417,
    "eval_mcc": 0.826275079917592,
    "eval_acc": 0.9090262970859986,
    "eval_threshold": 0.5
}