{
    "eval_recall": 0.9413867047891351,
    "eval_precision": 0.9136560115267623,
    "eval_f1": 0.927314087634729,
    "eval_mcc": 0.8528149586815389,
    "eval_acc": 0.926211029856491,
    "eval_threshold": 0.5
}