{
    "eval_recall": 0.9713791476647271,
    "eval_precision": 0.9352006056018168,
    "eval_f1": 0.952946621413144,
    "eval_mcc": 0.9052171735040151,
    "eval_acc": 0.9522654354800845,
    "eval_threshold": 0.5
}