{
    "eval_recall": 0.9668451925529201,
    "eval_precision": 0.7814883529169243,
    "eval_f1": 0.8643410852713177,
    "eval_mcc": 0.7169648366144407,
    "eval_acc": 0.8482529966845193,
    "eval_threshold": 0.5
}