{
    "eval_recall": 0.8107011070110701,
    "eval_precision": 0.6387556330862044,
    "eval_f1": 0.7145296365558176,
    "eval_mcc": 0.36571338229711564,
    "eval_acc": 0.6761070110701107,
    "eval_threshold": 0.5
}