{
    "eval_recall": 0.7677121771217712,
    "eval_precision": 0.7155631986242477,
    "eval_f1": 0.740720961281709,
    "eval_mcc": 0.4637793861152824,
    "eval_acc": 0.7312730627306273,
    "eval_threshold": 0.5
}