{
    "eval_recall": 0.9702420242024202,
    "eval_precision": 0.9396441508629875,
    "eval_f1": 0.9546979865771812,
    "eval_mcc": 0.908402539250307,
    "eval_acc": 0.9539603960396039,
    "eval_threshold": 0.5
}