{
    "eval_recall": 0.32834072804031683,
    "eval_precision": 0.41237298535066463,
    "eval_f1": 0.3455345862590121,
    "eval_mcc": 0.748194701609953,
    "eval_acc": 0.7683711828621453
}