{
    "eval_recall": 0.8158785328821001,
    "eval_precision": 0.8583525789068515,
    "eval_f1": 0.8365767878077375,
    "eval_mcc": 0.6820758551256687,
    "eval_acc": 0.840620140857953,
    "eval_threshold": 0.5
}