{
    "eval_recall": 0.9275829532945432,
    "eval_precision": 0.8620387285348922,
    "eval_f1": 0.8936105745559216,
    "eval_mcc": 0.7825026506893251,
    "eval_acc": 0.8900931215275061,
    "eval_threshold": 0.5
}