{
    "eval_recall": 0.4576583408463136,
    "eval_precision": 0.601909691174498,
    "eval_f1": 0.4841897972023963,
    "eval_mcc": 0.8938706283852231,
    "eval_acc": 0.902198877388125
}