{
    "eval_recall": 0.6438698915763136,
    "eval_precision": 0.8976744186046511,
    "eval_f1": 0.7498785818358427,
    "eval_mcc": 0.5947421361277521,
    "eval_acc": 0.7852376980817348,
    "eval_threshold": 0.5
}