{
    "eval_recall": 0.6964944649446494,
    "eval_precision": 0.6837529433073719,
    "eval_f1": 0.690064893519788,
    "eval_mcc": 0.3744192580181058,
    "eval_acc": 0.6871771217712177,
    "eval_threshold": 0.5
}