{
    "eval_recall": 0.4496771703625811,
    "eval_precision": 0.5998597177930085,
    "eval_f1": 0.4803279758823211,
    "eval_mcc": 0.8866731316990957,
    "eval_acc": 0.8955970956279932
}