{
    "eval_recall": 0.9339293197373935,
    "eval_precision": 0.8909914712153518,
    "eval_f1": 0.9119552615426585,
    "eval_mcc": 0.8207385469233731,
    "eval_acc": 0.9098904166957493,
    "eval_threshold": 0.5
}