{
    "eval_recall": 0.9607487079201006,
    "eval_precision": 0.9403882964178288,
    "eval_f1": 0.9504594762661508,
    "eval_mcc": 0.900121311690273,
    "eval_acc": 0.9499546311160746,
    "eval_threshold": 0.5
}