{
    "eval_recall": 0.9887238723872387,
    "eval_precision": 0.9597928235796668,
    "eval_f1": 0.9740435677901809,
    "eval_mcc": 0.94773538512541,
    "eval_acc": 0.9736523652365237,
    "eval_threshold": 0.5
}