{
    "eval_recall": 0.9378858977525315,
    "eval_precision": 0.907190635451505,
    "eval_f1": 0.9222829386763813,
    "eval_mcc": 0.8423835031076741,
    "eval_acc": 0.9209510575883897,
    "eval_threshold": 0.5
}