{
    "eval_recall": 0.4292442264480967,
    "eval_precision": 0.5605826628581311,
    "eval_f1": 0.45870267649034857,
    "eval_mcc": 0.8750595364469114,
    "eval_acc": 0.8849580307945826
}