{
    "eval_recall": 0.9684057779829827,
    "eval_precision": 0.9627540983606557,
    "eval_f1": 0.9655716681463944,
    "eval_mcc": 0.9309572716555758,
    "eval_acc": 0.9654706153947629,
    "eval_threshold": 0.5
}