{
    "eval_recall": 0.7763520882786937,
    "eval_precision": 0.8284384199356473,
    "eval_f1": 0.801549976816586,
    "eval_mcc": 0.6167973914227087,
    "eval_acc": 0.8077885417334959,
    "eval_threshold": 0.5
}