{
    "eval_recall": 0.3317928402462229,
    "eval_precision": 0.45787250290088666,
    "eval_f1": 0.3535828628612063,
    "eval_mcc": 0.6097084474320299,
    "eval_acc": 0.6334125726360275
}