{
    "eval_recall": 0.976650616713937,
    "eval_precision": 0.9403060900488982,
    "eval_f1": 0.9581338164876407,
    "eval_mcc": 0.915333421669085,
    "eval_acc": 0.9573247147285799,
    "eval_threshold": 0.5
}