{
    "eval_recall": 0.637769690668053,
    "eval_precision": 0.6380184631387336,
    "eval_f1": 0.6378940526486837,
    "eval_mcc": 0.2759293165301731,
    "eval_acc": 0.637964647777489,
    "eval_threshold": 0.5
}