{
    "eval_recall": 0.6560870758254825,
    "eval_precision": 0.920795892169448,
    "eval_f1": 0.7662233616407628,
    "eval_mcc": 0.6260810904636563,
    "eval_acc": 0.799826214213848,
    "eval_threshold": 0.5
}