{
    "eval_recall": 0.948864573596525,
    "eval_precision": 0.9280950844358395,
    "eval_f1": 0.9383649166689324,
    "eval_mcc": 0.8755697964274674,
    "eval_acc": 0.9376752625501732,
    "eval_threshold": 0.5
}