{
    "eval_recall": 0.966925088306803,
    "eval_precision": 0.939556031024338,
    "eval_f1": 0.9530441073406732,
    "eval_mcc": 0.905082162750069,
    "eval_acc": 0.9523492704414059,
    "eval_threshold": 0.5
}