{
    "eval_recall": 0.9540933435348126,
    "eval_precision": 0.7920813042557696,
    "eval_f1": 0.8655714946783896,
    "eval_mcc": 0.7188446424876042,
    "eval_acc": 0.8518235144095894,
    "eval_threshold": 0.5
}