{
    "eval_recall": 0.9697586187936438,
    "eval_precision": 0.9331746031746032,
    "eval_f1": 0.9511149459379298,
    "eval_mcc": 0.9010060730823999,
    "eval_acc": 0.9501567053389783,
    "eval_threshold": 0.5
}