{
    "eval_recall": 0.22453111441681894,
    "eval_precision": 0.3303432695358911,
    "eval_f1": 0.23940169535804037,
    "eval_mcc": 0.6163269093587548,
    "eval_acc": 0.6467988447267532
}