{
    "eval_recall": 0.27739234671207735,
    "eval_precision": 0.35365666997581857,
    "eval_f1": 0.2882358592399299,
    "eval_mcc": 0.6932532744236277,
    "eval_acc": 0.7093166078661962
}