{
    "eval_recall": 0.29901775941409314,
    "eval_precision": 0.41797098382471487,
    "eval_f1": 0.31910679065257613,
    "eval_mcc": 0.6367548755571155,
    "eval_acc": 0.6655543539832123
}