{
    "eval_recall": 0.9885156828846628,
    "eval_precision": 0.9635871200722239,
    "eval_f1": 0.9758922312639055,
    "eval_mcc": 0.9514685458089842,
    "eval_acc": 0.9755751119345376,
    "eval_threshold": 0.5
}