{
    "eval_recall": 0.7264245861154304,
    "eval_precision": 0.8861861191698281,
    "eval_f1": 0.7983915556672531,
    "eval_mcc": 0.6436754539619314,
    "eval_acc": 0.8165645294063844,
    "eval_threshold": 0.5
}