{
    "eval_recall": 0.2970152948242267,
    "eval_precision": 0.4129462215185871,
    "eval_f1": 0.316308694464632,
    "eval_mcc": 0.6268219451666277,
    "eval_acc": 0.6566043565580102
}