{
    "eval_recall": 0.9568375471434558,
    "eval_precision": 0.9496741993622626,
    "eval_f1": 0.9532424158085165,
    "eval_mcc": 0.9062172627948611,
    "eval_acc": 0.9530955538493753,
    "eval_threshold": 0.5
}