{
    "eval_recall": 0.5273062730627306,
    "eval_precision": 0.7914705067848241,
    "eval_f1": 0.6329310153914295,
    "eval_mcc": 0.41200192347189857,
    "eval_acc": 0.6941881918819188,
    "eval_threshold": 0.5
}