{
    "eval_recall": 0.9756419420465168,
    "eval_precision": 0.9460943748333778,
    "eval_f1": 0.960641004818364,
    "eval_mcc": 0.9205018147217621,
    "eval_acc": 0.9600263924781437,
    "eval_threshold": 0.5
}