{
    "eval_recall": 0.9070897918004219,
    "eval_precision": 0.8456605386917486,
    "eval_f1": 0.8752986989999115,
    "eval_mcc": 0.743503223851462,
    "eval_acc": 0.8707695129780795,
    "eval_threshold": 0.5
}