{
    "eval_recall": 0.9125799573560768,
    "eval_precision": 0.8131728942368588,
    "eval_f1": 0.8600133958472873,
    "eval_mcc": 0.7082258067599162,
    "eval_acc": 0.851457000710732,
    "eval_threshold": 0.5
}