{
    "eval_recall": 0.7184670264337327,
    "eval_precision": 0.9081974794773963,
    "eval_f1": 0.802267388417935,
    "eval_mcc": 0.6604148313771406,
    "eval_acc": 0.8229214305314186,
    "eval_threshold": 0.5
}