{
    "eval_recall": 0.9448601992562325,
    "eval_precision": 0.9080880730706438,
    "eval_f1": 0.926109261092611,
    "eval_mcc": 0.8500126812861715,
    "eval_acc": 0.924656434257921,
    "eval_threshold": 0.5
}