{
    "eval_recall": 0.8956250573236724,
    "eval_precision": 0.8325163050428407,
    "eval_f1": 0.8629183696012371,
    "eval_mcc": 0.7175097993126621,
    "eval_acc": 0.8577226451435385,
    "eval_threshold": 0.5
}