{
    "eval_recall": 0.8385621512851001,
    "eval_precision": 0.8463810930576071,
    "eval_f1": 0.8424534803583735,
    "eval_mcc": 0.6863916788247688,
    "eval_acc": 0.8431811945486143,
    "eval_threshold": 0.5
}