{
    "eval_recall": 0.9832984265077064,
    "eval_precision": 0.9862644761648263,
    "eval_f1": 0.9847792179852632,
    "eval_mcc": 0.9696085949760921,
    "eval_acc": 0.9848021051500994,
    "eval_threshold": 0.5
}