{
    "eval_recall": 0.9644633972992182,
    "eval_precision": 0.8366214549938348,
    "eval_f1": 0.8960052822713767,
    "eval_mcc": 0.7853424731219973,
    "eval_acc": 0.8880597014925373,
    "eval_threshold": 0.5
}