{
    "eval_recall": 0.3830214974476742,
    "eval_precision": 0.5013978759936419,
    "eval_f1": 0.40722539388906215,
    "eval_mcc": 0.8203977882444624,
    "eval_acc": 0.8286210951480137
}