{
    "eval_recall": 0.9775567457281306,
    "eval_precision": 0.7854508196721312,
    "eval_f1": 0.8710373821156686,
    "eval_mcc": 0.732788548715107,
    "eval_acc": 0.8552665136444785,
    "eval_threshold": 0.5
}