{
    "eval_recall": 0.8976545842217484,
    "eval_precision": 0.8206627680311891,
    "eval_f1": 0.8574338085539716,
    "eval_mcc": 0.704600180936215,
    "eval_acc": 0.8507462686567164,
    "eval_threshold": 0.5
}