{
    "eval_recall": 0.21866073653801454,
    "eval_precision": 0.3150401530834176,
    "eval_f1": 0.23614955305518445,
    "eval_mcc": 0.5967074096479521,
    "eval_acc": 0.617181384308477
}