{
    "eval_recall": 0.3103109291802757,
    "eval_precision": 0.43536692250413683,
    "eval_f1": 0.33584992545277054,
    "eval_mcc": 0.8418819128784033,
    "eval_acc": 0.8543677345749437
}