{
    "eval_recall": 0.9434278530521022,
    "eval_precision": 0.937925288154423,
    "eval_f1": 0.9406685236768803,
    "eval_mcc": 0.8810792607155215,
    "eval_acc": 0.9405318629161723,
    "eval_threshold": 0.5
}