{
    "eval_recall": 0.7178320769430725,
    "eval_precision": 0.6596989966555183,
    "eval_f1": 0.6875389020291298,
    "eval_mcc": 0.3489008302582011,
    "eval_acc": 0.6737717702105537,
    "eval_threshold": 0.5
}