{
    "eval_recall": 0.952352563514629,
    "eval_precision": 0.9112329969284774,
    "eval_f1": 0.9313391335545789,
    "eval_mcc": 0.8604564450713883,
    "eval_acc": 0.9297899660643859,
    "eval_threshold": 0.5
}