{
    "eval_recall": 0.9503990501945782,
    "eval_precision": 0.9241277578245254,
    "eval_f1": 0.9370793093356745,
    "eval_mcc": 0.8727226186921052,
    "eval_acc": 0.9361849482224127,
    "eval_threshold": 0.5
}