{
    "eval_recall": 0.6735741322897286,
    "eval_precision": 0.869050575283503,
    "eval_f1": 0.7589272806129825,
    "eval_mcc": 0.5871245471232688,
    "eval_acc": 0.7860396484249695,
    "eval_threshold": 0.5
}