{
    "eval_recall": 0.9951063946775169,
    "eval_precision": 0.9445720250521921,
    "eval_f1": 0.969180924840014,
    "eval_mcc": 0.9380564624067582,
    "eval_acc": 0.9683565183922582,
    "eval_threshold": 0.5
}