{
    "eval_recall": 0.9886182438005169,
    "eval_precision": 0.9627844712182062,
    "eval_f1": 0.9755303564646519,
    "eval_mcc": 0.950746453360767,
    "eval_acc": 0.975202067410788,
    "eval_threshold": 0.5
}