{
    "eval_recall": 0.9279188283366236,
    "eval_precision": 0.8572337447512406,
    "eval_f1": 0.8911768596498963,
    "eval_mcc": 0.7761609287669801,
    "eval_acc": 0.8867552251818203,
    "eval_threshold": 0.5
}