{
    "eval_recall": 0.957815337337617,
    "eval_precision": 0.9390577923856478,
    "eval_f1": 0.9483438213124956,
    "eval_mcc": 0.895901150711622,
    "eval_acc": 0.9478606826272074,
    "eval_threshold": 0.5
}