{
    "eval_recall": 0.9253575357535754,
    "eval_precision": 0.9250013746082366,
    "eval_f1": 0.9251794209035663,
    "eval_mcc": 0.8503300960359977,
    "eval_acc": 0.9251650165016502,
    "eval_threshold": 0.5
}