{
    "eval_recall": 0.48653136531365315,
    "eval_precision": 0.7670157068062827,
    "eval_f1": 0.5953939941296004,
    "eval_mcc": 0.36395291348740805,
    "eval_acc": 0.6693726937269373,
    "eval_threshold": 0.5
}