{
    "eval_recall": 0.299091966119617,
    "eval_precision": 0.42735016955602273,
    "eval_f1": 0.33200612387733713,
    "eval_mcc": 0.5994404775775082,
    "eval_acc": 0.6219260420750032
}