{
    "eval_recall": 0.9463096101840248,
    "eval_precision": 0.9247180148243636,
    "eval_f1": 0.9353892293649759,
    "eval_mcc": 0.8695068942372611,
    "eval_acc": 0.9346349185409933,
    "eval_threshold": 0.5
}