{
    "eval_recall": 0.9857179290997194,
    "eval_precision": 0.7747043495690519,
    "eval_f1": 0.867564534231201,
    "eval_mcc": 0.7265263962131809,
    "eval_acc": 0.84952818158633,
    "eval_threshold": 0.5
}