{
    "eval_recall": 0.739667273199896,
    "eval_precision": 0.6529371271225333,
    "eval_f1": 0.6936014625228518,
    "eval_mcc": 0.34960168363845134,
    "eval_acc": 0.6732518845853912,
    "eval_threshold": 0.5
}