{
    "eval_recall": 0.9621455510546165,
    "eval_precision": 0.9238197424892703,
    "eval_f1": 0.9425932261375298,
    "eval_mcc": 0.883641238962842,
    "eval_acc": 0.9414392405946814,
    "eval_threshold": 0.5
}