{
    "eval_recall": 0.23840808011121462,
    "eval_precision": 0.3391752177666126,
    "eval_f1": 0.2553265172131584,
    "eval_mcc": 0.6359872925450851,
    "eval_acc": 0.6668679716784673
}