{
    "eval_recall": 0.9864163991108916,
    "eval_precision": 0.9600384592272099,
    "eval_f1": 0.9730486950695861,
    "eval_mcc": 0.9457019335840402,
    "eval_acc": 0.9726725335803613,
    "eval_threshold": 0.5
}