{
    "eval_recall": 0.963642362256681,
    "eval_precision": 0.9324479632230878,
    "eval_f1": 0.9477885582632963,
    "eval_mcc": 0.8943525408947743,
    "eval_acc": 0.9469257157936404,
    "eval_threshold": 0.5
}