{
    "eval_recall": 0.7366395072817091,
    "eval_precision": 0.8269355419517465,
    "eval_f1": 0.7791802388707926,
    "eval_mcc": 0.5859764156470743,
    "eval_acc": 0.7912362866491307,
    "eval_threshold": 0.5
}