{
    "eval_recall": 0.9303482587064676,
    "eval_precision": 0.8253467843631778,
    "eval_f1": 0.8747076511861008,
    "eval_mcc": 0.739484239516407,
    "eval_acc": 0.8667377398720683,
    "eval_threshold": 0.5
}