{
    "eval_recall": 0.978225008248103,
    "eval_precision": 0.9256946612550734,
    "eval_f1": 0.9512351620147578,
    "eval_mcc": 0.9011755930213474,
    "eval_acc": 0.9498614592954215,
    "eval_threshold": 0.5
}