{
    "eval_recall": 0.754731507025085,
    "eval_precision": 0.8390271735254261,
    "eval_f1": 0.7946500945690353,
    "eval_mcc": 0.6130331438685839,
    "eval_acc": 0.8049656765253096,
    "eval_threshold": 0.5
}