{
    "eval_recall": 0.952926386366811,
    "eval_precision": 0.9478949562317632,
    "eval_f1": 0.9504040122596824,
    "eval_mcc": 0.9006202085708006,
    "eval_acc": 0.9503036225308857,
    "eval_threshold": 0.5
}