{
    "eval_recall": 0.4738007380073801,
    "eval_precision": 0.8126582278481013,
    "eval_f1": 0.5986013986013986,
    "eval_mcc": 0.40110935302005707,
    "eval_acc": 0.6822878228782288,
    "eval_threshold": 0.5
}