{
    "eval_recall": 0.9288305520744015,
    "eval_precision": 0.8943791679898381,
    "eval_f1": 0.9112793632304407,
    "eval_mcc": 0.8197496080783099,
    "eval_acc": 0.9095706087988918,
    "eval_threshold": 0.5
}