{
    "eval_recall": 0.8142321412238178,
    "eval_precision": 0.8620956808057331,
    "eval_f1": 0.8374805964532669,
    "eval_mcc": 0.6850408912721575,
    "eval_acc": 0.8419921339065215,
    "eval_threshold": 0.5
}