{
    "eval_recall": 0.9370214867868609,
    "eval_precision": 0.9130617893026893,
    "eval_f1": 0.9248864917573208,
    "eval_mcc": 0.8480603220341147,
    "eval_acc": 0.9238845144356955,
    "eval_threshold": 0.5
}