{
    "eval_recall": 0.273531416737748,
    "eval_precision": 0.3544244867983464,
    "eval_f1": 0.2857860688368066,
    "eval_mcc": 0.713185193808814,
    "eval_acc": 0.7297147385103011
}