{
    "eval_recall": 0.9827117806865893,
    "eval_precision": 0.956547869463309,
    "eval_f1": 0.969453327242272,
    "eval_mcc": 0.9384086331127423,
    "eval_acc": 0.9690288713910761,
    "eval_threshold": 0.5
}