{
    "eval_recall": 0.9764667069885082,
    "eval_precision": 0.943222859570852,
    "eval_f1": 0.9595569363771443,
    "eval_mcc": 0.9182589698161016,
    "eval_acc": 0.9588442293946225,
    "eval_threshold": 0.5
}