{
    "eval_recall": 0.9597431464559151,
    "eval_precision": 0.9273356401384083,
    "eval_f1": 0.9432611202136053,
    "eval_mcc": 0.8850544171177238,
    "eval_acc": 0.9422572178477691,
    "eval_threshold": 0.5
}