{
    "eval_recall": 0.2616533511996414,
    "eval_precision": 0.29070494295105254,
    "eval_f1": 0.2529421771705246,
    "eval_mcc": 0.6070581168840657,
    "eval_acc": 0.6262334475177668
}