{
    "eval_recall": 0.9686696128223732,
    "eval_precision": 0.8965811965811966,
    "eval_f1": 0.9312323642243429,
    "eval_mcc": 0.859718998270159,
    "eval_acc": 0.9284677791702395,
    "eval_threshold": 0.5
}