{
    "eval_recall": 0.9757823557163076,
    "eval_precision": 0.9428658258623309,
    "eval_f1": 0.9590417310664605,
    "eval_mcc": 0.9176171513219953,
    "eval_acc": 0.9585257062367948,
    "eval_threshold": 0.5
}