{
    "eval_recall": 0.9785561115082202,
    "eval_precision": 0.938066624499262,
    "eval_f1": 0.9578836890120831,
    "eval_mcc": 0.914802068259718,
    "eval_acc": 0.9569747621927751,
    "eval_threshold": 0.5
}