{
    "eval_recall": 0.9674027822414031,
    "eval_precision": 0.9152152195630456,
    "eval_f1": 0.9405856619944648,
    "eval_mcc": 0.8792863824232379,
    "eval_acc": 0.9389267442127239,
    "eval_threshold": 0.5
}