{
    "eval_recall": 0.944462126034373,
    "eval_precision": 0.9116743471582182,
    "eval_f1": 0.9277786462404252,
    "eval_mcc": 0.8536442302667057,
    "eval_acc": 0.9265442404006677,
    "eval_threshold": 0.5
}