{
    "eval_recall": 0.7772502726631167,
    "eval_precision": 0.831503088538092,
    "eval_f1": 0.8034618828132774,
    "eval_mcc": 0.6210706241816535,
    "eval_acc": 0.8098736126259062,
    "eval_threshold": 0.5
}