{
    "eval_recall": 0.9594882729211087,
    "eval_precision": 0.8806262230919765,
    "eval_f1": 0.9183673469387755,
    "eval_mcc": 0.8327702725550566,
    "eval_acc": 0.9147121535181236,
    "eval_threshold": 0.5
}