{
    "eval_recall": 0.9734761540423361,
    "eval_precision": 0.7950426994376172,
    "eval_f1": 0.8752579683558817,
    "eval_mcc": 0.7414340236206377,
    "eval_acc": 0.861259882682989,
    "eval_threshold": 0.5
}