{
    "eval_recall": 0.6907679476486815,
    "eval_precision": 0.8541848472828243,
    "eval_f1": 0.7638337116912598,
    "eval_mcc": 0.5836293714242003,
    "eval_acc": 0.7864245845897222,
    "eval_threshold": 0.5
}