{
    "eval_recall": 0.3470474829258152,
    "eval_precision": 0.4621141772992729,
    "eval_f1": 0.3679414011781439,
    "eval_mcc": 0.6127353345431532,
    "eval_acc": 0.6368462757527734
}