{
    "eval_recall": 0.9653653837331988,
    "eval_precision": 0.9212853515453988,
    "eval_f1": 0.9428104209135101,
    "eval_mcc": 0.8838691457092743,
    "eval_acc": 0.9414288336239331,
    "eval_threshold": 0.5
}