{
    "eval_recall": 0.9736226432405156,
    "eval_precision": 0.9222613305522965,
    "eval_f1": 0.9472462733196465,
    "eval_mcc": 0.8929147977424131,
    "eval_acc": 0.9457648894191062,
    "eval_threshold": 0.5
}