{
    "eval_recall": 0.5452362198891507,
    "eval_precision": 0.6324898671344837,
    "eval_f1": 0.5695690269322367,
    "eval_mcc": 0.9118599802270853,
    "eval_acc": 0.9168779714738511
}