{
    "eval_recall": 0.9749960685642397,
    "eval_precision": 0.936768149882904,
    "eval_f1": 0.9554999036794453,
    "eval_mcc": 0.9103836731937786,
    "eval_acc": 0.9548086704749981,
    "eval_threshold": 0.5
}