{
    "eval_recall": 0.6721851275953535,
    "eval_precision": 0.9087424261159887,
    "eval_f1": 0.7727655099894848,
    "eval_mcc": 0.6262742932546262,
    "eval_acc": 0.8023415348028903,
    "eval_threshold": 0.5
}