{
    "eval_recall": 0.23580689649841133,
    "eval_precision": 0.33487856866195903,
    "eval_f1": 0.2517092997761803,
    "eval_mcc": 0.6252181300030444,
    "eval_acc": 0.6557724128716637
}