{
    "eval_recall": 0.28171078699808644,
    "eval_precision": 0.395313391853933,
    "eval_f1": 0.2996820299493234,
    "eval_mcc": 0.7525488513480002,
    "eval_acc": 0.7723166106503038
}