{
    "eval_recall": 0.9785343607485454,
    "eval_precision": 0.9513071395811038,
    "eval_f1": 0.9647286821705426,
    "eval_mcc": 0.9291744136668973,
    "eval_acc": 0.9643947100712106,
    "eval_threshold": 0.5
}