{
    "eval_recall": 0.6407590330127372,
    "eval_precision": 0.6563706563706564,
    "eval_f1": 0.6484708977310095,
    "eval_mcc": 0.30538922725443346,
    "eval_acc": 0.6526514166883286,
    "eval_threshold": 0.5
}