{
    "eval_recall": 0.9439350966295099,
    "eval_precision": 0.9152011255355886,
    "eval_f1": 0.9293460614325605,
    "eval_mcc": 0.8568962859170708,
    "eval_acc": 0.9282369236857727,
    "eval_threshold": 0.5
}