{
    "eval_recall": 0.7099606695326077,
    "eval_precision": 0.8811442842547395,
    "eval_f1": 0.7863438354776618,
    "eval_mcc": 0.6261249499117407,
    "eval_acc": 0.8070977773712613,
    "eval_threshold": 0.5
}