{
    "eval_recall": 0.32500833002357,
    "eval_precision": 0.45630095589316294,
    "eval_f1": 0.35210551105260124,
    "eval_mcc": 0.6094262579617536,
    "eval_acc": 0.633095615425251
}