{
    "eval_recall": 0.7279795115704747,
    "eval_precision": 0.8762523395353958,
    "eval_f1": 0.7952637889688249,
    "eval_mcc": 0.634318630720854,
    "eval_acc": 0.8125857495655355,
    "eval_threshold": 0.5
}