{
    "eval_recall": 0.6033874382498235,
    "eval_precision": 0.9204345273047563,
    "eval_f1": 0.7289285022282505,
    "eval_mcc": 0.5871608956735263,
    "eval_acc": 0.7756142939629178,
    "eval_threshold": 0.5
}