{
    "eval_recall": 0.9755164498852333,
    "eval_precision": 0.7752330766112687,
    "eval_f1": 0.8639186900056465,
    "eval_mcc": 0.7170228434029331,
    "eval_acc": 0.8463402193318031,
    "eval_threshold": 0.5
}