{
    "eval_recall": 0.24224315582715467,
    "eval_precision": 0.3449059030134609,
    "eval_f1": 0.2619582256091345,
    "eval_mcc": 0.6149180906648561,
    "eval_acc": 0.6337213706724578
}