{
    "eval_recall": 0.945048160039516,
    "eval_precision": 0.9237733116060112,
    "eval_f1": 0.9342896383335877,
    "eval_mcc": 0.8672666710069854,
    "eval_acc": 0.9335186042921105,
    "eval_threshold": 0.5
}