{
    "eval_recall": 0.6780650542118432,
    "eval_precision": 0.8739044154126013,
    "eval_f1": 0.763628481629999,
    "eval_mcc": 0.5953692310473744,
    "eval_acc": 0.790113556168602,
    "eval_threshold": 0.5
}