{
    "eval_recall": 0.7248696606603859,
    "eval_precision": 0.8918523520144047,
    "eval_f1": 0.7997376255108732,
    "eval_mcc": 0.6484377075870091,
    "eval_acc": 0.8184853196743803,
    "eval_threshold": 0.5
}