{
    "eval_recall": 0.9630196378474879,
    "eval_precision": 0.779360165118679,
    "eval_f1": 0.8615103810175677,
    "eval_mcc": 0.7103918880581301,
    "eval_acc": 0.8451925529201735,
    "eval_threshold": 0.5
}