{
    "eval_recall": 0.25703691927885075,
    "eval_precision": 0.35583817011536517,
    "eval_f1": 0.27823599728476717,
    "eval_mcc": 0.6406812441428442,
    "eval_acc": 0.6695240150884442
}