{
    "eval_recall": 0.9363906301550643,
    "eval_precision": 0.9183330097715654,
    "eval_f1": 0.927273915316257,
    "eval_mcc": 0.8533123357686478,
    "eval_acc": 0.9265734265734266,
    "eval_threshold": 0.5
}