{
    "eval_recall": 0.7953901033568097,
    "eval_precision": 0.8223167848699764,
    "eval_f1": 0.8086293472196392,
    "eval_mcc": 0.6238596572355598,
    "eval_acc": 0.8117625537363944,
    "eval_threshold": 0.5
}