{
    "eval_recall": 0.9459843638948117,
    "eval_precision": 0.825682382133995,
    "eval_f1": 0.8817489234845975,
    "eval_mcc": 0.7543181307184701,
    "eval_acc": 0.8731343283582089,
    "eval_threshold": 0.5
}