{
    "eval_recall": 0.28332146622161,
    "eval_precision": 0.3997498942542658,
    "eval_f1": 0.30718412517670973,
    "eval_mcc": 0.6386942169628084,
    "eval_acc": 0.6586436691493532
}