{
    "eval_recall": 0.6907980244346243,
    "eval_precision": 0.6591839265781967,
    "eval_f1": 0.6746208034524338,
    "eval_mcc": 0.33402096336338893,
    "eval_acc": 0.6668182999740058,
    "eval_threshold": 0.5
}