{
    "eval_recall": 0.2808026635741006,
    "eval_precision": 0.38339652448783534,
    "eval_f1": 0.2966739461413774,
    "eval_mcc": 0.7452129672364168,
    "eval_acc": 0.7653582477670542
}