{
    "eval_recall": 0.971947194719472,
    "eval_precision": 0.9258094938698522,
    "eval_f1": 0.948317501207535,
    "eval_mcc": 0.8951716878578225,
    "eval_acc": 0.947029702970297,
    "eval_threshold": 0.5
}