{
    "eval_recall": 0.44188893911779453,
    "eval_precision": 0.5895011479412777,
    "eval_f1": 0.4707479682598418,
    "eval_mcc": 0.8860404368591556,
    "eval_acc": 0.8950203409032391
}