{
    "eval_recall": 0.9583266204822513,
    "eval_precision": 0.9689417386110659,
    "eval_f1": 0.963604946271397,
    "eval_mcc": 0.9276642848259925,
    "eval_acc": 0.9638043069652543,
    "eval_threshold": 0.5
}