{
    "eval_recall": 0.9178329926089007,
    "eval_precision": 0.8564196625091709,
    "eval_f1": 0.8860634583270078,
    "eval_mcc": 0.7671127939771343,
    "eval_acc": 0.8825416699272244,
    "eval_threshold": 0.5
}