{
    "eval_recall": 0.9895529774014405,
    "eval_precision": 0.955660577740017,
    "eval_f1": 0.9723115157081499,
    "eval_mcc": 0.9442350590152873,
    "eval_acc": 0.9718205311486227,
    "eval_threshold": 0.5
}