{
    "eval_recall": 0.9544629138147785,
    "eval_precision": 0.9518038724056275,
    "eval_f1": 0.9531315385688379,
    "eval_mcc": 0.9061947670438874,
    "eval_acc": 0.9530955538493753,
    "eval_threshold": 0.5
}