{
    "eval_recall": 0.768450184501845,
    "eval_precision": 0.6632165605095541,
    "eval_f1": 0.711965811965812,
    "eval_mcc": 0.3830818868559294,
    "eval_acc": 0.6891143911439115,
    "eval_threshold": 0.5
}