{
    "eval_recall": 0.9385275196568977,
    "eval_precision": 0.9124391938846421,
    "eval_f1": 0.9252995066948555,
    "eval_mcc": 0.8488102075373088,
    "eval_acc": 0.9242315939957112,
    "eval_threshold": 0.5
}