{
    "eval_recall": 0.3271892125755944,
    "eval_precision": 0.44732720871932313,
    "eval_f1": 0.35321701666295513,
    "eval_mcc": 0.6460692976288052,
    "eval_acc": 0.6640676926223222
}