{
    "eval_recall": 0.7446061866389394,
    "eval_precision": 0.6328988068935042,
    "eval_f1": 0.6842230980532664,
    "eval_mcc": 0.3176989401918803,
    "eval_acc": 0.6563556017676111,
    "eval_threshold": 0.5
}