{
    "eval_recall": 0.975465468219756,
    "eval_precision": 0.9375854013311589,
    "eval_f1": 0.9561504056817925,
    "eval_mcc": 0.9112732512480318,
    "eval_acc": 0.9552646060717234,
    "eval_threshold": 0.5
}