{
    "eval_recall": 0.66035799063322,
    "eval_precision": 0.8674363728299342,
    "eval_f1": 0.7498634029067861,
    "eval_mcc": 0.5760970718912433,
    "eval_acc": 0.7797202797202797,
    "eval_threshold": 0.5
}