{
    "eval_recall": 0.7542182588054148,
    "eval_precision": 0.8489312536106297,
    "eval_f1": 0.7987769661967047,
    "eval_mcc": 0.6238989271343264,
    "eval_acc": 0.8100019246808238,
    "eval_threshold": 0.5
}