{
    "eval_recall": 0.9691775436389369,
    "eval_precision": 0.9325868200045396,
    "eval_f1": 0.9505301715828031,
    "eval_mcc": 0.9003037513285214,
    "eval_acc": 0.9498004538696299,
    "eval_threshold": 0.5
}