{
    "eval_recall": 0.25514889612100156,
    "eval_precision": 0.38919596650728844,
    "eval_f1": 0.28205051864461317,
    "eval_mcc": 0.789406395764445,
    "eval_acc": 0.8071636817992504
}