{
    "eval_recall": 0.28508489367942813,
    "eval_precision": 0.39611807719592557,
    "eval_f1": 0.307321899821233,
    "eval_mcc": 0.7980997781578569,
    "eval_acc": 0.8090160721285771
}