{
    "eval_recall": 0.9647443813287231,
    "eval_precision": 0.9404718911761165,
    "eval_f1": 0.9524535202682108,
    "eval_mcc": 0.9039598052639672,
    "eval_acc": 0.951829550717925,
    "eval_threshold": 0.5
}