{
    "eval_recall": 0.9481771197094566,
    "eval_precision": 0.9070016034206306,
    "eval_f1": 0.9271324182203099,
    "eval_mcc": 0.8519318334615211,
    "eval_acc": 0.9255252320792908,
    "eval_threshold": 0.5
}