{
    "eval_recall": 0.9490295265849233,
    "eval_precision": 0.9196014705098833,
    "eval_f1": 0.9340837753003571,
    "eval_mcc": 0.8665019604632425,
    "eval_acc": 0.9330290867102876,
    "eval_threshold": 0.5
}