{
    "eval_recall": 0.9603296549797458,
    "eval_precision": 0.9472306420501515,
    "eval_f1": 0.953735173753208,
    "eval_mcc": 0.906976478385781,
    "eval_acc": 0.9534445452641865,
    "eval_threshold": 0.5
}