{
    "eval_recall": 0.9309706100271672,
    "eval_precision": 0.8969660916121356,
    "eval_f1": 0.9136520632612252,
    "eval_mcc": 0.8245841691962493,
    "eval_acc": 0.9119962945808244,
    "eval_threshold": 0.5
}