{
    "eval_recall": 0.6730608840700584,
    "eval_precision": 0.8654512456690315,
    "eval_f1": 0.7572268937890215,
    "eval_mcc": 0.5830103914932259,
    "eval_acc": 0.7842112016423943,
    "eval_threshold": 0.5
}