{
    "eval_recall": 0.9742412649834226,
    "eval_precision": 0.7768964815944682,
    "eval_f1": 0.864448970355284,
    "eval_mcc": 0.7180167935477361,
    "eval_acc": 0.8472328487630707,
    "eval_threshold": 0.5
}