{
    "eval_recall": 0.9672758705853297,
    "eval_precision": 0.9348370927318296,
    "eval_f1": 0.950779874977241,
    "eval_mcc": 0.9003718801648483,
    "eval_acc": 0.9499150841438938,
    "eval_threshold": 0.5
}