{
    "eval_recall": 0.9265676567656765,
    "eval_precision": 0.9210958005249343,
    "eval_f1": 0.9238236261928265,
    "eval_mcc": 0.8472096688970879,
    "eval_acc": 0.9235973597359736,
    "eval_threshold": 0.5
}