{
    "eval_recall": 0.9774331903662158,
    "eval_precision": 0.9270292258589399,
    "eval_f1": 0.9515642063339114,
    "eval_mcc": 0.9018491258522797,
    "eval_acc": 0.9502572898799314,
    "eval_threshold": 0.5
}