{
    "eval_recall": 0.7588036220616482,
    "eval_precision": 0.8614745586708203,
    "eval_f1": 0.8068861547439576,
    "eval_mcc": 0.6413589228928024,
    "eval_acc": 0.8183938534711425,
    "eval_threshold": 0.5
}