{
    "eval_recall": 0.970968274041898,
    "eval_precision": 0.9303514040356146,
    "eval_f1": 0.9502260008609557,
    "eval_mcc": 0.89913626809352,
    "eval_acc": 0.9491394952438555,
    "eval_threshold": 0.5
}