{
    "eval_recall": 0.9363423067424055,
    "eval_precision": 0.9007483962936564,
    "eval_f1": 0.9182005328166626,
    "eval_mcc": 0.8337827164191997,
    "eval_acc": 0.9165663115639957,
    "eval_threshold": 0.5
}