{
    "eval_recall": 0.5935074100211715,
    "eval_precision": 0.9282560706401766,
    "eval_f1": 0.724063710718898,
    "eval_mcc": 0.5871432975727675,
    "eval_acc": 0.773817925194072,
    "eval_threshold": 0.5
}