{
    "eval_recall": 0.29334428872468615,
    "eval_precision": 0.42263063192645844,
    "eval_f1": 0.3101503372895078,
    "eval_mcc": 0.7554730393352901,
    "eval_acc": 0.7745608896288759
}