{
    "eval_recall": 0.9831675592960979,
    "eval_precision": 0.8209114139693356,
    "eval_f1": 0.8947429499825924,
    "eval_mcc": 0.7841512601497184,
    "eval_acc": 0.8843407294057638,
    "eval_threshold": 0.5
}