{
    "eval_recall": 0.3215397289689985,
    "eval_precision": 0.4116704783340641,
    "eval_f1": 0.3331235393379807,
    "eval_mcc": 0.7089557986063123,
    "eval_acc": 0.7235543739454983
}