{
    "eval_recall": 0.2398370946792264,
    "eval_precision": 0.2218026923268742,
    "eval_f1": 0.21629410542862323,
    "eval_mcc": 0.5919591677153897,
    "eval_acc": 0.6155573164289487
}