{
    "eval_recall": 0.9881452210422327,
    "eval_precision": 0.9707041911809304,
    "eval_f1": 0.979347061163296,
    "eval_mcc": 0.9584686609946758,
    "eval_acc": 0.9791570171375636,
    "eval_threshold": 0.5
}