{
    "eval_recall": 0.9807743945008324,
    "eval_precision": 0.9828857435014262,
    "eval_f1": 0.9818289339282835,
    "eval_mcc": 0.9636991247906945,
    "eval_acc": 0.9818484506739702,
    "eval_threshold": 0.5
}