{
    "eval_recall": 0.9628162816281628,
    "eval_precision": 0.9344936202018045,
    "eval_f1": 0.9484435534122619,
    "eval_mcc": 0.8957360281088812,
    "eval_acc": 0.9476622662266226,
    "eval_threshold": 0.5
}