{
    "eval_recall": 0.961489415965315,
    "eval_precision": 0.7936842105263158,
    "eval_f1": 0.8695652173913044,
    "eval_mcc": 0.728010521301552,
    "eval_acc": 0.8557765876052028,
    "eval_threshold": 0.5
}