{
    "eval_recall": 0.9739862280030605,
    "eval_precision": 0.8262656858502813,
    "eval_f1": 0.8940653166335011,
    "eval_mcc": 0.7817869753711082,
    "eval_acc": 0.884595766386126,
    "eval_threshold": 0.5
}