{
    "eval_recall": 0.9647709575210783,
    "eval_precision": 0.9651856229517004,
    "eval_f1": 0.9649782456894236,
    "eval_mcc": 0.9299716233363887,
    "eval_acc": 0.964985768755706,
    "eval_threshold": 0.5
}