{
    "eval_recall": 0.9639614471294874,
    "eval_precision": 0.9479395604395604,
    "eval_f1": 0.9558833714246139,
    "eval_mcc": 0.9112078918904207,
    "eval_acc": 0.9555384937530537,
    "eval_threshold": 0.5
}