{
    "eval_recall": 0.9489426120464242,
    "eval_precision": 0.8961961701758946,
    "eval_f1": 0.9218154675697956,
    "eval_mcc": 0.8404478350024008,
    "eval_acc": 0.9194961916123704,
    "eval_threshold": 0.5
}