{
    "eval_recall": 0.8400852878464818,
    "eval_precision": 0.8008130081300813,
    "eval_f1": 0.8199791883454735,
    "eval_mcc": 0.6318903606100166,
    "eval_acc": 0.8155650319829424,
    "eval_threshold": 0.5
}