{
    "eval_recall": 0.9676103034940067,
    "eval_precision": 0.7806584362139918,
    "eval_f1": 0.8641384808108417,
    "eval_mcc": 0.7165927530357812,
    "eval_acc": 0.847870441213976,
    "eval_threshold": 0.5
}