{
    "eval_recall": 0.6702380188618721,
    "eval_precision": 0.8726923398212346,
    "eval_f1": 0.7581827418535452,
    "eval_mcc": 0.5885198784834628,
    "eval_acc": 0.7862321165073458,
    "eval_threshold": 0.5
}