{
    "eval_recall": 0.34137612051707944,
    "eval_precision": 0.4701039898234775,
    "eval_f1": 0.36764580736267566,
    "eval_mcc": 0.6111537759025043,
    "eval_acc": 0.6351030110935024
}