{
    "eval_recall": 0.7055350553505535,
    "eval_precision": 0.7226001511715797,
    "eval_f1": 0.7139656460044809,
    "eval_mcc": 0.4348076156633827,
    "eval_acc": 0.7173431734317344,
    "eval_threshold": 0.5
}