{
    "eval_recall": 0.30545933694638566,
    "eval_precision": 0.41345615965564947,
    "eval_f1": 0.3285152191577481,
    "eval_mcc": 0.6398084485063893,
    "eval_acc": 0.6691846781570211
}