{
    "eval_recall": 0.9528488131858042,
    "eval_precision": 0.9028188620149643,
    "eval_f1": 0.9271594183475173,
    "eval_mcc": 0.8516800459140199,
    "eval_acc": 0.9251841145295616,
    "eval_threshold": 0.5
}