{
    "eval_recall": 0.788929889298893,
    "eval_precision": 0.6575426726126403,
    "eval_f1": 0.7172691436718945,
    "eval_mcc": 0.38582500485440485,
    "eval_acc": 0.6890221402214022,
    "eval_threshold": 0.5
}