{
    "eval_recall": 0.9530100424252188,
    "eval_precision": 0.9541373192107102,
    "eval_f1": 0.953573347662547,
    "eval_mcc": 0.9072021798010818,
    "eval_acc": 0.9536007733204447,
    "eval_threshold": 0.5
}