{
    "eval_recall": 0.9614719683872561,
    "eval_precision": 0.9444444444444444,
    "eval_f1": 0.9528821441684004,
    "eval_mcc": 0.905041034523748,
    "eval_acc": 0.9524471205805156,
    "eval_threshold": 0.5
}