{
    "eval_recall": 0.9790869676103034,
    "eval_precision": 0.7842696629213484,
    "eval_f1": 0.8709165154264973,
    "eval_mcc": 0.732734753144897,
    "eval_acc": 0.8548839581739353,
    "eval_threshold": 0.5
}