{
    "eval_recall": 0.9872937293729372,
    "eval_precision": 0.9534154892170402,
    "eval_f1": 0.9700589093660488,
    "eval_mcc": 0.9396473078062648,
    "eval_acc": 0.9695269526952696,
    "eval_threshold": 0.5
}