{
    "eval_recall": 0.9923571782042118,
    "eval_precision": 0.9635878270154832,
    "eval_f1": 0.9777609231519354,
    "eval_mcc": 0.9552837351961562,
    "eval_acc": 0.9774289327541651,
    "eval_threshold": 0.5
}