{
    "eval_recall": 0.5981266439982036,
    "eval_precision": 0.9189748644652538,
    "eval_f1": 0.7246230374630809,
    "eval_mcc": 0.5820156731880364,
    "eval_acc": 0.7726951947135433,
    "eval_threshold": 0.5
}