{
    "eval_recall": 0.9838283828382838,
    "eval_precision": 0.9372249004401593,
    "eval_f1": 0.9599613568054959,
    "eval_mcc": 0.919068728614355,
    "eval_acc": 0.9589658965896589,
    "eval_threshold": 0.5
}