{
    "eval_recall": 0.9568987503187962,
    "eval_precision": 0.8010247651579846,
    "eval_f1": 0.8720511330621731,
    "eval_mcc": 0.7332205058246951,
    "eval_acc": 0.859602142310635,
    "eval_threshold": 0.5
}