{
    "eval_recall": 0.8959351864785584,
    "eval_precision": 0.8614020950846092,
    "eval_f1": 0.8783293392673741,
    "eval_mcc": 0.7525472324183506,
    "eval_acc": 0.8759684511761011,
    "eval_threshold": 0.5
}