{
    "eval_recall": 0.8695571955719558,
    "eval_precision": 0.6147925906600574,
    "eval_f1": 0.7203117835855113,
    "eval_mcc": 0.3567999617492769,
    "eval_acc": 0.6623616236162362,
    "eval_threshold": 0.5
}