{
    "eval_recall": 0.6469550553385354,
    "eval_precision": 0.734591598391274,
    "eval_f1": 0.6702811991312141,
    "eval_mcc": 0.9377551484658204,
    "eval_acc": 0.941283676703645
}