{
    "eval_recall": 0.6226342464874575,
    "eval_precision": 0.9054860981526405,
    "eval_f1": 0.7378825318380536,
    "eval_mcc": 0.58701944001114,
    "eval_acc": 0.7788220953358568,
    "eval_threshold": 0.5
}