{
    "eval_recall": 0.3212939301375947,
    "eval_precision": 0.40936801756583213,
    "eval_f1": 0.33284650129904353,
    "eval_mcc": 0.7068098056343253,
    "eval_acc": 0.7212025154660259
}