{
    "eval_recall": 0.2939856829348286,
    "eval_precision": 0.383920259970659,
    "eval_f1": 0.3137454344657333,
    "eval_mcc": 0.7992361456881993,
    "eval_acc": 0.809251274010192
}