{
    "eval_recall": 0.9645201843832938,
    "eval_precision": 0.9383068351678218,
    "eval_f1": 0.9512329521972724,
    "eval_mcc": 0.9015187436881731,
    "eval_acc": 0.9505828156627347,
    "eval_threshold": 0.5
}