{
    "eval_recall": 0.4185024519531034,
    "eval_precision": 0.5100736665507217,
    "eval_f1": 0.4429933003413377,
    "eval_mcc": 0.8754568121796318,
    "eval_acc": 0.8826201796090861
}