{
    "eval_recall": 0.9453373647358371,
    "eval_precision": 0.9090978651771368,
    "eval_f1": 0.9268635175722589,
    "eval_mcc": 0.8516228069982102,
    "eval_acc": 0.9254710231337944,
    "eval_threshold": 0.5
}