{
    "eval_recall": 0.9474968669612822,
    "eval_precision": 0.9274323713603202,
    "eval_f1": 0.9373572593800978,
    "eval_mcc": 0.8735637366518391,
    "eval_acc": 0.93667963854627,
    "eval_threshold": 0.5
}