{
    "eval_recall": 0.7267527675276753,
    "eval_precision": 0.7491441612780525,
    "eval_f1": 0.7377786102266343,
    "eval_mcc": 0.48361090399894596,
    "eval_acc": 0.7416974169741697,
    "eval_threshold": 0.5
}