{
    "eval_recall": 0.8976545842217484,
    "eval_precision": 0.8249510124101894,
    "eval_f1": 0.8597685500340367,
    "eval_mcc": 0.7099408353030338,
    "eval_acc": 0.853589196872779,
    "eval_threshold": 0.5
}