{
    "eval_recall": 0.915630674675234,
    "eval_precision": 0.8630678077682686,
    "eval_f1": 0.8885725904839366,
    "eval_mcc": 0.7719429552943147,
    "eval_acc": 0.8852516228100789,
    "eval_threshold": 0.5
}