{
    "eval_recall": 0.9182658137882018,
    "eval_precision": 0.8298008991650611,
    "eval_f1": 0.8717948717948718,
    "eval_mcc": 0.7341055348278914,
    "eval_acc": 0.8649609097370291,
    "eval_threshold": 0.5
}