{
    "eval_recall": 0.9932369274756694,
    "eval_precision": 0.9636189053664782,
    "eval_f1": 0.978203774402296,
    "eval_mcc": 0.9561893854293823,
    "eval_acc": 0.9778688073898939,
    "eval_threshold": 0.5
}