{
    "eval_recall": 0.7943852352482453,
    "eval_precision": 0.6351449651875715,
    "eval_f1": 0.7058959404053821,
    "eval_mcc": 0.34920902045380314,
    "eval_acc": 0.6690278138809462,
    "eval_threshold": 0.5
}