{
    "eval_recall": 0.9209102482495226,
    "eval_precision": 0.883309165839884,
    "eval_f1": 0.9017178917845039,
    "eval_mcc": 0.8001589033906275,
    "eval_acc": 0.8997138087288338,
    "eval_threshold": 0.5
}