{
    "eval_recall": 0.7780442804428044,
    "eval_precision": 0.7007311399135926,
    "eval_f1": 0.7373666724951915,
    "eval_mcc": 0.44849461739203816,
    "eval_acc": 0.7228782287822878,
    "eval_threshold": 0.5
}