{
    "eval_recall": 0.9251292079899427,
    "eval_precision": 0.8663178548070635,
    "eval_f1": 0.8947581734666308,
    "eval_mcc": 0.7843247068012877,
    "eval_acc": 0.8912542751448315,
    "eval_threshold": 0.5
}