{
    "eval_recall": 0.9738145464551041,
    "eval_precision": 0.9524557075577483,
    "eval_f1": 0.9630167116391918,
    "eval_mcc": 0.925436794080212,
    "eval_acc": 0.962602036136843,
    "eval_threshold": 0.5
}