{
    "eval_recall": 0.938565077796987,
    "eval_precision": 0.9236237695953335,
    "eval_f1": 0.9310344827586208,
    "eval_mcc": 0.8610354930964949,
    "eval_acc": 0.9304616334722865,
    "eval_threshold": 0.5
}