{
    "eval_recall": 0.24669183380210916,
    "eval_precision": 0.36985533114263264,
    "eval_f1": 0.26356410226171406,
    "eval_mcc": 0.6136263140350194,
    "eval_acc": 0.6332920885836216
}