{
    "eval_recall": 0.9752614129048712,
    "eval_precision": 0.8376779846659365,
    "eval_f1": 0.9012491161913739,
    "eval_mcc": 0.7971038616164741,
    "eval_acc": 0.8931395052282581,
    "eval_threshold": 0.5
}