{
    "eval_recall": 0.702572656701097,
    "eval_precision": 0.8673372406146048,
    "eval_f1": 0.7763087938184526,
    "eval_mcc": 0.6061488755597613,
    "eval_acc": 0.7975556553538204,
    "eval_threshold": 0.5
}