{
    "eval_recall": 0.8267630110674106,
    "eval_precision": 0.858812351543943,
    "eval_f1": 0.8424829900270295,
    "eval_mcc": 0.6913257878108063,
    "eval_acc": 0.845422116527943,
    "eval_threshold": 0.5
}