{
    "eval_recall": 0.9499921371284793,
    "eval_precision": 0.9231356968215159,
    "eval_f1": 0.9363713864992638,
    "eval_mcc": 0.8718882248280592,
    "eval_acc": 0.9357539713592613,
    "eval_threshold": 0.5
}