{
    "eval_recall": 0.894480264192483,
    "eval_precision": 0.842729091043781,
    "eval_f1": 0.8678338482663921,
    "eval_mcc": 0.7302893402406408,
    "eval_acc": 0.8644260114249941,
    "eval_threshold": 0.5
}