{
    "eval_recall": 0.6415602745877975,
    "eval_precision": 0.8845643520566121,
    "eval_f1": 0.7437156031533543,
    "eval_mcc": 0.5801580171739954,
    "eval_acc": 0.778918329377045,
    "eval_threshold": 0.5
}