{
    "eval_recall": 0.981956751297002,
    "eval_precision": 0.942991931572682,
    "eval_f1": 0.9620799784085288,
    "eval_mcc": 0.9234270046885005,
    "eval_acc": 0.9613187418266914,
    "eval_threshold": 0.5
}