{
    "eval_recall": 0.6625942292695607,
    "eval_precision": 0.6255982329120138,
    "eval_f1": 0.6435649813797892,
    "eval_mcc": 0.2665179078641665,
    "eval_acc": 0.6330257343384456,
    "eval_threshold": 0.5
}