{
    "eval_recall": 0.9052523981758138,
    "eval_precision": 0.8514273036533058,
    "eval_f1": 0.8775152439024391,
    "eval_mcc": 0.7500485441782483,
    "eval_acc": 0.8742468111745832,
    "eval_threshold": 0.5
}