{
    "eval_recall": 0.6398523985239852,
    "eval_precision": 0.7529309596178897,
    "eval_f1": 0.6918013165769,
    "eval_mcc": 0.43482104480357087,
    "eval_acc": 0.7149446494464945,
    "eval_threshold": 0.5
}