{
    "eval_recall": 0.9185640452577175,
    "eval_precision": 0.8772678762006404,
    "eval_f1": 0.8974411463664279,
    "eval_mcc": 0.7910682858977699,
    "eval_acc": 0.8950931807077546,
    "eval_threshold": 0.5
}