{
    "eval_recall": 0.6288573811509591,
    "eval_precision": 0.8936907366885485,
    "eval_f1": 0.7382413858030503,
    "eval_mcc": 0.5801078447626888,
    "eval_acc": 0.777025726567011,
    "eval_threshold": 0.5
}