{
    "eval_recall": 0.9758618793643812,
    "eval_precision": 0.9430393198724761,
    "eval_f1": 0.9591698867781773,
    "eval_mcc": 0.9174745579936971,
    "eval_acc": 0.9584593390883598,
    "eval_threshold": 0.5
}