{
    "eval_recall": 0.7509747855471797,
    "eval_precision": 0.5943221559349928,
    "eval_f1": 0.6635277905374368,
    "eval_mcc": 0.2471059699601916,
    "eval_acc": 0.6191837795684949,
    "eval_threshold": 0.5
}