{
    "eval_recall": 0.9777512729941741,
    "eval_precision": 0.946489630978285,
    "eval_f1": 0.9618665102215803,
    "eval_mcc": 0.9229589421237504,
    "eval_acc": 0.961227860879141,
    "eval_threshold": 0.5
}