{
    "eval_recall": 0.2943527181495924,
    "eval_precision": 0.3945357187497663,
    "eval_f1": 0.3169805094904965,
    "eval_mcc": 0.6424009988439983,
    "eval_acc": 0.6715793584723379
}