{
    "eval_recall": 0.7630717905947264,
    "eval_precision": 0.8415169095797368,
    "eval_f1": 0.8003768379260455,
    "eval_mcc": 0.6220710001559854,
    "eval_acc": 0.8096811445435299,
    "eval_threshold": 0.5
}