{
    "eval_recall": 0.2880500389898636,
    "eval_precision": 0.39755326573061023,
    "eval_f1": 0.31153063862560604,
    "eval_mcc": 0.6419438685078956,
    "eval_acc": 0.6619887625767673
}