{
    "eval_recall": 0.2926337600162538,
    "eval_precision": 0.4010432568507894,
    "eval_f1": 0.31671192224784667,
    "eval_mcc": 0.6381235318053727,
    "eval_acc": 0.6677458144482472
}