{
    "eval_recall": 0.8018450184501845,
    "eval_precision": 0.7068965517241379,
    "eval_f1": 0.7513831258644537,
    "eval_mcc": 0.4736648699563635,
    "eval_acc": 0.7346863468634687,
    "eval_threshold": 0.5
}