{
    "eval_recall": 0.9444307236354655,
    "eval_precision": 0.9304136253041363,
    "eval_f1": 0.9373697757078073,
    "eval_mcc": 0.8738675220688943,
    "eval_acc": 0.9368843600432298,
    "eval_threshold": 0.5
}