{
    "eval_recall": 0.639459318949831,
    "eval_precision": 0.6345930607506771,
    "eval_f1": 0.6370168964847543,
    "eval_mcc": 0.27125830044991545,
    "eval_acc": 0.6356251624642578,
    "eval_threshold": 0.5
}