{
    "eval_recall": 0.9242794010949146,
    "eval_precision": 0.8952277518686513,
    "eval_f1": 0.9095216460050626,
    "eval_mcc": 0.8165371827032989,
    "eval_acc": 0.9080535584723963,
    "eval_threshold": 0.5
}