{
    "eval_recall": 0.9209155068926852,
    "eval_precision": 0.9045675413022352,
    "eval_f1": 0.9126683226565564,
    "eval_mcc": 0.8238928890461992,
    "eval_acc": 0.9118791636435591,
    "eval_threshold": 0.5
}