{
    "eval_recall": 0.7892474497979085,
    "eval_precision": 0.8235372874548132,
    "eval_f1": 0.806027846027846,
    "eval_mcc": 0.6206704110236401,
    "eval_acc": 0.8100660807082826,
    "eval_threshold": 0.5
}