{
    "eval_recall": 0.9874335427742871,
    "eval_precision": 0.9902520465316674,
    "eval_f1": 0.9888407862539998,
    "eval_mcc": 0.9777172947241187,
    "eval_acc": 0.9888566672036948,
    "eval_threshold": 0.5
}