{
    "eval_recall": 0.9391825142010373,
    "eval_precision": 0.9063877964485758,
    "eval_f1": 0.9224937837346109,
    "eval_mcc": 0.8426999269105468,
    "eval_acc": 0.9210745715609078,
    "eval_threshold": 0.5
}