{
    "eval_recall": 0.7418361455058703,
    "eval_precision": 0.8239863179647973,
    "eval_f1": 0.7807562457798785,
    "eval_mcc": 0.5862918417560408,
    "eval_acc": 0.7916853788413422,
    "eval_threshold": 0.5
}