{
    "eval_recall": 0.976657800605338,
    "eval_precision": 0.9370792449509394,
    "eval_f1": 0.9564592549345429,
    "eval_mcc": 0.9118932395248623,
    "eval_acc": 0.9555397596991654,
    "eval_threshold": 0.5
}