{
    "eval_recall": 0.9032080515804372,
    "eval_precision": 0.8433301519712209,
    "eval_f1": 0.872242681954516,
    "eval_mcc": 0.7386053147340675,
    "eval_acc": 0.8683386806479381,
    "eval_threshold": 0.5
}