{
    "eval_recall": 0.7589030413309072,
    "eval_precision": 0.6463360637591322,
    "eval_f1": 0.6981109516977523,
    "eval_mcc": 0.3489778015940222,
    "eval_acc": 0.6718221991161945,
    "eval_threshold": 0.5
}