{
    "eval_recall": 0.987953795379538,
    "eval_precision": 0.9614581660510679,
    "eval_f1": 0.974525921705868,
    "eval_mcc": 0.9487101428296846,
    "eval_acc": 0.9741749174917492,
    "eval_threshold": 0.5
}