{
    "eval_recall": 0.7385608856088561,
    "eval_precision": 0.7172549722271995,
    "eval_f1": 0.7277520225434052,
    "eval_mcc": 0.4476144996670806,
    "eval_acc": 0.7237084870848709,
    "eval_threshold": 0.5
}