{
    "eval_recall": 0.3012274764250875,
    "eval_precision": 0.44467880988248676,
    "eval_f1": 0.3265222406827056,
    "eval_mcc": 0.6267523827240224,
    "eval_acc": 0.6455084615777903
}