{
    "eval_recall": 0.9612343789849528,
    "eval_precision": 0.840731652910997,
    "eval_f1": 0.8969538315088053,
    "eval_mcc": 0.7872666298264412,
    "eval_acc": 0.8895689875031879,
    "eval_threshold": 0.5
}