{
    "eval_recall": 0.9846977811782709,
    "eval_precision": 0.7739025856885148,
    "eval_f1": 0.8666666666666667,
    "eval_mcc": 0.7244059251552804,
    "eval_acc": 0.8485080336648814,
    "eval_threshold": 0.5
}