{
    "eval_recall": 0.9458508273647814,
    "eval_precision": 0.8987913635296879,
    "eval_f1": 0.9217208182912153,
    "eval_mcc": 0.8404598391430302,
    "eval_acc": 0.9196541608769492,
    "eval_threshold": 0.5
}