{
    "eval_recall": 0.9178488947542065,
    "eval_precision": 0.898578811369509,
    "eval_f1": 0.9081116370164843,
    "eval_mcc": 0.8144774961045781,
    "eval_acc": 0.9071447420504024,
    "eval_threshold": 0.5
}