{
    "eval_recall": 0.9612211221122112,
    "eval_precision": 0.9430144082888133,
    "eval_f1": 0.9520307264852497,
    "eval_mcc": 0.9033036858680482,
    "eval_acc": 0.9515676567656766,
    "eval_threshold": 0.5
}