{
    "eval_recall": 0.9667409293443666,
    "eval_precision": 0.9509274477576896,
    "eval_f1": 0.9587689879660682,
    "eval_mcc": 0.9170527623977308,
    "eval_acc": 0.9584625168932348,
    "eval_threshold": 0.5
}