{
    "eval_recall": 0.9664226607256524,
    "eval_precision": 0.9648105488918898,
    "eval_f1": 0.9656159319473705,
    "eval_mcc": 0.9312359428538642,
    "eval_acc": 0.9656172986723905,
    "eval_threshold": 0.5
}