{
    "eval_recall": 0.2957374328924632,
    "eval_precision": 0.43883859841976974,
    "eval_f1": 0.3204695718388104,
    "eval_mcc": 0.624779095744721,
    "eval_acc": 0.643744567718186
}