{
    "eval_recall": 0.9569772314569074,
    "eval_precision": 0.924935871472931,
    "eval_f1": 0.9406837841548812,
    "eval_mcc": 0.8799185871514474,
    "eval_acc": 0.9396942835206253,
    "eval_threshold": 0.5
}