{
    "eval_recall": 0.8128411749415129,
    "eval_precision": 0.6232187344294967,
    "eval_f1": 0.705510745106887,
    "eval_mcc": 0.3374168807398893,
    "eval_acc": 0.6607096438783467,
    "eval_threshold": 0.5
}