{
    "eval_recall": 0.9443689799950605,
    "eval_precision": 0.9266888821569221,
    "eval_f1": 0.9354453992232654,
    "eval_mcc": 0.8697888439399212,
    "eval_acc": 0.934815501003551,
    "eval_threshold": 0.5
}