{
    "eval_recall": 0.21866523189838072,
    "eval_precision": 0.31545128371372866,
    "eval_f1": 0.23184370666117188,
    "eval_mcc": 0.6853350072247777,
    "eval_acc": 0.7008282632036402
}