{
    "eval_recall": 0.9810602586444098,
    "eval_precision": 0.9358267716535433,
    "eval_f1": 0.9579098195495456,
    "eval_mcc": 0.9148545104264081,
    "eval_acc": 0.9568925983674218,
    "eval_threshold": 0.5
}