{
    "eval_recall": 0.8156041342723863,
    "eval_precision": 0.8580638953040801,
    "eval_f1": 0.8362954279015241,
    "eval_mcc": 0.6815263847805084,
    "eval_acc": 0.8403457422482393,
    "eval_threshold": 0.5
}