{
    "eval_recall": 0.9040511727078892,
    "eval_precision": 0.8308295231874592,
    "eval_f1": 0.8658951667801225,
    "eval_mcc": 0.7227839860924353,
    "eval_acc": 0.8599857853589197,
    "eval_threshold": 0.5
}