{
    "eval_recall": 0.9637526652452025,
    "eval_precision": 0.8313917841814837,
    "eval_f1": 0.8926925608953259,
    "eval_mcc": 0.7782270839878376,
    "eval_acc": 0.8841506751954513,
    "eval_threshold": 0.5
}