{
    "eval_recall": 0.9319131353014095,
    "eval_precision": 0.8615084249395187,
    "eval_f1": 0.895328834193463,
    "eval_mcc": 0.7848607856263977,
    "eval_acc": 0.891114323077982,
    "eval_threshold": 0.5
}