{
    "eval_recall": 0.7516520177070636,
    "eval_precision": 0.8513297485830548,
    "eval_f1": 0.7983917680329824,
    "eval_mcc": 0.6246854176185911,
    "eval_acc": 0.8101943927632002,
    "eval_threshold": 0.5
}