{
    "eval_recall": 0.7885301381139669,
    "eval_precision": 0.8832991803278688,
    "eval_f1": 0.8332286280384671,
    "eval_mcc": 0.6883232832126491,
    "eval_acc": 0.8421750663129973,
    "eval_threshold": 0.5
}