{
    "eval_recall": 0.9300178088516589,
    "eval_precision": 0.9102646868947708,
    "eval_f1": 0.9200352353919937,
    "eval_mcc": 0.8385326612961969,
    "eval_acc": 0.9191676010817228,
    "eval_threshold": 0.5
}