{
    "eval_recall": 0.9026297085998578,
    "eval_precision": 0.8236057068741893,
    "eval_f1": 0.8613089182773821,
    "eval_mcc": 0.7125983276082868,
    "eval_acc": 0.8546552949538024,
    "eval_threshold": 0.5
}