{
    "eval_recall": 0.9890581184362457,
    "eval_precision": 0.9638838280998822,
    "eval_f1": 0.9763087193682326,
    "eval_mcc": 0.9523235384677604,
    "eval_acc": 0.9759993401880465,
    "eval_threshold": 0.5
}