{
    "eval_recall": 0.9701916903604513,
    "eval_precision": 0.9197061252880059,
    "eval_f1": 0.9442745876944364,
    "eval_mcc": 0.8868273598007312,
    "eval_acc": 0.942745116023113,
    "eval_threshold": 0.5
}