{
    "eval_recall": 0.9687057713476962,
    "eval_precision": 0.9445679674921413,
    "eval_f1": 0.9564846085167501,
    "eval_mcc": 0.9125817262878845,
    "eval_acc": 0.956138978010799,
    "eval_threshold": 0.5
}