{
    "eval_recall": 0.9259673138706523,
    "eval_precision": 0.8835132613621218,
    "eval_f1": 0.9042422589005593,
    "eval_mcc": 0.804940848532332,
    "eval_acc": 0.9020032107210163,
    "eval_threshold": 0.5
}