{
    "eval_recall": 0.9730888463821648,
    "eval_precision": 0.939980885632367,
    "eval_f1": 0.9562483795696137,
    "eval_mcc": 0.9115213273986934,
    "eval_acc": 0.9554778708528461,
    "eval_threshold": 0.5
}