{
    "eval_recall": 0.6057967247205615,
    "eval_precision": 0.6357932069294776,
    "eval_f1": 0.6204326123128119,
    "eval_mcc": 0.2590615552568276,
    "eval_acc": 0.6293865349623083,
    "eval_threshold": 0.5
}