{
    "eval_recall": 0.9431414356787491,
    "eval_precision": 0.8330194601381042,
    "eval_f1": 0.8846666666666666,
    "eval_mcc": 0.760763493396855,
    "eval_acc": 0.8770433546552949,
    "eval_threshold": 0.5
}