{
    "eval_recall": 0.9921342134213421,
    "eval_precision": 0.9607947584296597,
    "eval_f1": 0.9762130273590777,
    "eval_mcc": 0.9521568239220854,
    "eval_acc": 0.9758250825082508,
    "eval_threshold": 0.5
}