{
    "eval_recall": 0.7533210332103321,
    "eval_precision": 0.6608934930398187,
    "eval_f1": 0.7040869115364717,
    "eval_mcc": 0.37043012100053363,
    "eval_acc": 0.6833948339483394,
    "eval_threshold": 0.5
}