{
    "eval_recall": 0.9304372119011035,
    "eval_precision": 0.8992844606453355,
    "eval_f1": 0.9145956336674447,
    "eval_mcc": 0.8268412089077964,
    "eval_acc": 0.9131709359949746,
    "eval_threshold": 0.5
}