{
    "eval_recall": 0.9679550506297852,
    "eval_precision": 0.9384053633425117,
    "eval_f1": 0.9529511883776063,
    "eval_mcc": 0.9048484532156992,
    "eval_acc": 0.9522000926354793,
    "eval_threshold": 0.5
}