{
    "eval_recall": 0.9709254333669632,
    "eval_precision": 0.9356135931768969,
    "eval_f1": 0.9529425002813098,
    "eval_mcc": 0.9047535792539889,
    "eval_acc": 0.9520544804182335,
    "eval_threshold": 0.5
}