{
    "eval_recall": 0.9226963920585713,
    "eval_precision": 0.9017598143492555,
    "eval_f1": 0.9121079741800874,
    "eval_mcc": 0.8223970049792463,
    "eval_acc": 0.9110876591253875,
    "eval_threshold": 0.5
}