{
    "eval_recall": 0.29811718456040015,
    "eval_precision": 0.3978897977069045,
    "eval_f1": 0.3200928461277066,
    "eval_mcc": 0.6420676226157185,
    "eval_acc": 0.6710860337721868
}