{
    "eval_recall": 0.9168878334962983,
    "eval_precision": 0.8888287068381855,
    "eval_f1": 0.9026402640264026,
    "eval_mcc": 0.8027346782642133,
    "eval_acc": 0.9011656313254693,
    "eval_threshold": 0.5
}