{
    "eval_recall": 0.9346126510305615,
    "eval_precision": 0.8296529968454258,
    "eval_f1": 0.8790106951871658,
    "eval_mcc": 0.74873082925992,
    "eval_acc": 0.8713574982231699,
    "eval_threshold": 0.5
}