{
    "eval_recall": 0.9866016300321067,
    "eval_precision": 0.9688940092165899,
    "eval_f1": 0.9776676456191873,
    "eval_mcc": 0.9550768090568156,
    "eval_acc": 0.9774587000154392,
    "eval_threshold": 0.5
}