{
    "eval_recall": 0.2833951728588595,
    "eval_precision": 0.3977781680204314,
    "eval_f1": 0.3086549885469202,
    "eval_mcc": 0.7471714543524138,
    "eval_acc": 0.7659920696225346
}