{
    "eval_recall": 0.8101476014760147,
    "eval_precision": 0.7054948586118251,
    "eval_f1": 0.7542081758845757,
    "eval_mcc": 0.4772356166137986,
    "eval_acc": 0.7359778597785978,
    "eval_threshold": 0.5
}