{
    "eval_recall": 0.9031987707780417,
    "eval_precision": 0.8771025501899078,
    "eval_f1": 0.8899593971509188,
    "eval_mcc": 0.7771327729468629,
    "eval_acc": 0.8883925455433797,
    "eval_threshold": 0.5
}