{
    "eval_recall": 0.6501845018450184,
    "eval_precision": 0.7276481519719182,
    "eval_f1": 0.6867387703400565,
    "eval_mcc": 0.40915167633346333,
    "eval_acc": 0.7034132841328413,
    "eval_threshold": 0.5
}