{
    "eval_recall": 0.9651741293532339,
    "eval_precision": 0.8611287254280279,
    "eval_f1": 0.9101876675603217,
    "eval_mcc": 0.8154982390849937,
    "eval_acc": 0.9047619047619048,
    "eval_threshold": 0.5
}