{
    "eval_recall": 0.972951721968863,
    "eval_precision": 0.9420631899505139,
    "eval_f1": 0.9572583452597377,
    "eval_mcc": 0.914028147720526,
    "eval_acc": 0.95676500508647,
    "eval_threshold": 0.5
}