{
    "eval_recall": 0.991917303568483,
    "eval_precision": 0.94213494881972,
    "eval_f1": 0.9663854292219096,
    "eval_mcc": 0.9322970906594114,
    "eval_acc": 0.9654973332600209,
    "eval_threshold": 0.5
}