{
    "eval_recall": 0.7370848708487084,
    "eval_precision": 0.7421512167936095,
    "eval_f1": 0.7396093677682124,
    "eval_mcc": 0.4810075180581054,
    "eval_acc": 0.7404981549815498,
    "eval_threshold": 0.5
}