{
    "eval_recall": 0.9854628921193573,
    "eval_precision": 0.8486712057983747,
    "eval_f1": 0.9119660136889308,
    "eval_mcc": 0.8204704945438627,
    "eval_acc": 0.9048712063249171,
    "eval_threshold": 0.5
}