{
    "eval_recall": 0.7455719557195571,
    "eval_precision": 0.734860883797054,
    "eval_f1": 0.7401776719479806,
    "eval_mcc": 0.476618897083039,
    "eval_acc": 0.7382841328413284,
    "eval_threshold": 0.5
}