{
    "eval_recall": 0.9632630255622293,
    "eval_precision": 0.9434943220686824,
    "eval_f1": 0.9532761957423278,
    "eval_mcc": 0.9058325287627399,
    "eval_acc": 0.9528163607175264,
    "eval_threshold": 0.5
}