{
    "eval_recall": 0.9295830681094844,
    "eval_precision": 0.9190528634361234,
    "eval_f1": 0.9242879746835443,
    "eval_mcc": 0.847898606469462,
    "eval_acc": 0.9239208204149774,
    "eval_threshold": 0.5
}