{
    "eval_recall": 0.6469976605146868,
    "eval_precision": 0.6311652085710663,
    "eval_f1": 0.6389833771901675,
    "eval_mcc": 0.26899548310882826,
    "eval_acc": 0.6344554198076423,
    "eval_threshold": 0.5
}