{
    "eval_recall": 0.9786660801671524,
    "eval_precision": 0.9411982444080165,
    "eval_f1": 0.9595665534530163,
    "eval_mcc": 0.9182513840753235,
    "eval_acc": 0.9587617529004234,
    "eval_threshold": 0.5
}