{
    "eval_recall": 0.7828318470520306,
    "eval_precision": 0.8254634014341767,
    "eval_f1": 0.8035826006783234,
    "eval_mcc": 0.6181342115112702,
    "eval_acc": 0.8086546481041894,
    "eval_threshold": 0.5
}