{
    "eval_recall": 0.29936281134286424,
    "eval_precision": 0.3905778179433303,
    "eval_f1": 0.3105607605047564,
    "eval_mcc": 0.799909323034031,
    "eval_acc": 0.8094240044443323
}