{
    "eval_recall": 0.7021877205363444,
    "eval_precision": 0.8592400690846287,
    "eval_f1": 0.7728155339805824,
    "eval_mcc": 0.597216832050954,
    "eval_acc": 0.7935779816513762,
    "eval_threshold": 0.5
}