{
    "eval_recall": 0.22842616675199037,
    "eval_precision": 0.32881350381223695,
    "eval_f1": 0.2424928700784607,
    "eval_mcc": 0.6199284704074742,
    "eval_acc": 0.6524156601416077
}