{
    "eval_recall": 0.9946665200417881,
    "eval_precision": 0.9489587158369617,
    "eval_f1": 0.9712751677852349,
    "eval_mcc": 0.9422604194441669,
    "eval_acc": 0.9705833837356354,
    "eval_threshold": 0.5
}