{
    "eval_recall": 0.9132560413465568,
    "eval_precision": 0.8917075831969449,
    "eval_f1": 0.902353184735353,
    "eval_mcc": 0.8027078877616151,
    "eval_acc": 0.9012354296084316,
    "eval_threshold": 0.5
}