{
    "eval_recall": 0.3691157340198261,
    "eval_precision": 0.47887840292524736,
    "eval_f1": 0.39717797629745866,
    "eval_mcc": 0.8369467252034407,
    "eval_acc": 0.8462493396724775
}