{
    "eval_recall": 0.9586317609286243,
    "eval_precision": 0.9393756050338818,
    "eval_f1": 0.9489060017112821,
    "eval_mcc": 0.8969304065813005,
    "eval_acc": 0.948371159487417,
    "eval_threshold": 0.5
}