{
    "eval_recall": 0.234523376387386,
    "eval_precision": 0.34311464002293046,
    "eval_f1": 0.25164899507557903,
    "eval_mcc": 0.6326580923147167,
    "eval_acc": 0.663942107455227
}