{
    "eval_recall": 0.9696505993369039,
    "eval_precision": 0.7816611842105263,
    "eval_f1": 0.8655663062037564,
    "eval_mcc": 0.7199319257129386,
    "eval_acc": 0.8494006630961489,
    "eval_threshold": 0.5
}