{
    "eval_recall": 0.8977345684673943,
    "eval_precision": 0.8372968349016253,
    "eval_f1": 0.8664630637808169,
    "eval_mcc": 0.7251788124391936,
    "eval_acc": 0.8616435843345868,
    "eval_threshold": 0.5
}