{
    "eval_recall": 0.9545131485429993,
    "eval_precision": 0.8625561978163134,
    "eval_f1": 0.9062078272604587,
    "eval_mcc": 0.8070157242655204,
    "eval_acc": 0.9012082444918266,
    "eval_threshold": 0.5
}