{
    "eval_recall": 0.9282994632781321,
    "eval_precision": 0.850287827219631,
    "eval_f1": 0.8875827887188034,
    "eval_mcc": 0.7680336336237314,
    "eval_acc": 0.8823988253647793,
    "eval_threshold": 0.5
}