{
    "eval_recall": 0.9459743146455915,
    "eval_precision": 0.9266360227410185,
    "eval_f1": 0.936205316223648,
    "eval_mcc": 0.8712406549312829,
    "eval_acc": 0.9355257063455303,
    "eval_threshold": 0.5
}