{
    "eval_recall": 0.5219651676631141,
    "eval_precision": 0.6603091088457744,
    "eval_f1": 0.5830429732868757,
    "eval_mcc": 0.2591969455380277,
    "eval_acc": 0.6267221211333507,
    "eval_threshold": 0.5
}