{
    "eval_recall": 0.9683754144350931,
    "eval_precision": 0.7809543397778692,
    "eval_f1": 0.8646248434475692,
    "eval_mcc": 0.7177365878783718,
    "eval_acc": 0.8483805151747004,
    "eval_threshold": 0.5
}