{
    "eval_recall": 0.964280795188467,
    "eval_precision": 0.943403853928042,
    "eval_f1": 0.9537280900917264,
    "eval_mcc": 0.9067088132568495,
    "eval_acc": 0.9532429394085392,
    "eval_threshold": 0.5
}