{
    "eval_recall": 0.346824736432263,
    "eval_precision": 0.4986365798772873,
    "eval_f1": 0.37745345324921187,
    "eval_mcc": 0.6466894425904404,
    "eval_acc": 0.6647067846004397
}