{
    "eval_recall": 0.92181947405828,
    "eval_precision": 0.8308776425368354,
    "eval_f1": 0.873989218328841,
    "eval_mcc": 0.7386238630577092,
    "eval_acc": 0.8670931058990761,
    "eval_threshold": 0.5
}