{
    "eval_recall": 0.3095083184912688,
    "eval_precision": 0.486446563644891,
    "eval_f1": 0.3487409870740421,
    "eval_mcc": 0.7403896575732388,
    "eval_acc": 0.7627759266972095
}