{
    "eval_recall": 0.28408786783084844,
    "eval_precision": 0.4188566305363918,
    "eval_f1": 0.30837420871723,
    "eval_mcc": 0.6138895651573975,
    "eval_acc": 0.6333912776726827
}