{
    "eval_recall": 0.9705585618637073,
    "eval_precision": 0.9531615925058547,
    "eval_f1": 0.9617814133151557,
    "eval_mcc": 0.9230190220459452,
    "eval_acc": 0.9614326332202147,
    "eval_threshold": 0.5
}