{
    "eval_recall": 0.9710422326500371,
    "eval_precision": 0.9360195214855375,
    "eval_f1": 0.9532092854112372,
    "eval_mcc": 0.9052806427534417,
    "eval_acc": 0.9523236066079975,
    "eval_threshold": 0.5
}