{
    "eval_recall": 0.9409669546863664,
    "eval_precision": 0.9240834304961782,
    "eval_f1": 0.9324487728357137,
    "eval_mcc": 0.8638075340691744,
    "eval_acc": 0.9318316733724689,
    "eval_threshold": 0.5
}