{
    "eval_recall": 0.9111607766447828,
    "eval_precision": 0.8653488989121783,
    "eval_f1": 0.8876641491460843,
    "eval_mcc": 0.7706128579863873,
    "eval_acc": 0.8847630348293432,
    "eval_threshold": 0.5
}