{
    "eval_recall": 0.8102417468157005,
    "eval_precision": 0.6405672009864365,
    "eval_f1": 0.7154826121886835,
    "eval_mcc": 0.3687740411930889,
    "eval_acc": 0.6778008838055628,
    "eval_threshold": 0.5
}