{
    "eval_recall": 0.9506628850339688,
    "eval_precision": 0.9250962772785623,
    "eval_f1": 0.9377053446537199,
    "eval_mcc": 0.8740229181401636,
    "eval_acc": 0.9368445353208891,
    "eval_threshold": 0.5
}