{
    "eval_recall": 0.9726271354132313,
    "eval_precision": 0.9460447809071663,
    "eval_f1": 0.959151814752179,
    "eval_mcc": 0.9175181317141998,
    "eval_acc": 0.9585779302156849,
    "eval_threshold": 0.5
}