{
    "eval_recall": 0.9193792755153575,
    "eval_precision": 0.8556595308293808,
    "eval_f1": 0.8863757082152974,
    "eval_mcc": 0.7665609894969659,
    "eval_acc": 0.8822125863216097,
    "eval_threshold": 0.5
}