{
    "eval_recall": 0.9695496652297533,
    "eval_precision": 0.9287879453499099,
    "eval_f1": 0.9487311808656241,
    "eval_mcc": 0.8960756946551123,
    "eval_acc": 0.9476061634412547,
    "eval_threshold": 0.5
}