{
    "eval_recall": 0.9534851236206174,
    "eval_precision": 0.9485825458588104,
    "eval_f1": 0.9510275165447579,
    "eval_mcc": 0.9018759239682096,
    "eval_acc": 0.9509318070775459,
    "eval_threshold": 0.5
}