{
    "eval_recall": 0.9748388111338261,
    "eval_precision": 0.9431005629088696,
    "eval_f1": 0.9587070832044541,
    "eval_mcc": 0.9169511364935368,
    "eval_acc": 0.9582126926989593,
    "eval_threshold": 0.5
}