{
    "eval_recall": 0.2754547122525583,
    "eval_precision": 0.396767697543524,
    "eval_f1": 0.2975304469788845,
    "eval_mcc": 0.631185084067806,
    "eval_acc": 0.651796681040115
}