{
    "eval_recall": 0.9364191017936603,
    "eval_precision": 0.8810859806629834,
    "eval_f1": 0.9079102452909912,
    "eval_mcc": 0.8115936424557303,
    "eval_acc": 0.9049967881068184,
    "eval_threshold": 0.5
}