{
    "eval_recall": 0.9593109409730798,
    "eval_precision": 0.9266968865561255,
    "eval_f1": 0.942721922213458,
    "eval_mcc": 0.8839497661604947,
    "eval_acc": 0.9417014049714374,
    "eval_threshold": 0.5
}