{
    "eval_recall": 0.9636735335744614,
    "eval_precision": 0.9373613766730402,
    "eval_f1": 0.950335362307603,
    "eval_mcc": 0.9001197350196941,
    "eval_acc": 0.9498787072540887,
    "eval_threshold": 0.5
}