{
    "eval_recall": 0.9516692275457466,
    "eval_precision": 0.9323935951827015,
    "eval_f1": 0.9419328079635005,
    "eval_mcc": 0.8829288136187725,
    "eval_acc": 0.9413694423117192,
    "eval_threshold": 0.5
}