{
    "eval_recall": 0.33114197167242065,
    "eval_precision": 0.4422457510444935,
    "eval_f1": 0.35319127517590376,
    "eval_mcc": 0.6118387954079182,
    "eval_acc": 0.6351822503961965
}