{
    "eval_recall": 0.9512565134225974,
    "eval_precision": 0.9277581215825024,
    "eval_f1": 0.9393603855923924,
    "eval_mcc": 0.8774663812998132,
    "eval_acc": 0.9385924411318515,
    "eval_threshold": 0.5
}