{
    "eval_recall": 0.9378833149866331,
    "eval_precision": 0.8823790501553485,
    "eval_f1": 0.9092849519743863,
    "eval_mcc": 0.8154068575125866,
    "eval_acc": 0.9068784724939354,
    "eval_threshold": 0.5
}