{
    "eval_recall": 0.28282209849707773,
    "eval_precision": 0.4206470262972558,
    "eval_f1": 0.3068683304516282,
    "eval_mcc": 0.6170225289583109,
    "eval_acc": 0.6363311007720232
}