{
    "eval_recall": 0.22989995554174017,
    "eval_precision": 0.33709590638706816,
    "eval_f1": 0.24714318557340756,
    "eval_mcc": 0.6073543939905292,
    "eval_acc": 0.6264993308249792
}