{
    "eval_recall": 0.9445946837279863,
    "eval_precision": 0.9075987071424044,
    "eval_f1": 0.9257272139625081,
    "eval_mcc": 0.849132628949176,
    "eval_acc": 0.924213442385067,
    "eval_threshold": 0.5
}