{
    "eval_recall": 0.7548739277358981,
    "eval_precision": 0.6429757555629358,
    "eval_f1": 0.6944461050995396,
    "eval_mcc": 0.3409185429237097,
    "eval_acc": 0.6678580712243306,
    "eval_threshold": 0.5
}