{
    "eval_recall": 0.7695606966467378,
    "eval_precision": 0.6410089856013858,
    "eval_f1": 0.6994270864095447,
    "eval_mcc": 0.34559654517130095,
    "eval_acc": 0.6692877566935275,
    "eval_threshold": 0.5
}