{
    "eval_recall": 0.6646564444729582,
    "eval_precision": 0.875,
    "eval_f1": 0.7554599482262004,
    "eval_mcc": 0.5869164168043622,
    "eval_acc": 0.7848527619169821,
    "eval_threshold": 0.5
}