{
    "eval_recall": 0.7871068364959709,
    "eval_precision": 0.6502738108021046,
    "eval_f1": 0.7121773387428706,
    "eval_mcc": 0.3721216653270691,
    "eval_acc": 0.6818949831037172,
    "eval_threshold": 0.5
}