{
    "eval_recall": 0.9505425381349268,
    "eval_precision": 0.9033101696181723,
    "eval_f1": 0.9263246618903491,
    "eval_mcc": 0.8507048024950516,
    "eval_acc": 0.9247593708427889,
    "eval_threshold": 0.5
}