{
    "eval_recall": 0.9329515295432323,
    "eval_precision": 0.88533934252386,
    "eval_f1": 0.9085220703257838,
    "eval_mcc": 0.8134244389155485,
    "eval_acc": 0.9061213094157884,
    "eval_threshold": 0.5
}