{
    "eval_recall": 0.9655798097542201,
    "eval_precision": 0.932855245683931,
    "eval_f1": 0.9489354803847401,
    "eval_mcc": 0.8966314874377026,
    "eval_acc": 0.9480398086545334,
    "eval_threshold": 0.5
}