{
    "eval_recall": 0.31262886910632737,
    "eval_precision": 0.4225857978291415,
    "eval_f1": 0.33436851924567296,
    "eval_mcc": 0.6439266344498414,
    "eval_acc": 0.6725475050208559
}