{
    "eval_recall": 0.9665955934612651,
    "eval_precision": 0.8645899554990464,
    "eval_f1": 0.912751677852349,
    "eval_mcc": 0.8209433057727925,
    "eval_acc": 0.9076048329779673,
    "eval_threshold": 0.5
}