{
    "eval_recall": 0.9680140038192234,
    "eval_precision": 0.9602209944751381,
    "eval_f1": 0.9641017513273634,
    "eval_mcc": 0.9280061615815843,
    "eval_acc": 0.9639875983782494,
    "eval_threshold": 0.5
}