{
    "eval_recall": 0.9729660800816118,
    "eval_precision": 0.7795259501430323,
    "eval_f1": 0.8655700510493477,
    "eval_mcc": 0.7203115372623529,
    "eval_acc": 0.8488905891354246,
    "eval_threshold": 0.5
}