{
    "eval_recall": 0.5638159604886925,
    "eval_precision": 0.6475593372145096,
    "eval_f1": 0.6027930243868548,
    "eval_mcc": 0.259129455102664,
    "eval_acc": 0.628476735118274,
    "eval_threshold": 0.5
}