{
    "eval_recall": 0.978788852669758,
    "eval_precision": 0.9320188860715223,
    "eval_f1": 0.9548314858358528,
    "eval_mcc": 0.9085954410510683,
    "eval_acc": 0.9537247344391676,
    "eval_threshold": 0.5
}