{
    "eval_recall": 0.7208451477179182,
    "eval_precision": 0.8900056465273857,
    "eval_f1": 0.796543359611886,
    "eval_mcc": 0.6434870848752905,
    "eval_acc": 0.8158785328821001,
    "eval_threshold": 0.5
}