{
    "eval_recall": 0.3801914344057394,
    "eval_precision": 0.48825665527152484,
    "eval_f1": 0.4072143562694558,
    "eval_mcc": 0.882087150479769,
    "eval_acc": 0.8913385341185902
}