{
    "eval_recall": 0.951529543232295,
    "eval_precision": 0.8950203652608067,
    "eval_f1": 0.9224102911306703,
    "eval_mcc": 0.8417056993796794,
    "eval_acc": 0.9200111677252739,
    "eval_threshold": 0.5
}