{
    "eval_recall": 0.975006375924509,
    "eval_precision": 0.8310869565217391,
    "eval_f1": 0.8973125220044597,
    "eval_mcc": 0.7887592727536415,
    "eval_acc": 0.8884213210915582,
    "eval_threshold": 0.5
}