{
    "eval_recall": 0.9691281797974809,
    "eval_precision": 0.9454852117342328,
    "eval_f1": 0.9571607159191389,
    "eval_mcc": 0.9135167474721828,
    "eval_acc": 0.956615717153003,
    "eval_threshold": 0.5
}