{
    "eval_recall": 0.9558597569492946,
    "eval_precision": 0.9073190135242641,
    "eval_f1": 0.930957077749813,
    "eval_mcc": 0.8595435134259697,
    "eval_acc": 0.9291547427933273,
    "eval_threshold": 0.5
}