{
    "eval_recall": 0.9742412649834226,
    "eval_precision": 0.7810263749744428,
    "eval_f1": 0.866999546073536,
    "eval_mcc": 0.7235879130034059,
    "eval_acc": 0.8505483295077786,
    "eval_threshold": 0.5
}