{
    "eval_recall": 0.7841791236286649,
    "eval_precision": 0.8320626276378489,
    "eval_f1": 0.807411566535654,
    "eval_mcc": 0.6269452131723203,
    "eval_acc": 0.8129531019439277,
    "eval_threshold": 0.5
}