{
    "eval_recall": 0.24670075436575695,
    "eval_precision": 0.3383472246177903,
    "eval_f1": 0.2630471343056826,
    "eval_mcc": 0.6119097491129245,
    "eval_acc": 0.6314992045655413
}