{
    "eval_recall": 0.716789667896679,
    "eval_precision": 0.6972361809045227,
    "eval_f1": 0.706877729257642,
    "eval_mcc": 0.4056946224220433,
    "eval_acc": 0.7027675276752767,
    "eval_threshold": 0.5
}