{
    "eval_recall": 0.9673993578661398,
    "eval_precision": 0.9422093932286969,
    "eval_f1": 0.9546382330540747,
    "eval_mcc": 0.9083681464935249,
    "eval_acc": 0.954021923730122,
    "eval_threshold": 0.5
}