{
    "eval_recall": 0.7396678966789668,
    "eval_precision": 0.684947889970955,
    "eval_f1": 0.7112569857180874,
    "eval_mcc": 0.4007273224037029,
    "eval_acc": 0.6997232472324724,
    "eval_threshold": 0.5
}