{
    "eval_recall": 0.28169836614414084,
    "eval_precision": 0.33671021267380724,
    "eval_f1": 0.29019909313935655,
    "eval_mcc": 0.694938223072026,
    "eval_acc": 0.7117731608519535
}