{
    "eval_recall": 0.9704157102779903,
    "eval_precision": 0.8347959631417289,
    "eval_f1": 0.8975114989975234,
    "eval_mcc": 0.7888524789603245,
    "eval_acc": 0.8891864320326447,
    "eval_threshold": 0.5
}