{
    "eval_recall": 0.9631390466781922,
    "eval_precision": 0.9432216713024549,
    "eval_f1": 0.9530763120914034,
    "eval_mcc": 0.9053427890766842,
    "eval_acc": 0.9525706345530338,
    "eval_threshold": 0.5
}