{
    "eval_recall": 0.6150638352473214,
    "eval_precision": 0.9135696588526777,
    "eval_f1": 0.7351711974234116,
    "eval_mcc": 0.5892151812950784,
    "eval_acc": 0.7784371591711041,
    "eval_threshold": 0.5
}