{
    "eval_recall": 0.9933468961346016,
    "eval_precision": 0.9637255947935559,
    "eval_f1": 0.9783120786288685,
    "eval_mcc": 0.9564094267101163,
    "eval_acc": 0.9779787760488261,
    "eval_threshold": 0.5
}