{
    "eval_recall": 0.9122503538292185,
    "eval_precision": 0.849278969328746,
    "eval_f1": 0.8796391068653096,
    "eval_mcc": 0.7536808257080051,
    "eval_acc": 0.8757727521715314,
    "eval_threshold": 0.5
}