{
    "eval_recall": 0.9362321119672905,
    "eval_precision": 0.8667200465861116,
    "eval_f1": 0.9001360749924403,
    "eval_mcc": 0.7958660480645393,
    "eval_acc": 0.8966272791298223,
    "eval_threshold": 0.5
}