{
    "eval_recall": 0.6333506628541721,
    "eval_precision": 0.637410071942446,
    "eval_f1": 0.6353738835647695,
    "eval_mcc": 0.2730754625136873,
    "eval_acc": 0.6365349623082922,
    "eval_threshold": 0.5
}