{
    "eval_recall": 0.9704504979882593,
    "eval_precision": 0.9416922683051715,
    "eval_f1": 0.9558551242488226,
    "eval_mcc": 0.9107869229644945,
    "eval_acc": 0.9551810566585318,
    "eval_threshold": 0.5
}