{
    "eval_recall": 0.966196396144713,
    "eval_precision": 0.9446872439224255,
    "eval_f1": 0.955320765140529,
    "eval_mcc": 0.9099178586084092,
    "eval_acc": 0.9548405109234313,
    "eval_threshold": 0.5
}