{
    "eval_recall": 0.28650066374006716,
    "eval_precision": 0.4377231985102124,
    "eval_f1": 0.31302023639384796,
    "eval_mcc": 0.614196302487282,
    "eval_acc": 0.634388261158546
}