{
    "eval_recall": 0.8370986920332937,
    "eval_precision": 0.8446700507614213,
    "eval_f1": 0.8408673281881661,
    "eval_mcc": 0.6831885188486827,
    "eval_acc": 0.8415805359919509,
    "eval_threshold": 0.5
}