{
    "eval_recall": 0.7900369003690036,
    "eval_precision": 0.7007036491572574,
    "eval_f1": 0.7426936085335183,
    "eval_mcc": 0.45630659884744645,
    "eval_acc": 0.7262915129151292,
    "eval_threshold": 0.5
}