{
    "eval_recall": 0.9737029140014215,
    "eval_precision": 0.8541147132169576,
    "eval_f1": 0.9099966788442378,
    "eval_mcc": 0.8154239522126444,
    "eval_acc": 0.9036958066808813,
    "eval_threshold": 0.5
}