{
    "eval_recall": 0.9830648265244405,
    "eval_precision": 0.9477338987543069,
    "eval_f1": 0.9650761092518622,
    "eval_mcc": 0.9294963868834394,
    "eval_acc": 0.9644251388354319,
    "eval_threshold": 0.5
}