{
    "eval_recall": 0.7669612685209254,
    "eval_precision": 0.6421109902067464,
    "eval_f1": 0.6990049751243781,
    "eval_mcc": 0.346090462269013,
    "eval_acc": 0.6697426566155446,
    "eval_threshold": 0.5
}