{
    "eval_recall": 0.7169436068518638,
    "eval_precision": 0.8658763365876336,
    "eval_f1": 0.7844031867476223,
    "eval_mcc": 0.6150559816808926,
    "eval_acc": 0.802944761660358,
    "eval_threshold": 0.5
}