{
    "eval_recall": 0.962205659257305,
    "eval_precision": 0.9251648909183156,
    "eval_f1": 0.9433218015454752,
    "eval_mcc": 0.8850840416663998,
    "eval_acc": 0.9421871908185476,
    "eval_threshold": 0.5
}