{
    "eval_recall": 0.9676103034940067,
    "eval_precision": 0.7792154446498254,
    "eval_f1": 0.8632536973833902,
    "eval_mcc": 0.7146474784827594,
    "eval_acc": 0.8467227748023464,
    "eval_threshold": 0.5
}