{
    "eval_recall": 0.7512915129151292,
    "eval_precision": 0.7157672701705045,
    "eval_f1": 0.7330992888648843,
    "eval_mcc": 0.45351092607921145,
    "eval_acc": 0.7264760147601476,
    "eval_threshold": 0.5
}