{
    "eval_recall": 0.9771976725900299,
    "eval_precision": 0.9437314906219151,
    "eval_f1": 0.9601730598369839,
    "eval_mcc": 0.9199054154903921,
    "eval_acc": 0.9596603803114485,
    "eval_threshold": 0.5
}