{
    "eval_recall": 0.37544271747052355,
    "eval_precision": 0.4976850236167064,
    "eval_f1": 0.40620336555194453,
    "eval_mcc": 0.8789943135792968,
    "eval_acc": 0.8884914639285457
}