{
    "eval_recall": 0.9717536600891152,
    "eval_precision": 0.9586342229199372,
    "eval_f1": 0.965149359886202,
    "eval_mcc": 0.9299708623258444,
    "eval_acc": 0.9649415692821369,
    "eval_threshold": 0.5
}