{
    "eval_recall": 0.9732662368296902,
    "eval_precision": 0.9299075952219968,
    "eval_f1": 0.9510930116408621,
    "eval_mcc": 0.9013738597148452,
    "eval_acc": 0.9501917207919243,
    "eval_threshold": 0.5
}