{
    "eval_recall": 0.7763651330833257,
    "eval_precision": 0.8797678275290216,
    "eval_f1": 0.824838443224333,
    "eval_mcc": 0.6749424643555337,
    "eval_acc": 0.8351321686636788,
    "eval_threshold": 0.5
}