{
    "eval_recall": 0.9388770433546553,
    "eval_precision": 0.8323881537492124,
    "eval_f1": 0.8824315297261189,
    "eval_mcc": 0.7560346755623579,
    "eval_acc": 0.8749111584932481,
    "eval_threshold": 0.5
}