{
    "eval_recall": 0.9727944645384494,
    "eval_precision": 0.9364214350590372,
    "eval_f1": 0.954261473197069,
    "eval_mcc": 0.9078848898729642,
    "eval_acc": 0.9535957430158855,
    "eval_threshold": 0.5
}