{
    "eval_recall": 0.29164679252514086,
    "eval_precision": 0.38167111636164053,
    "eval_f1": 0.30678221913621095,
    "eval_mcc": 0.8097682577860318,
    "eval_acc": 0.8186661952980986
}