{
    "eval_recall": 0.2631205828100383,
    "eval_precision": 0.3888688603036101,
    "eval_f1": 0.28420126907226273,
    "eval_mcc": 0.626705974017375,
    "eval_acc": 0.6476675813406507
}