{
    "eval_recall": 0.9755164498852333,
    "eval_precision": 0.776176948051948,
    "eval_f1": 0.8645044637812181,
    "eval_mcc": 0.7183035247990783,
    "eval_acc": 0.8471053302728896,
    "eval_threshold": 0.5
}