{
    "eval_recall": 0.7514760147601476,
    "eval_precision": 0.7165728360309641,
    "eval_f1": 0.7336095100864554,
    "eval_mcc": 0.4547833533567309,
    "eval_acc": 0.7271217712177122,
    "eval_threshold": 0.5
}