{
    "eval_recall": 0.9428691157982958,
    "eval_precision": 0.8876906891109942,
    "eval_f1": 0.9144482828693355,
    "eval_mcc": 0.8252901414721627,
    "eval_acc": 0.911844768618692,
    "eval_threshold": 0.5
}