{
    "eval_recall": 0.9788319306299413,
    "eval_precision": 0.8227224008574491,
    "eval_f1": 0.8940135103657117,
    "eval_mcc": 0.7821252810722048,
    "eval_acc": 0.8839581739352206,
    "eval_threshold": 0.5
}