{
    "eval_recall": 0.2900041573140036,
    "eval_precision": 0.3550041363724881,
    "eval_f1": 0.2998899257255376,
    "eval_mcc": 0.8159891612113956,
    "eval_acc": 0.824953915305169
}