{
    "eval_recall": 0.9595013521535519,
    "eval_precision": 0.9145605431912486,
    "eval_f1": 0.9364920977242733,
    "eval_mcc": 0.8709155855851155,
    "eval_acc": 0.9349317327353077,
    "eval_threshold": 0.5
}