{
    "eval_recall": 0.5998588567395907,
    "eval_precision": 0.9180166912125675,
    "eval_f1": 0.7255936675461742,
    "eval_mcc": 0.582382426865321,
    "eval_acc": 0.7731442869057548,
    "eval_threshold": 0.5
}