{
    "eval_recall": 0.9651741293532339,
    "eval_precision": 0.8336402701043585,
    "eval_f1": 0.8945981554677207,
    "eval_mcc": 0.7823657443807759,
    "eval_acc": 0.8862828713574982,
    "eval_threshold": 0.5
}