{
    "eval_recall": 0.9923571782042118,
    "eval_precision": 0.9611247204175098,
    "eval_f1": 0.9764912755309076,
    "eval_mcc": 0.9527217748109668,
    "eval_acc": 0.9761093088469787,
    "eval_threshold": 0.5
}