{
    "eval_recall": 0.9610280765470037,
    "eval_precision": 0.9308618590177242,
    "eval_f1": 0.9457044673539519,
    "eval_mcc": 0.8901878665671606,
    "eval_acc": 0.9448593564598311,
    "eval_threshold": 0.5
}