{
    "eval_recall": 0.29652702975648415,
    "eval_precision": 0.4117478627649581,
    "eval_f1": 0.31391878436088927,
    "eval_mcc": 0.6304208384071884,
    "eval_acc": 0.6597971059271848
}