{
    "eval_recall": 0.8088120613465037,
    "eval_precision": 0.6350648025308705,
    "eval_f1": 0.711484593837535,
    "eval_mcc": 0.35768111250483453,
    "eval_acc": 0.6720171562256304,
    "eval_threshold": 0.5
}