{
    "eval_recall": 0.9642948227492987,
    "eval_precision": 0.8099828620394173,
    "eval_f1": 0.880428455000582,
    "eval_mcc": 0.7518472955694653,
    "eval_acc": 0.8690385105840347,
    "eval_threshold": 0.5
}