{
    "eval_recall": 0.6761403733880799,
    "eval_precision": 0.8724337748344371,
    "eval_f1": 0.7618462428163517,
    "eval_mcc": 0.592466859647072,
    "eval_acc": 0.7886379675370501,
    "eval_threshold": 0.5
}