{
    "eval_recall": 0.7442804428044281,
    "eval_precision": 0.7160099396521121,
    "eval_f1": 0.7298715397141307,
    "eval_mcc": 0.4494279426655347,
    "eval_acc": 0.7245387453874539,
    "eval_threshold": 0.5
}