{
    "eval_recall": 0.9026297085998578,
    "eval_precision": 0.8284409654272668,
    "eval_f1": 0.8639455782312925,
    "eval_mcc": 0.7185943997111757,
    "eval_acc": 0.8578535891968728,
    "eval_threshold": 0.5
}