{
    "eval_recall": 0.9846977811782709,
    "eval_precision": 0.8344499675815863,
    "eval_f1": 0.903369209171736,
    "eval_mcc": 0.8024544965767288,
    "eval_acc": 0.894669727110431,
    "eval_threshold": 0.5
}