{
    "eval_recall": 0.9621455510546165,
    "eval_precision": 0.9366331248300245,
    "eval_f1": 0.9492179425342795,
    "eval_mcc": 0.8974516062788688,
    "eval_acc": 0.9485586654568298,
    "eval_threshold": 0.5
}