{
    "eval_recall": 0.9796557980975422,
    "eval_precision": 0.9442471779108591,
    "eval_f1": 0.9616256476683938,
    "eval_mcc": 0.9224610933493507,
    "eval_acc": 0.9609061417496013,
    "eval_threshold": 0.5
}