{
    "eval_recall": 0.7075126708154231,
    "eval_precision": 0.8679364079962223,
    "eval_f1": 0.7795567808291803,
    "eval_mcc": 0.6103757240006216,
    "eval_acc": 0.7999294283697953,
    "eval_threshold": 0.5
}