{
    "eval_recall": 0.6706229550266247,
    "eval_precision": 0.8737044466733533,
    "eval_f1": 0.7588109324525424,
    "eval_mcc": 0.589838044293432,
    "eval_acc": 0.7868415987682043,
    "eval_threshold": 0.5
}