{
    "eval_recall": 0.9715707178393745,
    "eval_precision": 0.8443483631871526,
    "eval_f1": 0.9035029742233972,
    "eval_mcc": 0.8016180550602758,
    "eval_acc": 0.8962331201137171,
    "eval_threshold": 0.5
}