{
    "eval_recall": 0.24253417111392997,
    "eval_precision": 0.35488017354387996,
    "eval_f1": 0.2610964227685627,
    "eval_mcc": 0.6125303815192793,
    "eval_acc": 0.634078139291781
}