{
    "eval_recall": 0.9840701407755001,
    "eval_precision": 0.963312178906014,
    "eval_f1": 0.9735805259460615,
    "eval_mcc": 0.946799896312101,
    "eval_acc": 0.973290103442952,
    "eval_threshold": 0.5
}