{
    "eval_recall": 0.7039251364699766,
    "eval_precision": 0.6579203109815355,
    "eval_f1": 0.6801456737410524,
    "eval_mcc": 0.33875483390435873,
    "eval_acc": 0.6689628281778008,
    "eval_threshold": 0.5
}