{
    "eval_recall": 0.25702415905288406,
    "eval_precision": 0.3682580595998208,
    "eval_f1": 0.27767330310258137,
    "eval_mcc": 0.619516616811533,
    "eval_acc": 0.6387464963005984
}