{
    "eval_recall": 0.7789667896678967,
    "eval_precision": 0.6524493895842992,
    "eval_f1": 0.7101168951307713,
    "eval_mcc": 0.37106531673481363,
    "eval_acc": 0.6820110701107011,
    "eval_threshold": 0.5
}