{
    "eval_recall": 0.9409009959765187,
    "eval_precision": 0.9119677790563866,
    "eval_f1": 0.9262084861864104,
    "eval_mcc": 0.8505039967963596,
    "eval_acc": 0.9250379262581624,
    "eval_threshold": 0.5
}