{
    "eval_recall": 0.9680767416260418,
    "eval_precision": 0.9374857229878931,
    "eval_f1": 0.9525356852732969,
    "eval_mcc": 0.9044727364210108,
    "eval_acc": 0.9519915486344784,
    "eval_threshold": 0.5
}