{
    "eval_recall": 0.9641453058657021,
    "eval_precision": 0.9386817729464901,
    "eval_f1": 0.9512431635700711,
    "eval_mcc": 0.9019746266640825,
    "eval_acc": 0.9508177478675953,
    "eval_threshold": 0.5
}