{
    "eval_recall": 0.748505328827658,
    "eval_precision": 0.6396756636676664,
    "eval_f1": 0.689824519374738,
    "eval_mcc": 0.33171408569922145,
    "eval_acc": 0.6634390434104497,
    "eval_threshold": 0.5
}