{
    "eval_recall": 0.9399357452158122,
    "eval_precision": 0.8777719801721889,
    "eval_f1": 0.9077908937605396,
    "eval_mcc": 0.8112140268852635,
    "eval_acc": 0.9045857471906191,
    "eval_threshold": 0.5
}