{
    "eval_recall": 0.7322878228782288,
    "eval_precision": 0.7291934594892523,
    "eval_f1": 0.7307373653686827,
    "eval_mcc": 0.4603362481272648,
    "eval_acc": 0.7301660516605166,
    "eval_threshold": 0.5
}