{
    "eval_recall": 0.29186036350995703,
    "eval_precision": 0.3856380791498106,
    "eval_f1": 0.3124797958380067,
    "eval_mcc": 0.7980608935906782,
    "eval_acc": 0.8082843329413302
}