{
    "eval_recall": 0.9680122922195837,
    "eval_precision": 0.9383886255924171,
    "eval_f1": 0.952970297029703,
    "eval_mcc": 0.9049682684188084,
    "eval_acc": 0.9522579744538284,
    "eval_threshold": 0.5
}