{
    "eval_recall": 0.8457564575645756,
    "eval_precision": 0.6304497318113051,
    "eval_f1": 0.7224017019935387,
    "eval_mcc": 0.3723891206583126,
    "eval_acc": 0.675,
    "eval_threshold": 0.5
}