{
    "eval_recall": 0.6966980700631117,
    "eval_precision": 0.8814951973151256,
    "eval_f1": 0.7782773066312456,
    "eval_mcc": 0.6167415853683496,
    "eval_acc": 0.8015183389737492,
    "eval_threshold": 0.5
}