{
    "eval_recall": 0.9325324766028775,
    "eval_precision": 0.91602634467618,
    "eval_f1": 0.9242057174499897,
    "eval_mcc": 0.8472808181669302,
    "eval_acc": 0.9235708801563481,
    "eval_threshold": 0.5
}