{
    "eval_recall": 0.1879266206330538,
    "eval_precision": 0.2062554541372314,
    "eval_f1": 0.18270278908075602,
    "eval_mcc": 0.6139318419639251,
    "eval_acc": 0.6342610740885927
}