{
    "eval_recall": 0.9821474113746493,
    "eval_precision": 0.7994602449657463,
    "eval_f1": 0.8814373998626689,
    "eval_mcc": 0.7557789727736075,
    "eval_acc": 0.867890844172405,
    "eval_threshold": 0.5
}