{
    "eval_recall": 0.9554119121429985,
    "eval_precision": 0.9171784968023808,
    "eval_f1": 0.9359048911287717,
    "eval_mcc": 0.8698940621204434,
    "eval_acc": 0.9345689598311457,
    "eval_threshold": 0.5
}