{
    "eval_recall": 0.6461795085648296,
    "eval_precision": 0.8759022523697713,
    "eval_f1": 0.7437052351768441,
    "eval_mcc": 0.5747481606817298,
    "eval_acc": 0.7773144286905754,
    "eval_threshold": 0.5
}