{
    "eval_recall": 0.8720387816701729,
    "eval_precision": 0.7611976047904192,
    "eval_f1": 0.8128570210589139,
    "eval_mcc": 0.6049108397999011,
    "eval_acc": 0.7992316838928016,
    "eval_threshold": 0.5
}