{
    "eval_recall": 0.7298892988929889,
    "eval_precision": 0.6936699982465369,
    "eval_f1": 0.7113188887889957,
    "eval_mcc": 0.40812128671592696,
    "eval_acc": 0.7037822878228782,
    "eval_threshold": 0.5
}