{
    "eval_recall": 0.8921637100153653,
    "eval_precision": 0.8608976951071573,
    "eval_f1": 0.8762518864041707,
    "eval_mcc": 0.7486667000970405,
    "eval_acc": 0.8740838975361206,
    "eval_threshold": 0.5
}