{
    "eval_recall": 0.933975331442517,
    "eval_precision": 0.8958623307604707,
    "eval_f1": 0.9145219104207705,
    "eval_mcc": 0.8261552786151342,
    "eval_acc": 0.9127036475166546,
    "eval_threshold": 0.5
}