{
    "eval_recall": 0.9753120360697202,
    "eval_precision": 0.9410079575596817,
    "eval_f1": 0.9578529578529578,
    "eval_mcc": 0.9147775053624764,
    "eval_acc": 0.9570847308517073,
    "eval_threshold": 0.5
}