{
    "eval_recall": 0.9776213779072964,
    "eval_precision": 0.9454429437413592,
    "eval_f1": 0.9612629416376071,
    "eval_mcc": 0.921741483998923,
    "eval_acc": 0.9606037279375378,
    "eval_threshold": 0.5
}