{
    "eval_recall": 0.5987782687808683,
    "eval_precision": 0.6395946133555463,
    "eval_f1": 0.61851379472377,
    "eval_mcc": 0.2619063458860722,
    "eval_acc": 0.6306862490252144,
    "eval_threshold": 0.5
}