{
    "eval_recall": 0.8291512915129151,
    "eval_precision": 0.6252086811352254,
    "eval_f1": 0.7128807106598987,
    "eval_mcc": 0.3513201717984457,
    "eval_acc": 0.6660516605166051,
    "eval_threshold": 0.5
}