{
    "eval_recall": 0.9281921462089405,
    "eval_precision": 0.9052752017343129,
    "eval_f1": 0.9165904518017194,
    "eval_mcc": 0.8312984800045573,
    "eval_acc": 0.9155164427975915,
    "eval_threshold": 0.5
}