{
    "eval_recall": 0.9475796492961225,
    "eval_precision": 0.9227947808309783,
    "eval_f1": 0.9350229993602828,
    "eval_mcc": 0.8685850620746465,
    "eval_acc": 0.9341361741547013,
    "eval_threshold": 0.5
}