{
    "eval_recall": 0.43762421217663844,
    "eval_precision": 0.5719959199586889,
    "eval_f1": 0.4666211448009042,
    "eval_mcc": 0.8842838694412952,
    "eval_acc": 0.8933930686441114
}