{
    "eval_recall": 0.9310589907604833,
    "eval_precision": 0.832274459974587,
    "eval_f1": 0.8788996980878898,
    "eval_mcc": 0.7487183512977554,
    "eval_acc": 0.8717128642501777,
    "eval_threshold": 0.5
}