{
    "eval_recall": 0.94364896073903,
    "eval_precision": 0.9133350364031166,
    "eval_f1": 0.9282445720961932,
    "eval_mcc": 0.8546080372925131,
    "eval_acc": 0.9270682148040639,
    "eval_threshold": 0.5
}