{
    "eval_recall": 0.6141014948354397,
    "eval_precision": 0.9112718964204113,
    "eval_f1": 0.7337396036947607,
    "eval_mcc": 0.5863624457297735,
    "eval_acc": 0.7771540386219286,
    "eval_threshold": 0.5
}