{
    "eval_recall": 0.8005389106306537,
    "eval_precision": 0.8092088197146563,
    "eval_f1": 0.8048505176250524,
    "eval_mcc": 0.6118269949736316,
    "eval_acc": 0.8058959389234619,
    "eval_threshold": 0.5
}