{
    "eval_recall": 0.97523195470986,
    "eval_precision": 0.9362167874396136,
    "eval_f1": 0.9553261957945006,
    "eval_mcc": 0.9100247108854568,
    "eval_acc": 0.9546130370138508,
    "eval_threshold": 0.5
}