{
    "eval_recall": 0.9933468961346016,
    "eval_precision": 0.9491935060158672,
    "eval_f1": 0.9707684040838259,
    "eval_mcc": 0.9411958842678546,
    "eval_acc": 0.9700885247704404,
    "eval_threshold": 0.5
}