{
    "eval_recall": 0.9398456566189566,
    "eval_precision": 0.9162754806764838,
    "eval_f1": 0.9279109143005991,
    "eval_mcc": 0.8542500998741442,
    "eval_acc": 0.9269837081986676,
    "eval_threshold": 0.5
}