{
    "eval_recall": 0.29334931139791726,
    "eval_precision": 0.3933857659734409,
    "eval_f1": 0.3050326013020992,
    "eval_mcc": 0.8067817463663799,
    "eval_acc": 0.8160147471023459
}