{
    "eval_recall": 0.9434074269507289,
    "eval_precision": 0.9029671717171717,
    "eval_f1": 0.9227444275991097,
    "eval_mcc": 0.8428746258350607,
    "eval_acc": 0.9210144449574567,
    "eval_threshold": 0.5
}