{
    "eval_recall": 0.6167143228489732,
    "eval_precision": 0.6399190829399866,
    "eval_f1": 0.6281024554901052,
    "eval_mcc": 0.2698681558610463,
    "eval_acc": 0.6348453340265142,
    "eval_threshold": 0.5
}