{
    "eval_recall": 0.9707335144480118,
    "eval_precision": 0.9315636665284115,
    "eval_f1": 0.9507453209566715,
    "eval_mcc": 0.9001934255414614,
    "eval_acc": 0.9496989346919871,
    "eval_threshold": 0.5
}