{
    "eval_recall": 0.9722814498933902,
    "eval_precision": 0.857680250783699,
    "eval_f1": 0.9113924050632911,
    "eval_mcc": 0.8182828477613618,
    "eval_acc": 0.9054726368159204,
    "eval_threshold": 0.5
}