{
    "eval_recall": 0.29696591952625656,
    "eval_precision": 0.3966820074829955,
    "eval_f1": 0.3178230405624009,
    "eval_mcc": 0.8088104992899784,
    "eval_acc": 0.818999085326016
}