{
    "eval_recall": 0.9292417880958261,
    "eval_precision": 0.9026028547439127,
    "eval_f1": 0.9157286279282021,
    "eval_mcc": 0.8292934637730834,
    "eval_acc": 0.9144665740311873,
    "eval_threshold": 0.5
}