{
    "eval_recall": 0.9619041738700914,
    "eval_precision": 0.9319813352476669,
    "eval_f1": 0.9467063684978124,
    "eval_mcc": 0.8921376385023302,
    "eval_acc": 0.9458391230507951,
    "eval_threshold": 0.5
}