{
    "eval_recall": 0.6282817780088381,
    "eval_precision": 0.6303298995957752,
    "eval_f1": 0.6293041723621688,
    "eval_mcc": 0.2598142127188285,
    "eval_acc": 0.6299064205874707,
    "eval_threshold": 0.5
}