{
    "eval_recall": 0.9076048329779673,
    "eval_precision": 0.7936606587942822,
    "eval_f1": 0.846816976127321,
    "eval_mcc": 0.6786725174874046,
    "eval_acc": 0.835820895522388,
    "eval_threshold": 0.5
}