{
    "eval_recall": 0.9812577197787444,
    "eval_precision": 0.9844827586206897,
    "eval_f1": 0.9828675936634302,
    "eval_mcc": 0.9657964930413304,
    "eval_acc": 0.9828956554427797,
    "eval_threshold": 0.5
}