{
    "eval_recall": 0.9343483726777483,
    "eval_precision": 0.8892581760170167,
    "eval_f1": 0.9112458279408759,
    "eval_mcc": 0.8191637305894501,
    "eval_acc": 0.9090528373002024,
    "eval_threshold": 0.5
}