{
    "eval_recall": 0.9497855493236556,
    "eval_precision": 0.9254806146724105,
    "eval_f1": 0.9374755763970302,
    "eval_mcc": 0.8736360650608026,
    "eval_acc": 0.9366671064784272,
    "eval_threshold": 0.5
}