{
    "eval_recall": 0.9836776332568222,
    "eval_precision": 0.7842618950793006,
    "eval_f1": 0.872723158728363,
    "eval_mcc": 0.7373169547898684,
    "eval_acc": 0.8565416985462893,
    "eval_threshold": 0.5
}