{
    "eval_recall": 0.9124179354658472,
    "eval_precision": 0.8419695797886053,
    "eval_f1": 0.875779312194141,
    "eval_mcc": 0.7439461842010106,
    "eval_acc": 0.8706637816709709,
    "eval_threshold": 0.5
}