{
    "eval_recall": 0.2676386026495628,
    "eval_precision": 0.3773830569875984,
    "eval_f1": 0.2914432268427279,
    "eval_mcc": 0.6464137469325703,
    "eval_acc": 0.6749098085165428
}