{
    "eval_recall": 0.8075123472835976,
    "eval_precision": 0.6128427697770763,
    "eval_f1": 0.6968371467025571,
    "eval_mcc": 0.31361745411215675,
    "eval_acc": 0.6486872887964648,
    "eval_threshold": 0.5
}