{
    "eval_recall": 0.925774492844787,
    "eval_precision": 0.8549851136446155,
    "eval_f1": 0.8889727811544414,
    "eval_mcc": 0.7725673878796746,
    "eval_acc": 0.8849283981532201,
    "eval_threshold": 0.5
}