{
    "eval_recall": 0.2370070372189382,
    "eval_precision": 0.33505590125720885,
    "eval_f1": 0.2537468803287441,
    "eval_mcc": 0.6274055285729202,
    "eval_acc": 0.6572826410944261
}