{
    "eval_recall": 0.19090841879568018,
    "eval_precision": 0.18796140304911474,
    "eval_f1": 0.1771543677941542,
    "eval_mcc": 0.5929917423214189,
    "eval_acc": 0.6112471907275069
}