{
    "eval_recall": 0.9194479573321603,
    "eval_precision": 0.8964297201672563,
    "eval_f1": 0.9077929480741566,
    "eval_mcc": 0.8134864604667508,
    "eval_acc": 0.9066091164018255,
    "eval_threshold": 0.5
}