{
    "eval_recall": 0.288428213064486,
    "eval_precision": 0.41271686566019083,
    "eval_f1": 0.3127497083481937,
    "eval_mcc": 0.7553785392110269,
    "eval_acc": 0.773798856789742
}