{
    "eval_recall": 0.9791529152915291,
    "eval_precision": 0.9342885634808167,
    "eval_f1": 0.9561947734536567,
    "eval_mcc": 0.9113373620618884,
    "eval_acc": 0.9551430143014301,
    "eval_threshold": 0.5
}