{
    "eval_recall": 0.964909966361058,
    "eval_precision": 0.95745794881864,
    "eval_f1": 0.9611695137976347,
    "eval_mcc": 0.9220647333765835,
    "eval_acc": 0.9610184024800474,
    "eval_threshold": 0.5
}