{
    "eval_recall": 0.6979704797047971,
    "eval_precision": 0.7067065197085747,
    "eval_f1": 0.7023113338902812,
    "eval_mcc": 0.4083337829070662,
    "eval_acc": 0.7041512915129151,
    "eval_threshold": 0.5
}