{
    "eval_recall": 0.7550522871623789,
    "eval_precision": 0.8506685941452837,
    "eval_f1": 0.8000135952688464,
    "eval_mcc": 0.6264759831370774,
    "eval_acc": 0.8112529672162699,
    "eval_threshold": 0.5
}