{
    "eval_recall": 0.9710441263768881,
    "eval_precision": 0.9475445710240072,
    "eval_f1": 0.9591504332529807,
    "eval_mcc": 0.9175700031886149,
    "eval_acc": 0.9586438889255327,
    "eval_threshold": 0.5
}