{
    "eval_recall": 0.951542973731191,
    "eval_precision": 0.7802174822250104,
    "eval_f1": 0.8574054923589566,
    "eval_mcc": 0.7005986480123626,
    "eval_acc": 0.8417495536852844,
    "eval_threshold": 0.5
}