{
    "eval_recall": 0.38695240274420784,
    "eval_precision": 0.5011910563285615,
    "eval_f1": 0.4159299673829912,
    "eval_mcc": 0.8845089933440619,
    "eval_acc": 0.8935483539411879
}