{
    "eval_recall": 0.6020275539381336,
    "eval_precision": 0.6501965188096575,
    "eval_f1": 0.6251855850992037,
    "eval_mcc": 0.2789052335406885,
    "eval_acc": 0.6390694047309592,
    "eval_threshold": 0.5
}