{
    "eval_recall": 0.9809466966622286,
    "eval_precision": 0.9403635403371331,
    "eval_f1": 0.9602265066738574,
    "eval_mcc": 0.9196409032340946,
    "eval_acc": 0.9593915617041778,
    "eval_threshold": 0.5
}