{
    "eval_recall": 0.4316121890696666,
    "eval_precision": 0.5766769083426271,
    "eval_f1": 0.46327875241061517,
    "eval_mcc": 0.8760694655116024,
    "eval_acc": 0.8858849580307946
}