{
    "eval_recall": 0.6914095079232694,
    "eval_precision": 0.8646501925545571,
    "eval_f1": 0.7683861537913087,
    "eval_mcc": 0.5952484446717337,
    "eval_acc": 0.791589144800154,
    "eval_threshold": 0.5
}