{
    "eval_recall": 0.9544629138147785,
    "eval_precision": 0.9353867214236824,
    "eval_f1": 0.9448285398230089,
    "eval_mcc": 0.888787933693032,
    "eval_acc": 0.9443009701961331,
    "eval_threshold": 0.5
}