{
    "eval_recall": 0.9871573227957521,
    "eval_precision": 0.9609328044236086,
    "eval_f1": 0.9738685508923677,
    "eval_mcc": 0.9473652033121094,
    "eval_acc": 0.9735062528948587,
    "eval_threshold": 0.5
}