{
    "eval_recall": 0.9339019189765458,
    "eval_precision": 0.8305941845764855,
    "eval_f1": 0.8792238206758113,
    "eval_mcc": 0.7492436847479906,
    "eval_acc": 0.8717128642501777,
    "eval_threshold": 0.5
}