{
    "eval_recall": 0.7728782287822878,
    "eval_precision": 0.7141152403682237,
    "eval_f1": 0.7423356370724793,
    "eval_mcc": 0.46504578802931107,
    "eval_acc": 0.7317343173431734,
    "eval_threshold": 0.5
}