{
    "eval_recall": 0.9785634192995185,
    "eval_precision": 0.9404158215010142,
    "eval_f1": 0.9591104502699035,
    "eval_mcc": 0.9173172597205266,
    "eval_acc": 0.9582811160213707,
    "eval_threshold": 0.5
}