{
    "eval_recall": 0.9808102345415778,
    "eval_precision": 0.8394160583941606,
    "eval_f1": 0.904621435594887,
    "eval_mcc": 0.8046747191914154,
    "eval_acc": 0.896588486140725,
    "eval_threshold": 0.5
}