{
    "eval_recall": 0.6861190538081622,
    "eval_precision": 0.6271830818581442,
    "eval_f1": 0.6553286574390168,
    "eval_mcc": 0.27950556703237706,
    "eval_acc": 0.6391343904341045,
    "eval_threshold": 0.5
}