{
    "eval_recall": 0.6186565727850132,
    "eval_precision": 0.9025645825533508,
    "eval_f1": 0.7341174679304175,
    "eval_mcc": 0.5813819166886803,
    "eval_acc": 0.7759350741002117,
    "eval_threshold": 0.5
}