{
    "eval_recall": 0.9779347676498922,
    "eval_precision": 0.9350820247390121,
    "eval_f1": 0.9560284324057672,
    "eval_mcc": 0.9109777297308348,
    "eval_acc": 0.955010553363311,
    "eval_threshold": 0.5
}