{
    "eval_recall": 0.9494556252062025,
    "eval_precision": 0.9079379101463907,
    "eval_f1": 0.9282327516691933,
    "eval_mcc": 0.8541072149587252,
    "eval_acc": 0.926606412455469,
    "eval_threshold": 0.5
}