{
    "eval_recall": 0.976536597806682,
    "eval_precision": 0.7820669934640523,
    "eval_f1": 0.8685493932176478,
    "eval_mcc": 0.7272548034793466,
    "eval_acc": 0.8522060698801326,
    "eval_threshold": 0.5
}