{
    "eval_recall": 0.9893330400835761,
    "eval_precision": 0.9548904102319163,
    "eval_f1": 0.9718066432622198,
    "eval_mcc": 0.9432101295774619,
    "eval_acc": 0.9712981800186947,
    "eval_threshold": 0.5
}