{
    "eval_recall": 0.9891948629291183,
    "eval_precision": 0.9585377527820989,
    "eval_f1": 0.9736250379823762,
    "eval_mcc": 0.9468791963242625,
    "eval_acc": 0.9731974679635633,
    "eval_threshold": 0.5
}