{
    "eval_recall": 0.33563861901348613,
    "eval_precision": 0.4762439139002023,
    "eval_f1": 0.3646774817912182,
    "eval_mcc": 0.8689808826611697,
    "eval_acc": 0.8798209079550188
}