{
    "eval_recall": 0.8391109485045276,
    "eval_precision": 0.8413426265590609,
    "eval_f1": 0.8402253056738563,
    "eval_mcc": 0.68087681218474,
    "eval_acc": 0.8404372084514772,
    "eval_threshold": 0.5
}