{
    "eval_recall": 0.8160614652885758,
    "eval_precision": 0.8547614485533627,
    "eval_f1": 0.8349632679799728,
    "eval_mcc": 0.6780940686777053,
    "eval_acc": 0.838699350589957,
    "eval_threshold": 0.5
}