{
    "eval_recall": 0.2847940959793732,
    "eval_precision": 0.39872042016334336,
    "eval_f1": 0.30972678257021224,
    "eval_mcc": 0.6389689603747487,
    "eval_acc": 0.658983405200575
}