{
    "eval_recall": 0.17458422808188023,
    "eval_precision": 0.20208108503275024,
    "eval_f1": 0.17223365645822625,
    "eval_mcc": 0.6302483237531366,
    "eval_acc": 0.6571181893866979
}