{
    "eval_recall": 0.9857372190664362,
    "eval_precision": 0.9711661293266014,
    "eval_f1": 0.9783974260762984,
    "eval_mcc": 0.9565689019118667,
    "eval_acc": 0.9782306623436776,
    "eval_threshold": 0.5
}