{
    "eval_recall": 0.9516137694001396,
    "eval_precision": 0.9425531914893617,
    "eval_f1": 0.9470618102135165,
    "eval_mcc": 0.8936560265835767,
    "eval_acc": 0.9468073680253477,
    "eval_threshold": 0.5
}