{
    "eval_recall": 0.31669880988862975,
    "eval_precision": 0.4159724489884431,
    "eval_f1": 0.3376156909351276,
    "eval_mcc": 0.784838640079621,
    "eval_acc": 0.7972002113048072
}