{
    "eval_recall": 0.9602142310635042,
    "eval_precision": 0.7803108808290156,
    "eval_f1": 0.8609650125771782,
    "eval_mcc": 0.7089750558793468,
    "eval_acc": 0.8449375159398113,
    "eval_threshold": 0.5
}