{
    "eval_recall": 0.6011419772887663,
    "eval_precision": 0.9221533313650231,
    "eval_f1": 0.7278235202734193,
    "eval_mcc": 0.5871166705567323,
    "eval_acc": 0.7751972797844358,
    "eval_threshold": 0.5
}