{
    "eval_recall": 0.9211353986475861,
    "eval_precision": 0.8526821457165733,
    "eval_f1": 0.8855879351400386,
    "eval_mcc": 0.7656578541477781,
    "eval_acc": 0.8815635026214884,
    "eval_threshold": 0.5
}