{
    "eval_recall": 0.9637564830822425,
    "eval_precision": 0.9458853472306387,
    "eval_f1": 0.9547372928007828,
    "eval_mcc": 0.908761567341516,
    "eval_acc": 0.9542998301682878,
    "eval_threshold": 0.5
}