{
    "eval_recall": 0.7779200585383701,
    "eval_precision": 0.8817126269956459,
    "eval_f1": 0.8265707760338209,
    "eval_mcc": 0.6782730290937873,
    "eval_acc": 0.8367785603219611,
    "eval_threshold": 0.5
}