{
    "eval_recall": 0.9848110644603606,
    "eval_precision": 0.9545182525433872,
    "eval_f1": 0.9694280678295751,
    "eval_mcc": 0.9383449176746841,
    "eval_acc": 0.9689362359116875,
    "eval_threshold": 0.5
}