{
    "eval_recall": 0.7505613652402643,
    "eval_precision": 0.8508363636363636,
    "eval_f1": 0.7975593959845928,
    "eval_mcc": 0.6233213670905847,
    "eval_acc": 0.8094886764611535,
    "eval_threshold": 0.5
}