{
    "eval_recall": 0.6848708487084871,
    "eval_precision": 0.6916340599962735,
    "eval_f1": 0.6882358394363586,
    "eval_mcc": 0.37953844155460653,
    "eval_acc": 0.689760147601476,
    "eval_threshold": 0.5
}