{
    "eval_recall": 0.6063166103457239,
    "eval_precision": 0.6454960564549606,
    "eval_f1": 0.6252932109107968,
    "eval_mcc": 0.27383474782293626,
    "eval_acc": 0.6366649337145828,
    "eval_threshold": 0.5
}