{
    "eval_recall": 0.9850580390219807,
    "eval_precision": 0.967495451788963,
    "eval_f1": 0.9761977605090865,
    "eval_mcc": 0.9521098245434727,
    "eval_acc": 0.9759765323452215,
    "eval_threshold": 0.5
}