{
    "eval_recall": 0.9203980099502488,
    "eval_precision": 0.831193838254172,
    "eval_f1": 0.8735244519392917,
    "eval_mcc": 0.7377362960308909,
    "eval_acc": 0.8667377398720683,
    "eval_threshold": 0.5
}