{
    "eval_recall": 0.9602463297960081,
    "eval_precision": 0.9105318039624609,
    "eval_f1": 0.9347285037600022,
    "eval_mcc": 0.8671867699021448,
    "eval_acc": 0.9329466102160884,
    "eval_threshold": 0.5
}