{
    "eval_recall": 0.9676103034940067,
    "eval_precision": 0.7793755135579293,
    "eval_f1": 0.8633519171691889,
    "eval_mcc": 0.7148635231120968,
    "eval_acc": 0.8468502932925274,
    "eval_threshold": 0.5
}