{
    "eval_recall": 0.7811213756516967,
    "eval_precision": 0.880593936894205,
    "eval_f1": 0.8278803741941738,
    "eval_mcc": 0.6795530256137575,
    "eval_acc": 0.8376017561511022,
    "eval_threshold": 0.5
}