{
    "eval_recall": 0.7166051660516605,
    "eval_precision": 0.7246268656716418,
    "eval_f1": 0.7205936920222634,
    "eval_mcc": 0.4443076680024044,
    "eval_acc": 0.722140221402214,
    "eval_threshold": 0.5
}