{
    "eval_recall": 0.89259317502752,
    "eval_precision": 0.840017759360663,
    "eval_f1": 0.8655077767612076,
    "eval_mcc": 0.7254057194320211,
    "eval_acc": 0.8619610298145395,
    "eval_threshold": 0.5
}