{
    "eval_recall": 0.9503852807045133,
    "eval_precision": 0.9014095010813633,
    "eval_f1": 0.9252497416465725,
    "eval_mcc": 0.8484478082370207,
    "eval_acc": 0.9235855700759058,
    "eval_threshold": 0.5
}