{
    "eval_recall": 0.9764113854379619,
    "eval_precision": 0.9433302947432392,
    "eval_f1": 0.9595858125338073,
    "eval_mcc": 0.9187182755433901,
    "eval_acc": 0.9590734799280068,
    "eval_threshold": 0.5
}