{
    "eval_recall": 0.7881918819188192,
    "eval_precision": 0.7204047217537942,
    "eval_f1": 0.7527753303964756,
    "eval_mcc": 0.48443720581786287,
    "eval_acc": 0.7411439114391144,
    "eval_threshold": 0.5
}