{
    "eval_recall": 0.9918073349095508,
    "eval_precision": 0.9634139828019014,
    "eval_f1": 0.9774044974261717,
    "eval_mcc": 0.9545577118795066,
    "eval_acc": 0.9770715346126354,
    "eval_threshold": 0.5
}