{
    "eval_recall": 0.8950970805978489,
    "eval_precision": 0.8571428571428571,
    "eval_f1": 0.8757089169798428,
    "eval_mcc": 0.7468123455693362,
    "eval_acc": 0.873036923291687,
    "eval_threshold": 0.5
}