{
    "eval_recall": 0.9887831967889151,
    "eval_precision": 0.9548664578134126,
    "eval_f1": 0.971528903295516,
    "eval_mcc": 0.9426413516437557,
    "eval_acc": 0.9710232583713642,
    "eval_threshold": 0.5
}