{
    "eval_recall": 0.9676590669296756,
    "eval_precision": 0.9137931034482759,
    "eval_f1": 0.93995499409576,
    "eval_mcc": 0.8778677221585846,
    "eval_acc": 0.9381710562540149,
    "eval_threshold": 0.5
}