{
    "eval_recall": 0.9767073573078192,
    "eval_precision": 0.9351781652767248,
    "eval_f1": 0.9554917212665011,
    "eval_mcc": 0.9099230122929816,
    "eval_acc": 0.9545124686634121,
    "eval_threshold": 0.5
}