{
    "eval_recall": 0.7898362360280738,
    "eval_precision": 0.6100180686609115,
    "eval_f1": 0.6883778885364749,
    "eval_mcc": 0.2981449010986618,
    "eval_acc": 0.6424486612945152,
    "eval_threshold": 0.5
}