{
    "eval_recall": 0.29256110772464783,
    "eval_precision": 0.38391761466085234,
    "eval_f1": 0.309789711279297,
    "eval_mcc": 0.6385204152752374,
    "eval_acc": 0.6676019280773697
}