{
    "eval_recall": 0.9760569883253084,
    "eval_precision": 0.9377693282636248,
    "eval_f1": 0.9565301703241653,
    "eval_mcc": 0.9120460251769194,
    "eval_acc": 0.9556427676274653,
    "eval_threshold": 0.5
}