{
    "eval_recall": 0.9482623053939299,
    "eval_precision": 0.89485790606218,
    "eval_f1": 0.9207864096201565,
    "eval_mcc": 0.8391472108278396,
    "eval_acc": 0.9188121136239142,
    "eval_threshold": 0.5
}