{
    "eval_recall": 0.9877747591998024,
    "eval_precision": 0.9698696574719612,
    "eval_f1": 0.9787403260836316,
    "eval_mcc": 0.9572419312535144,
    "eval_acc": 0.978539447274973,
    "eval_threshold": 0.5
}