{
    "eval_recall": 0.9193269381978298,
    "eval_precision": 0.8460202604920405,
    "eval_f1": 0.8811515562589495,
    "eval_mcc": 0.7560991859936552,
    "eval_acc": 0.8765944127083496,
    "eval_threshold": 0.5
}