{
    "eval_recall": 0.970278345651832,
    "eval_precision": 0.9321649796041698,
    "eval_f1": 0.9508398828787178,
    "eval_mcc": 0.9009117250726981,
    "eval_acc": 0.9500743407152359,
    "eval_threshold": 0.5
}