{
    "eval_recall": 0.959959194083142,
    "eval_precision": 0.779296066252588,
    "eval_f1": 0.860244543480745,
    "eval_mcc": 0.7073606492780515,
    "eval_acc": 0.8440448865085437,
    "eval_threshold": 0.5
}