{
    "eval_recall": 0.8379218878624348,
    "eval_precision": 0.780523131975803,
    "eval_f1": 0.8082046757829732,
    "eval_mcc": 0.6039402041401543,
    "eval_acc": 0.8011524741607976,
    "eval_threshold": 0.5
}