{
    "eval_recall": 0.938856275971242,
    "eval_precision": 0.9221898283122772,
    "eval_f1": 0.9304484246306708,
    "eval_mcc": 0.8597802884889995,
    "eval_acc": 0.9298199327221159,
    "eval_threshold": 0.5
}