{
    "eval_recall": 0.6394833948339483,
    "eval_precision": 0.7401238522314756,
    "eval_f1": 0.6861328318321291,
    "eval_mcc": 0.41883483928418574,
    "eval_acc": 0.7074723247232473,
    "eval_threshold": 0.5
}