{
    "eval_recall": 0.7948413061373822,
    "eval_precision": 0.8265170249191555,
    "eval_f1": 0.8103697486827995,
    "eval_mcc": 0.6284686542561003,
    "eval_acc": 0.8140034757157231,
    "eval_threshold": 0.5
}