{
    "eval_recall": 0.9227866016669287,
    "eval_precision": 0.9221340457295514,
    "eval_f1": 0.9224602082923953,
    "eval_mcc": 0.8456032831738467,
    "eval_acc": 0.922803036231317,
    "eval_threshold": 0.5
}