{
    "eval_recall": 0.9831747951833727,
    "eval_precision": 0.9389802026991545,
    "eval_f1": 0.960569433252753,
    "eval_mcc": 0.9203029262557594,
    "eval_acc": 0.959641502171881,
    "eval_threshold": 0.5
}