{
    "eval_recall": 0.9388770433546553,
    "eval_precision": 0.8282131661442006,
    "eval_f1": 0.8800799467021986,
    "eval_mcc": 0.7508695369028447,
    "eval_acc": 0.8720682302771855,
    "eval_threshold": 0.5
}