{
    "eval_recall": 0.8349949693588219,
    "eval_precision": 0.8404529552568588,
    "eval_f1": 0.8377150722642809,
    "eval_mcc": 0.6764983043945734,
    "eval_acc": 0.8382420195737675,
    "eval_threshold": 0.5
}