{
    "eval_recall": 0.9899378677077033,
    "eval_precision": 0.9544105173876166,
    "eval_f1": 0.9718496126960137,
    "eval_mcc": 0.9433051187853221,
    "eval_acc": 0.9713256721834277,
    "eval_threshold": 0.5
}