{
    "eval_recall": 0.9912025072854237,
    "eval_precision": 0.9628778976605064,
    "eval_f1": 0.9768349183126067,
    "eval_mcc": 0.9534009943115302,
    "eval_acc": 0.9764941991532413,
    "eval_threshold": 0.5
}