{
    "eval_recall": 0.9859224499876512,
    "eval_precision": 0.9583483375345097,
    "eval_f1": 0.9719398624383712,
    "eval_mcc": 0.9434504783935598,
    "eval_acc": 0.9715300293345684,
    "eval_threshold": 0.5
}