{
    "eval_recall": 0.966888727656487,
    "eval_precision": 0.9364977959496582,
    "eval_f1": 0.9514506393197897,
    "eval_mcc": 0.9018007436871073,
    "eval_acc": 0.9506628850339688,
    "eval_threshold": 0.5
}