{
    "eval_recall": 0.8350864355620599,
    "eval_precision": 0.7937059897418065,
    "eval_f1": 0.8138705651631306,
    "eval_mcc": 0.618878805667543,
    "eval_acc": 0.8090185676392573,
    "eval_threshold": 0.5
}