{
    "eval_recall": 0.9739862280030605,
    "eval_precision": 0.7944664031620553,
    "eval_f1": 0.8751145737855178,
    "eval_mcc": 0.7411796054132757,
    "eval_acc": 0.8610048457026269,
    "eval_threshold": 0.5
}