{
    "eval_recall": 0.950459119151042,
    "eval_precision": 0.914990472157527,
    "eval_f1": 0.9323876048437121,
    "eval_mcc": 0.8628027724339258,
    "eval_acc": 0.9310771430142409,
    "eval_threshold": 0.5
}