{
    "eval_recall": 0.8555350553505535,
    "eval_precision": 0.6277243806687424,
    "eval_f1": 0.7241352385414227,
    "eval_mcc": 0.3736281258671386,
    "eval_acc": 0.6740774907749078,
    "eval_threshold": 0.5
}