{
    "eval_recall": 0.9840701407755001,
    "eval_precision": 0.9581579896597331,
    "eval_f1": 0.9709412123058178,
    "eval_mcc": 0.9414279663630366,
    "eval_acc": 0.9705419175544233,
    "eval_threshold": 0.5
}