{
    "eval_recall": 0.9731089793992767,
    "eval_precision": 0.940139775144333,
    "eval_f1": 0.9563403137315509,
    "eval_mcc": 0.9121419311074794,
    "eval_acc": 0.955786837780734,
    "eval_threshold": 0.5
}