{
    "eval_recall": 0.9715621562156216,
    "eval_precision": 0.9272889542209156,
    "eval_f1": 0.948909423014935,
    "eval_mcc": 0.8964018233116338,
    "eval_acc": 0.9476897689768977,
    "eval_threshold": 0.5
}