{
    "eval_recall": 0.9161031608743513,
    "eval_precision": 0.9005255835523265,
    "eval_f1": 0.9082475834112878,
    "eval_mcc": 0.8159233800180501,
    "eval_acc": 0.9078957664919007,
    "eval_threshold": 0.5
}