{
    "eval_recall": 0.9131152696964931,
    "eval_precision": 0.8681318681318682,
    "eval_f1": 0.8900555662004217,
    "eval_mcc": 0.7765739992526647,
    "eval_acc": 0.8877455199937397,
    "eval_threshold": 0.5
}