{
    "eval_recall": 0.984363894811656,
    "eval_precision": 0.859181141439206,
    "eval_f1": 0.9175223583968201,
    "eval_mcc": 0.8319051384495127,
    "eval_acc": 0.9115138592750534,
    "eval_threshold": 0.5
}