{
    "eval_recall": 0.9772539667981289,
    "eval_precision": 0.9497704684226946,
    "eval_f1": 0.9633162308161742,
    "eval_mcc": 0.9259587004376588,
    "eval_acc": 0.9627854718884711,
    "eval_threshold": 0.5
}