{
    "eval_recall": 0.9672293396382031,
    "eval_precision": 0.930888500820236,
    "eval_f1": 0.9487110344083702,
    "eval_mcc": 0.8961029112311975,
    "eval_acc": 0.9477099026777368,
    "eval_threshold": 0.5
}