{
    "eval_recall": 0.9580947059645202,
    "eval_precision": 0.9441156228492773,
    "eval_f1": 0.9510537992235163,
    "eval_mcc": 0.9015444055805003,
    "eval_acc": 0.9507224122286592,
    "eval_threshold": 0.5
}