{
    "eval_recall": 0.26461253424767456,
    "eval_precision": 0.3892235948243024,
    "eval_f1": 0.2874431186570087,
    "eval_mcc": 0.6200332839156858,
    "eval_acc": 0.641656866588266
}