{
    "eval_recall": 0.7564335846113855,
    "eval_precision": 0.6138592975424533,
    "eval_f1": 0.6777292576419213,
    "eval_mcc": 0.28849751961350434,
    "eval_acc": 0.6403041330907201,
    "eval_threshold": 0.5
}