{
    "eval_recall": 0.7190036900369003,
    "eval_precision": 0.6650170648464164,
    "eval_f1": 0.6909574468085107,
    "eval_mcc": 0.35800821343754485,
    "eval_acc": 0.6784132841328413,
    "eval_threshold": 0.5
}