{
    "eval_recall": 0.9816812818511547,
    "eval_precision": 0.937478077867415,
    "eval_f1": 0.9590706227993451,
    "eval_mcc": 0.9172806782058337,
    "eval_acc": 0.9581297175763416,
    "eval_threshold": 0.5
}