{
    "eval_recall": 0.9686039478748557,
    "eval_precision": 0.9365729172204795,
    "eval_f1": 0.952319169639961,
    "eval_mcc": 0.9035362112908362,
    "eval_acc": 0.9515038214108978,
    "eval_threshold": 0.5
}