{
    "eval_recall": 0.8971536405095141,
    "eval_precision": 0.8355301698886937,
    "eval_f1": 0.8652460756805944,
    "eval_mcc": 0.7239301005008963,
    "eval_acc": 0.860943735816574,
    "eval_threshold": 0.5
}