{
    "eval_recall": 0.7412421110399707,
    "eval_precision": 0.8869431979862099,
    "eval_f1": 0.8075734927752866,
    "eval_mcc": 0.6556648192831299,
    "eval_acc": 0.8233787615476081,
    "eval_threshold": 0.5
}