{
    "eval_recall": 0.7202963504984908,
    "eval_precision": 0.8916440217391305,
    "eval_f1": 0.796863141917531,
    "eval_mcc": 0.6447809074852929,
    "eval_acc": 0.8163815969999085,
    "eval_threshold": 0.5
}