{
    "eval_recall": 0.7650116974265662,
    "eval_precision": 0.637979622805116,
    "eval_f1": 0.6957446808510639,
    "eval_mcc": 0.33766871660728515,
    "eval_acc": 0.6654536002079543,
    "eval_threshold": 0.5
}