{
    "eval_recall": 0.4589536410849729,
    "eval_precision": 0.613004072230722,
    "eval_f1": 0.489831212718825,
    "eval_mcc": 0.8955977061412393,
    "eval_acc": 0.9037849528811989
}