{
    "eval_recall": 0.6255854237505614,
    "eval_precision": 0.9121608980355472,
    "eval_f1": 0.7421699585188567,
    "eval_mcc": 0.595495182310301,
    "eval_acc": 0.7826714569833836,
    "eval_threshold": 0.5
}