{
    "eval_recall": 0.6280875088214538,
    "eval_precision": 0.8987423115762416,
    "eval_f1": 0.7394259818731118,
    "eval_mcc": 0.5844554155796958,
    "eval_acc": 0.7786617052672099,
    "eval_threshold": 0.5
}