{
    "eval_recall": 0.7490774907749077,
    "eval_precision": 0.7216494845360825,
    "eval_f1": 0.7351077313054499,
    "eval_mcc": 0.4604803176168762,
    "eval_acc": 0.7300738007380074,
    "eval_threshold": 0.5
}