{
    "eval_recall": 0.2810850279730991,
    "eval_precision": 0.3869811955088689,
    "eval_f1": 0.30010513798168675,
    "eval_mcc": 0.6372022125371446,
    "eval_acc": 0.6556652609782582
}