{
    "eval_recall": 0.9908176169791609,
    "eval_precision": 0.9456835476252952,
    "eval_f1": 0.9677246119972074,
    "eval_mcc": 0.9349742895081045,
    "eval_acc": 0.9669544179908726,
    "eval_threshold": 0.5
}