{
    "eval_recall": 0.9722814498933902,
    "eval_precision": 0.8486352357320099,
    "eval_f1": 0.906260351109639,
    "eval_mcc": 0.807479598978629,
    "eval_acc": 0.8994314143567875,
    "eval_threshold": 0.5
}