{
    "eval_recall": 0.7326568265682657,
    "eval_precision": 0.674422554347826,
    "eval_f1": 0.7023346303501945,
    "eval_mcc": 0.3803874855832962,
    "eval_acc": 0.6894833948339484,
    "eval_threshold": 0.5
}