{
    "eval_recall": 0.9090262970859986,
    "eval_precision": 0.7658682634730539,
    "eval_f1": 0.8313292167695807,
    "eval_mcc": 0.6424535274260883,
    "eval_acc": 0.8155650319829424,
    "eval_threshold": 0.5
}