{
    "eval_recall": 0.9610710947379997,
    "eval_precision": 0.9233979608008875,
    "eval_f1": 0.9418579588317707,
    "eval_mcc": 0.882078235535769,
    "eval_acc": 0.9406719085060757,
    "eval_threshold": 0.5
}