{
    "eval_recall": 0.9561391255761978,
    "eval_precision": 0.9443984547461368,
    "eval_f1": 0.950232525855487,
    "eval_mcc": 0.8999794651205247,
    "eval_acc": 0.9499546311160746,
    "eval_threshold": 0.5
}