{
    "eval_recall": 0.976545842217484,
    "eval_precision": 0.8603631809643081,
    "eval_f1": 0.914780292942743,
    "eval_mcc": 0.8256150032494948,
    "eval_acc": 0.9090262970859986,
    "eval_threshold": 0.5
}