{
    "eval_recall": 0.9247523195470986,
    "eval_precision": 0.866180586242451,
    "eval_f1": 0.8945086705202312,
    "eval_mcc": 0.7847679443066203,
    "eval_acc": 0.8914625557555365,
    "eval_threshold": 0.5
}