{
    "eval_recall": 0.9115798295851376,
    "eval_precision": 0.8859625305457507,
    "eval_f1": 0.8985886402753873,
    "eval_mcc": 0.7947097614148984,
    "eval_acc": 0.8971871291966218,
    "eval_threshold": 0.5
}