{
    "eval_recall": 0.9756612360662226,
    "eval_precision": 0.9375673448691133,
    "eval_f1": 0.9562350507466546,
    "eval_mcc": 0.9114445434622986,
    "eval_acc": 0.9553459534331509,
    "eval_threshold": 0.5
}