{
    "eval_recall": 0.9722153618177328,
    "eval_precision": 0.9377642784825204,
    "eval_f1": 0.9546791160154,
    "eval_mcc": 0.908285980034443,
    "eval_acc": 0.9538366527713448,
    "eval_threshold": 0.5
}