{
    "eval_recall": 0.9147121535181236,
    "eval_precision": 0.8313953488372093,
    "eval_f1": 0.8710659898477158,
    "eval_mcc": 0.7329005198858413,
    "eval_acc": 0.8646055437100213,
    "eval_threshold": 0.5
}