{
    "eval_recall": 0.5764231868988823,
    "eval_precision": 0.650674882629108,
    "eval_f1": 0.611302549965541,
    "eval_mcc": 0.26871664414221635,
    "eval_acc": 0.6334806342604627,
    "eval_threshold": 0.5
}