{
    "eval_recall": 0.7231609046009878,
    "eval_precision": 0.6275659824046921,
    "eval_f1": 0.6719806763285024,
    "eval_mcc": 0.2974666892565252,
    "eval_acc": 0.6469976605146868,
    "eval_threshold": 0.5
}