{
    "eval_recall": 0.988762657446283,
    "eval_precision": 0.9592093441150045,
    "eval_f1": 0.9737618193426772,
    "eval_mcc": 0.9471532183015857,
    "eval_acc": 0.9733518604292111,
    "eval_threshold": 0.5
}