{
    "eval_recall": 0.637325976775518,
    "eval_precision": 0.8940689406894069,
    "eval_f1": 0.7441755936774289,
    "eval_mcc": 0.5865173171248727,
    "eval_acc": 0.7809071662282672,
    "eval_threshold": 0.5
}