{
    "eval_recall": 0.9773017087477684,
    "eval_precision": 0.8350403137938549,
    "eval_f1": 0.900587544065805,
    "eval_mcc": 0.7958735279919277,
    "eval_acc": 0.8921193573068095,
    "eval_threshold": 0.5
}