{
    "eval_recall": 0.9455421091627563,
    "eval_precision": 0.9209212820975404,
    "eval_f1": 0.9330693069306931,
    "eval_mcc": 0.8646283039704433,
    "eval_acc": 0.932159950594411,
    "eval_threshold": 0.5
}