{
    "eval_recall": 0.9880217337614225,
    "eval_precision": 0.959582633725114,
    "eval_f1": 0.9735945485519591,
    "eval_mcc": 0.9468106814686867,
    "eval_acc": 0.9731974679635633,
    "eval_threshold": 0.5
}