{
    "eval_recall": 0.6765682656826568,
    "eval_precision": 0.7283018867924528,
    "eval_f1": 0.701482544237207,
    "eval_mcc": 0.4252439286755311,
    "eval_acc": 0.7120848708487085,
    "eval_threshold": 0.5
}