{
    "eval_recall": 0.9757714868655956,
    "eval_precision": 0.8342782381160052,
    "eval_f1": 0.8994945339132479,
    "eval_mcc": 0.7934378739033513,
    "eval_acc": 0.8909716908951798,
    "eval_threshold": 0.5
}