{
    "eval_recall": 0.952926386366811,
    "eval_precision": 0.9056152927120669,
    "eval_f1": 0.928668663218078,
    "eval_mcc": 0.8548733619492696,
    "eval_acc": 0.9268513994555734,
    "eval_threshold": 0.5
}