{
    "eval_recall": 0.9826249518887117,
    "eval_precision": 0.947912799024028,
    "eval_f1": 0.9649568034557235,
    "eval_mcc": 0.929253610399608,
    "eval_acc": 0.9643151701764997,
    "eval_threshold": 0.5
}