{
    "eval_recall": 0.7130996309963099,
    "eval_precision": 0.7244611059044048,
    "eval_f1": 0.7187354718735471,
    "eval_mcc": 0.441936268329141,
    "eval_acc": 0.7209409594095941,
    "eval_threshold": 0.5
}