{
    "eval_recall": 0.7843226927650233,
    "eval_precision": 0.885298368779682,
    "eval_f1": 0.8317571172219796,
    "eval_mcc": 0.687188296207994,
    "eval_acc": 0.8413518704838562,
    "eval_threshold": 0.5
}