{
    "eval_recall": 0.9682079018534397,
    "eval_precision": 0.9436837029893925,
    "eval_f1": 0.955788514129444,
    "eval_mcc": 0.9107356621886217,
    "eval_acc": 0.9552140360134556,
    "eval_threshold": 0.5
}