{
    "eval_recall": 0.32320912027596316,
    "eval_precision": 0.46608669770276345,
    "eval_f1": 0.3498822817835827,
    "eval_mcc": 0.857149867702517,
    "eval_acc": 0.8689504373177842
}