{
    "eval_recall": 0.4535055350553506,
    "eval_precision": 0.794954721862872,
    "eval_f1": 0.5775375939849624,
    "eval_mcc": 0.3726578597079859,
    "eval_acc": 0.6682656826568266,
    "eval_threshold": 0.5
}