{
    "eval_recall": 0.9954093343534812,
    "eval_precision": 0.7543486664089679,
    "eval_f1": 0.8582737768004398,
    "eval_mcc": 0.7084019697995586,
    "eval_acc": 0.8356286661565927,
    "eval_threshold": 0.5
}