{
    "eval_recall": 0.2226041683270464,
    "eval_precision": 0.3148955260830376,
    "eval_f1": 0.23859760192262652,
    "eval_mcc": 0.604601663152136,
    "eval_acc": 0.6242266609429055
}