{
    "eval_recall": 0.8333948339483395,
    "eval_precision": 0.6353023909985935,
    "eval_f1": 0.7209896249002393,
    "eval_mcc": 0.3736077284201683,
    "eval_acc": 0.6774907749077491,
    "eval_threshold": 0.5
}