{
    "eval_recall": 0.9735393928276621,
    "eval_precision": 0.9275571285008957,
    "eval_f1": 0.9499921687960083,
    "eval_mcc": 0.8986101350701331,
    "eval_acc": 0.9487526368889296,
    "eval_threshold": 0.5
}