{
    "eval_recall": 0.971769672185212,
    "eval_precision": 0.9402642159678346,
    "eval_f1": 0.9557573791761271,
    "eval_mcc": 0.9105436063926834,
    "eval_acc": 0.9550161598839126,
    "eval_threshold": 0.5
}