{
    "eval_recall": 0.9427636453445295,
    "eval_precision": 0.9004009906828635,
    "eval_f1": 0.9210954937564094,
    "eval_mcc": 0.8393720156709327,
    "eval_acc": 0.9192218619731357,
    "eval_threshold": 0.5
}