{
    "eval_recall": 0.7818695066401489,
    "eval_precision": 0.8336981803256259,
    "eval_f1": 0.8069524913093857,
    "eval_mcc": 0.6271192095050779,
    "eval_acc": 0.8129531019439277,
    "eval_threshold": 0.5
}