{
    "eval_recall": 0.9731876081144835,
    "eval_precision": 0.9271161048689138,
    "eval_f1": 0.9495933711830598,
    "eval_mcc": 0.898295758430867,
    "eval_acc": 0.9485875264105172,
    "eval_threshold": 0.5
}