{
    "eval_recall": 0.9748388111338261,
    "eval_precision": 0.9198011721937829,
    "eval_f1": 0.9465205939611406,
    "eval_mcc": 0.8919778547819478,
    "eval_acc": 0.9451835041865561,
    "eval_threshold": 0.5
}