{
    "eval_recall": 0.959212180472133,
    "eval_precision": 0.9335236541598695,
    "eval_f1": 0.9461935928349983,
    "eval_mcc": 0.8913140157173144,
    "eval_acc": 0.9454875410064912,
    "eval_threshold": 0.5
}