{
    "eval_recall": 0.9830299124644218,
    "eval_precision": 0.9841926985321792,
    "eval_f1": 0.9836109618484685,
    "eval_mcc": 0.9672419617828262,
    "eval_acc": 0.9836206433596477,
    "eval_threshold": 0.5
}