{
    "eval_recall": 0.9641702408446058,
    "eval_precision": 0.9354673495518566,
    "eval_f1": 0.9496019496344436,
    "eval_mcc": 0.8981010936660573,
    "eval_acc": 0.9488388969521045,
    "eval_threshold": 0.5
}