{
    "eval_recall": 0.9233370026733764,
    "eval_precision": 0.8376489050574221,
    "eval_f1": 0.8784081983767814,
    "eval_mcc": 0.749607296408898,
    "eval_acc": 0.8727991235620941,
    "eval_threshold": 0.5
}