{
    "eval_recall": 0.6929889298892989,
    "eval_precision": 0.7148838979824895,
    "eval_f1": 0.7037661607644744,
    "eval_mcc": 0.4168006980894364,
    "eval_acc": 0.7083025830258303,
    "eval_threshold": 0.5
}