{
    "eval_recall": 0.9116999528227708,
    "eval_precision": 0.8465357377527926,
    "eval_f1": 0.8779102782509938,
    "eval_mcc": 0.7499217535499338,
    "eval_acc": 0.8738164175600595,
    "eval_threshold": 0.5
}