{
    "eval_recall": 0.7318689888224591,
    "eval_precision": 0.6133318810587082,
    "eval_f1": 0.6673777777777778,
    "eval_mcc": 0.27566791013054837,
    "eval_acc": 0.635235248245386,
    "eval_threshold": 0.5
}