{
    "eval_recall": 0.9191227825115239,
    "eval_precision": 0.8870315448908062,
    "eval_f1": 0.9027920696988407,
    "eval_mcc": 0.8027208955434759,
    "eval_acc": 0.9010958330425072,
    "eval_threshold": 0.5
}