{
    "eval_recall": 0.12099019652090881,
    "eval_precision": 0.2586217375344561,
    "eval_f1": 0.1395095853118745,
    "eval_mcc": 0.4473190496618069,
    "eval_acc": 0.47040376323010585
}