{
    "eval_recall": 0.7706642066420665,
    "eval_precision": 0.6728414948453608,
    "eval_f1": 0.7184382524939801,
    "eval_mcc": 0.40019309239358963,
    "eval_acc": 0.6979704797047971,
    "eval_threshold": 0.5
}