{
    "eval_recall": 0.47481943454555464,
    "eval_precision": 0.5748339232268231,
    "eval_f1": 0.5041281949690289,
    "eval_mcc": 0.8939772249709483,
    "eval_acc": 0.900026413100898
}