{
    "eval_recall": 0.8319765846519711,
    "eval_precision": 0.8564165332831184,
    "eval_f1": 0.8440196715226872,
    "eval_mcc": 0.6927727745201283,
    "eval_acc": 0.8462453123570841,
    "eval_threshold": 0.5
}