{
    "eval_recall": 0.5553505535055351,
    "eval_precision": 0.7627977698935631,
    "eval_f1": 0.6427503736920778,
    "eval_mcc": 0.3976441265694725,
    "eval_acc": 0.6913284132841329,
    "eval_threshold": 0.5
}