{
    "eval_recall": 0.7409669872628022,
    "eval_precision": 0.6530355097365407,
    "eval_f1": 0.6942279590842668,
    "eval_mcc": 0.3504753164439379,
    "eval_acc": 0.6736417988042631,
    "eval_threshold": 0.5
}