{
    "eval_recall": 0.9624312431243124,
    "eval_precision": 0.9426247171640987,
    "eval_f1": 0.9524250176909259,
    "eval_mcc": 0.9040499799004744,
    "eval_acc": 0.9519251925192519,
    "eval_threshold": 0.5
}