{
    "eval_recall": 0.7380073800738007,
    "eval_precision": 0.7147962830593281,
    "eval_f1": 0.7262164124909224,
    "eval_mcc": 0.44377646759825323,
    "eval_acc": 0.7217712177121771,
    "eval_threshold": 0.5
}