{
    "eval_recall": 0.9927420685104745,
    "eval_precision": 0.9504632554221941,
    "eval_f1": 0.9711427265148053,
    "eval_mcc": 0.941934167662887,
    "eval_acc": 0.9705009072414362,
    "eval_threshold": 0.5
}