{
    "eval_recall": 0.9800908298545805,
    "eval_precision": 0.9457724656927844,
    "eval_f1": 0.9626258757800356,
    "eval_mcc": 0.9244866098378504,
    "eval_acc": 0.961939065797926,
    "eval_threshold": 0.5
}