{
    "eval_recall": 0.7347283597608526,
    "eval_precision": 0.6630307295331926,
    "eval_f1": 0.6970406905055487,
    "eval_mcc": 0.3634517588712471,
    "eval_acc": 0.6806602547439563,
    "eval_threshold": 0.5
}