{
    "eval_recall": 0.9151609648720536,
    "eval_precision": 0.8474605062001019,
    "eval_f1": 0.880010583410504,
    "eval_mcc": 0.7528417536815891,
    "eval_acc": 0.8752178299550583,
    "eval_threshold": 0.5
}