{
    "eval_recall": 0.23534201785062178,
    "eval_precision": 0.3441648695134339,
    "eval_f1": 0.25122130545196286,
    "eval_mcc": 0.6309864816670876,
    "eval_acc": 0.6620054144106622
}