{
    "eval_recall": 0.624238147173927,
    "eval_precision": 0.9001757794430567,
    "eval_f1": 0.7372329140778906,
    "eval_mcc": 0.5830842980194174,
    "eval_acc": 0.7775068967729518,
    "eval_threshold": 0.5
}