{
    "eval_recall": 0.9823820521280106,
    "eval_precision": 0.9178225756735097,
    "eval_f1": 0.949005609382968,
    "eval_mcc": 0.8966666658064213,
    "eval_acc": 0.9472225887320227,
    "eval_threshold": 0.5
}