{
    "eval_recall": 0.3552733309648331,
    "eval_precision": 0.48192084204522556,
    "eval_f1": 0.3850382276428886,
    "eval_mcc": 0.8694131952151933,
    "eval_acc": 0.8802478134110787
}