{
    "eval_recall": 0.2534697958975675,
    "eval_precision": 0.2877804856230725,
    "eval_f1": 0.24899936376975987,
    "eval_mcc": 0.6321355885798301,
    "eval_acc": 0.659271847159998
}