{
    "eval_recall": 0.6997164547699625,
    "eval_precision": 0.8841886269070736,
    "eval_f1": 0.7812101097778914,
    "eval_mcc": 0.6217497282968742,
    "eval_acc": 0.8040336595627916,
    "eval_threshold": 0.5
}