{
    "eval_recall": 0.9288683602771363,
    "eval_precision": 0.9152795838751625,
    "eval_f1": 0.9220239069919764,
    "eval_mcc": 0.8430145619246036,
    "eval_acc": 0.9214606148568413,
    "eval_threshold": 0.5
}