{
    "eval_recall": 0.29557088801895853,
    "eval_precision": 0.4634895960397207,
    "eval_f1": 0.32511304726905976,
    "eval_mcc": 0.6223308037301322,
    "eval_acc": 0.6416739097090853
}