{
    "eval_recall": 0.9150451817162456,
    "eval_precision": 0.886113949923352,
    "eval_f1": 0.9003472109549924,
    "eval_mcc": 0.7978661756709198,
    "eval_acc": 0.8987204010289559,
    "eval_threshold": 0.5
}