{
    "eval_recall": 0.8452029520295203,
    "eval_precision": 0.6214053174172545,
    "eval_f1": 0.7162288930581613,
    "eval_mcc": 0.3540143147531001,
    "eval_acc": 0.665129151291513,
    "eval_threshold": 0.5
}