{
    "eval_recall": 0.9678933069893801,
    "eval_precision": 0.9330397000178561,
    "eval_f1": 0.950146983059066,
    "eval_mcc": 0.8990366857911918,
    "eval_acc": 0.9492048788019145,
    "eval_threshold": 0.5
}