{
    "eval_recall": 0.7662795919676654,
    "eval_precision": 0.8415416050165575,
    "eval_f1": 0.8021490933512424,
    "eval_mcc": 0.6244951660580218,
    "eval_acc": 0.8109963431064349,
    "eval_threshold": 0.5
}