{
    "eval_recall": 0.9665122253314372,
    "eval_precision": 0.8848059801780614,
    "eval_f1": 0.9238560873473504,
    "eval_mcc": 0.8442499580842626,
    "eval_acc": 0.9203221070019272,
    "eval_threshold": 0.5
}