{
    "eval_recall": 0.9702526218587164,
    "eval_precision": 0.9398159979555328,
    "eval_f1": 0.9547918086521923,
    "eval_mcc": 0.9085961260236536,
    "eval_acc": 0.9540597585911219,
    "eval_threshold": 0.5
}