{
    "eval_recall": 0.9636735335744614,
    "eval_precision": 0.9506670803599131,
    "eval_f1": 0.9571261226083561,
    "eval_mcc": 0.9141661494865919,
    "eval_acc": 0.957038891932076,
    "eval_threshold": 0.5
}