{
    "eval_recall": 0.9696589934700878,
    "eval_precision": 0.9417077701620652,
    "eval_f1": 0.9554790068893799,
    "eval_mcc": 0.9100375212948686,
    "eval_acc": 0.9548182837543697,
    "eval_threshold": 0.5
}