{
    "eval_recall": 0.9857989627068412,
    "eval_precision": 0.9552470982409955,
    "eval_f1": 0.9702825888787602,
    "eval_mcc": 0.9400824017963152,
    "eval_acc": 0.9698008337193145,
    "eval_threshold": 0.5
}