{
    "eval_recall": 0.95006925664534,
    "eval_precision": 0.9045465963325797,
    "eval_f1": 0.9267492359659,
    "eval_mcc": 0.8508902495953065,
    "eval_acc": 0.9249060088384671,
    "eval_threshold": 0.5
}