{
    "eval_recall": 0.9674823560451158,
    "eval_precision": 0.9408595253367543,
    "eval_f1": 0.9539852362524796,
    "eval_mcc": 0.9070316192424587,
    "eval_acc": 0.953334212782798,
    "eval_threshold": 0.5
}