{
    "eval_recall": 0.3735011328599412,
    "eval_precision": 0.5021335666392378,
    "eval_f1": 0.40400193813220825,
    "eval_mcc": 0.8839703186268989,
    "eval_acc": 0.8935131195335277
}