{
    "eval_recall": 0.9851485148514851,
    "eval_precision": 0.9421852806565311,
    "eval_f1": 0.963188039474038,
    "eval_mcc": 0.9256603425082339,
    "eval_acc": 0.9623487348734874,
    "eval_threshold": 0.5
}