{
    "eval_recall": 0.9664045746962115,
    "eval_precision": 0.9380871050384287,
    "eval_f1": 0.9520353167402432,
    "eval_mcc": 0.9030342770792776,
    "eval_acc": 0.9513113762577665,
    "eval_threshold": 0.5
}