{
    "eval_recall": 0.7003567181926278,
    "eval_precision": 0.8903488372093024,
    "eval_f1": 0.7840065530128502,
    "eval_mcc": 0.6285822523550645,
    "eval_acc": 0.8070520442696424,
    "eval_threshold": 0.5
}