{
    "eval_recall": 0.7855905562327581,
    "eval_precision": 0.8288209015838636,
    "eval_f1": 0.8066269226968809,
    "eval_mcc": 0.6241896092269793,
    "eval_acc": 0.811669981394752,
    "eval_threshold": 0.5
}