{
    "eval_recall": 0.9715707178393745,
    "eval_precision": 0.8549093183239524,
    "eval_f1": 0.9095143047238855,
    "eval_mcc": 0.814298229811646,
    "eval_acc": 0.9033404406538735,
    "eval_threshold": 0.5
}