{
    "eval_recall": 0.3004322649609831,
    "eval_precision": 0.39719982092337885,
    "eval_f1": 0.32247059601970096,
    "eval_mcc": 0.6406096464859673,
    "eval_acc": 0.6700685515781252
}