{
    "eval_recall": 0.9831145702790054,
    "eval_precision": 0.902458222329862,
    "eval_f1": 0.9410613378792184,
    "eval_mcc": 0.8803782462861363,
    "eval_acc": 0.9384275443572324,
    "eval_threshold": 0.5
}