{
    "eval_recall": 0.9173163349536825,
    "eval_precision": 0.8423025096850261,
    "eval_f1": 0.8782104754796505,
    "eval_mcc": 0.7485490194776356,
    "eval_acc": 0.8727873062459873,
    "eval_threshold": 0.5
}