{
    "eval_recall": 0.9801071155317521,
    "eval_precision": 0.8293051359516617,
    "eval_f1": 0.8984219754529515,
    "eval_mcc": 0.7915700152892554,
    "eval_acc": 0.8891864320326447,
    "eval_threshold": 0.5
}