{
    "eval_recall": 0.973221117061974,
    "eval_precision": 0.7940074906367042,
    "eval_f1": 0.8745273289790305,
    "eval_mcc": 0.7398256607204331,
    "eval_acc": 0.8603672532517215,
    "eval_threshold": 0.5
}