{
    "eval_recall": 0.24377868365530972,
    "eval_precision": 0.37845391058416145,
    "eval_f1": 0.2677484605958929,
    "eval_mcc": 0.6098027914878421,
    "eval_acc": 0.6304978439827519
}