{
    "eval_recall": 0.9744963019637848,
    "eval_precision": 0.7850832134785288,
    "eval_f1": 0.8695949021392807,
    "eval_mcc": 0.7292708076284861,
    "eval_acc": 0.8538638102524866,
    "eval_threshold": 0.5
}