{
    "eval_recall": 0.8266715448641727,
    "eval_precision": 0.848558820768003,
    "eval_f1": 0.8374722016308378,
    "eval_mcc": 0.6793625876460049,
    "eval_acc": 0.8395682795207171,
    "eval_threshold": 0.5
}