{
    "eval_recall": 0.3202188738905904,
    "eval_precision": 0.4595026363918584,
    "eval_f1": 0.34450299794429295,
    "eval_mcc": 0.8336695435237811,
    "eval_acc": 0.8468235124829124
}