{
    "eval_recall": 0.23727549409791424,
    "eval_precision": 0.3399236993358502,
    "eval_f1": 0.2557959713191066,
    "eval_mcc": 0.6211964228019461,
    "eval_acc": 0.6518146218124634
}