{
    "eval_recall": 0.9554407040089398,
    "eval_precision": 0.9437086092715232,
    "eval_f1": 0.9495384188241828,
    "eval_mcc": 0.8985834020559235,
    "eval_acc": 0.9492566482864522,
    "eval_threshold": 0.5
}