{
    "eval_recall": 0.9575747811610548,
    "eval_precision": 0.9526124585960039,
    "eval_f1": 0.9550871742681913,
    "eval_mcc": 0.9099527359671452,
    "eval_acc": 0.9549701949411954,
    "eval_threshold": 0.5
}