{
    "eval_recall": 0.9140674729471674,
    "eval_precision": 0.8894394549396097,
    "eval_f1": 0.9015853084288179,
    "eval_mcc": 0.800931297037132,
    "eval_acc": 0.9003100405437634,
    "eval_threshold": 0.5
}