{
    "eval_recall": 0.37317106801474853,
    "eval_precision": 0.49015637048624316,
    "eval_f1": 0.39356885846162043,
    "eval_mcc": 0.8061284676193048,
    "eval_acc": 0.8148678357789253
}