{
    "eval_recall": 0.7930968114454353,
    "eval_precision": 0.8153277931671283,
    "eval_f1": 0.8040586685745879,
    "eval_mcc": 0.6136881007232282,
    "eval_acc": 0.806729967280426,
    "eval_threshold": 0.5
}