{
    "eval_recall": 0.23418665570771283,
    "eval_precision": 0.295198606496216,
    "eval_f1": 0.2345054596570387,
    "eval_mcc": 0.6421350903247477,
    "eval_acc": 0.6696060596717335
}