{
    "eval_recall": 0.9536305260558162,
    "eval_precision": 0.9327254061235581,
    "eval_f1": 0.9430621279194016,
    "eval_mcc": 0.8850450801257006,
    "eval_acc": 0.9424116103134167,
    "eval_threshold": 0.5
}