{
    "eval_recall": 0.7954250064985703,
    "eval_precision": 0.6475505237541,
    "eval_f1": 0.7139107611548556,
    "eval_mcc": 0.3723283521333279,
    "eval_acc": 0.6812451260722641,
    "eval_threshold": 0.5
}