{
    "eval_recall": 0.899912768008815,
    "eval_precision": 0.8454172956653009,
    "eval_f1": 0.8718142596628564,
    "eval_mcc": 0.7370581431795922,
    "eval_acc": 0.8677587354027577,
    "eval_threshold": 0.5
}