{
    "eval_recall": 0.8961480189155686,
    "eval_precision": 0.840937486536556,
    "eval_f1": 0.8676653627311522,
    "eval_mcc": 0.7283790389826825,
    "eval_acc": 0.863399637506596,
    "eval_threshold": 0.5
}