{
    "eval_recall": 0.7912659214972706,
    "eval_precision": 0.6348941495463551,
    "eval_f1": 0.7045073193311346,
    "eval_mcc": 0.346923097258986,
    "eval_acc": 0.6681180140369118,
    "eval_threshold": 0.5
}