{
    "eval_recall": 0.25975448666982404,
    "eval_precision": 0.38679675478517545,
    "eval_f1": 0.28145613403442776,
    "eval_mcc": 0.6402203853562914,
    "eval_acc": 0.6692978939903179
}