{
    "eval_recall": 0.9412217518007368,
    "eval_precision": 0.8963711577734723,
    "eval_f1": 0.9182491149018346,
    "eval_mcc": 0.8334517221593648,
    "eval_acc": 0.9162038818936603,
    "eval_threshold": 0.5
}