{
    "eval_recall": 0.9141453560442587,
    "eval_precision": 0.8531579398406033,
    "eval_f1": 0.8825993483898136,
    "eval_mcc": 0.75889483335911,
    "eval_acc": 0.8784729391791131,
    "eval_threshold": 0.5
}