{
    "eval_recall": 0.9844427441979087,
    "eval_precision": 0.8393128941074146,
    "eval_f1": 0.9061032863849765,
    "eval_mcc": 0.8081436960290783,
    "eval_acc": 0.897985207855139,
    "eval_threshold": 0.5
}