{
    "eval_recall": 0.9863586358635864,
    "eval_precision": 0.9386515912897823,
    "eval_f1": 0.9619139577298573,
    "eval_mcc": 0.923085211956246,
    "eval_acc": 0.9609460946094609,
    "eval_threshold": 0.5
}