{
    "eval_recall": 0.23867981914344646,
    "eval_precision": 0.33474630004218986,
    "eval_f1": 0.25450532362972084,
    "eval_mcc": 0.6216781021563638,
    "eval_acc": 0.6526788558977996
}