{
    "eval_recall": 0.9220003145148609,
    "eval_precision": 0.8728599076968885,
    "eval_f1": 0.8967574181706944,
    "eval_mcc": 0.7900079455235441,
    "eval_acc": 0.8943579309805149,
    "eval_threshold": 0.5
}