{
    "eval_recall": 0.7402322448194008,
    "eval_precision": 0.8262083780880773,
    "eval_f1": 0.780860855441256,
    "eval_mcc": 0.5877163318253343,
    "eval_acc": 0.7922627830884712,
    "eval_threshold": 0.5
}