{
    "eval_recall": 0.9631231325680139,
    "eval_precision": 0.9342536801159332,
    "eval_f1": 0.9484687754074876,
    "eval_mcc": 0.8962814993666656,
    "eval_acc": 0.9479223726426168,
    "eval_threshold": 0.5
}