{
    "eval_recall": 0.9519485961726498,
    "eval_precision": 0.8707039734253226,
    "eval_f1": 0.9095155478446549,
    "eval_mcc": 0.8142656734044403,
    "eval_acc": 0.9053535283032037,
    "eval_threshold": 0.5
}