{
    "eval_recall": 0.9491458347074732,
    "eval_precision": 0.9170277848585267,
    "eval_f1": 0.9328104236216901,
    "eval_mcc": 0.8637975611732045,
    "eval_acc": 0.9316337972429259,
    "eval_threshold": 0.5
}