{
    "eval_recall": 0.9813823004335629,
    "eval_precision": 0.8253968253968254,
    "eval_f1": 0.8966561808225562,
    "eval_mcc": 0.7879812468851954,
    "eval_acc": 0.8868910992093854,
    "eval_threshold": 0.5
}