{
    "eval_recall": 0.9305768962145551,
    "eval_precision": 0.8842580302628086,
    "eval_f1": 0.9068263799088002,
    "eval_mcc": 0.810009068773432,
    "eval_acc": 0.9044461506246946,
    "eval_threshold": 0.5
}