{
    "eval_recall": 0.9882333534942541,
    "eval_precision": 0.9501982553528945,
    "eval_f1": 0.968842649991914,
    "eval_mcc": 0.9371892397512169,
    "eval_acc": 0.968219057568593,
    "eval_threshold": 0.5
}