{
    "eval_recall": 0.20884058298912955,
    "eval_precision": 0.2644871768029088,
    "eval_f1": 0.21148647817906507,
    "eval_mcc": 0.6265701681586164,
    "eval_acc": 0.6556122448979592
}