{
    "eval_recall": 0.9744565715858021,
    "eval_precision": 0.9278634120780752,
    "eval_f1": 0.9505893931599079,
    "eval_mcc": 0.899832831565976,
    "eval_acc": 0.9493488030817206,
    "eval_threshold": 0.5
}