{
    "eval_recall": 0.7199304856855392,
    "eval_precision": 0.8928085299455535,
    "eval_f1": 0.7971036508177629,
    "eval_mcc": 0.6457158406618744,
    "eval_acc": 0.8167474618128602,
    "eval_threshold": 0.5
}