{
    "eval_recall": 0.6460878606706525,
    "eval_precision": 0.6382896764252697,
    "eval_f1": 0.6421650949489731,
    "eval_mcc": 0.27997930516568675,
    "eval_acc": 0.6399792045749935,
    "eval_threshold": 0.5
}