{
    "eval_recall": 0.9502487562189055,
    "eval_precision": 0.824799506477483,
    "eval_f1": 0.8830911492734477,
    "eval_mcc": 0.7572105250502816,
    "eval_acc": 0.8742004264392325,
    "eval_threshold": 0.5
}