{
    "eval_recall": 0.9682738605632873,
    "eval_precision": 0.9385589156703535,
    "eval_f1": 0.9531848581260957,
    "eval_mcc": 0.9053413963502667,
    "eval_acc": 0.9524437701998549,
    "eval_threshold": 0.5
}