{
    "eval_recall": 0.9263863668110072,
    "eval_precision": 0.8732060566161949,
    "eval_f1": 0.8990104378473635,
    "eval_mcc": 0.7934799382213165,
    "eval_acc": 0.8960005583862637,
    "eval_threshold": 0.5
}