{
    "eval_recall": 0.9179662635264163,
    "eval_precision": 0.878340312143129,
    "eval_f1": 0.8977162198965101,
    "eval_mcc": 0.7918136896402629,
    "eval_acc": 0.8955004372366643,
    "eval_threshold": 0.5
}