{
    "eval_recall": 0.9665955934612651,
    "eval_precision": 0.8580441640378549,
    "eval_f1": 0.9090909090909091,
    "eval_mcc": 0.8132148241244107,
    "eval_acc": 0.9033404406538735,
    "eval_threshold": 0.5
}