{
    "eval_recall": 0.9824024483550114,
    "eval_precision": 0.824309865182966,
    "eval_f1": 0.8964393763090528,
    "eval_mcc": 0.7876384815633137,
    "eval_acc": 0.8865085437388421,
    "eval_threshold": 0.5
}