{
    "eval_recall": 0.9295035009548058,
    "eval_precision": 0.9109482220835933,
    "eval_f1": 0.9201323251417769,
    "eval_mcc": 0.8389554138991013,
    "eval_acc": 0.919389458621512,
    "eval_threshold": 0.5
}