{
    "eval_recall": 0.7003690036900369,
    "eval_precision": 0.7023126734505087,
    "eval_f1": 0.7013394919168591,
    "eval_mcc": 0.4035070803309275,
    "eval_acc": 0.7017527675276752,
    "eval_threshold": 0.5
}