{
    "eval_recall": 0.9497394630961018,
    "eval_precision": 0.922008068130883,
    "eval_f1": 0.9356683345246605,
    "eval_mcc": 0.8697952676860068,
    "eval_acc": 0.934700877250841,
    "eval_threshold": 0.5
}