{
    "eval_recall": 0.9492844786916181,
    "eval_precision": 0.9120646672206694,
    "eval_f1": 0.9303024465420922,
    "eval_mcc": 0.8591724754870163,
    "eval_acc": 0.929219813756945,
    "eval_threshold": 0.5
}