{
    "eval_recall": 0.3124850609734468,
    "eval_precision": 0.4057411930488252,
    "eval_f1": 0.3341772047886854,
    "eval_mcc": 0.8273337788863656,
    "eval_acc": 0.8364301581079315
}