{
    "eval_recall": 0.953624807934069,
    "eval_precision": 0.922318292353418,
    "eval_f1": 0.9377103220932628,
    "eval_mcc": 0.8738914797716976,
    "eval_acc": 0.9366929573532491,
    "eval_threshold": 0.5
}