{
    "eval_recall": 0.9628913592180871,
    "eval_precision": 0.9698707199653811,
    "eval_f1": 0.9663684380726528,
    "eval_mcc": 0.9330030528691409,
    "eval_acc": 0.9664894473980989,
    "eval_threshold": 0.5
}