{
    "eval_recall": 0.9310977567778338,
    "eval_precision": 0.8803730210366515,
    "eval_f1": 0.9050251928479065,
    "eval_mcc": 0.8058701716312802,
    "eval_acc": 0.9022666789024503,
    "eval_threshold": 0.5
}