{
    "eval_recall": 0.7865178816427331,
    "eval_precision": 0.8199675789072185,
    "eval_f1": 0.8028944911297852,
    "eval_mcc": 0.6143410789232175,
    "eval_acc": 0.8069148449647855,
    "eval_threshold": 0.5
}