{
    "eval_recall": 0.9778117827084928,
    "eval_precision": 0.7824489795918367,
    "eval_f1": 0.8692891962362543,
    "eval_mcc": 0.7290322014292215,
    "eval_acc": 0.852971180821219,
    "eval_threshold": 0.5
}