{
    "eval_recall": 0.993016990157805,
    "eval_precision": 0.9499263622974963,
    "eval_f1": 0.9709938439205354,
    "eval_mcc": 0.9416412232464546,
    "eval_acc": 0.9703359542530379,
    "eval_threshold": 0.5
}