{
    "eval_recall": 0.4379507865157725,
    "eval_precision": 0.5747017241195636,
    "eval_f1": 0.46451887261319613,
    "eval_mcc": 0.8854371179497216,
    "eval_acc": 0.8944538853699985
}