{
    "eval_recall": 0.9746029249882057,
    "eval_precision": 0.9354011018036374,
    "eval_f1": 0.9545997150448611,
    "eval_mcc": 0.9085458622663373,
    "eval_acc": 0.9538696298614915,
    "eval_threshold": 0.5
}