{
    "eval_recall": 0.9399972475801642,
    "eval_precision": 0.8695523021430087,
    "eval_f1": 0.9034035799312231,
    "eval_mcc": 0.8015677579345418,
    "eval_acc": 0.899467743415619,
    "eval_threshold": 0.5
}