{
    "eval_recall": 0.9301679427019017,
    "eval_precision": 0.8985982702057859,
    "eval_f1": 0.9141106155759837,
    "eval_mcc": 0.8256745726413011,
    "eval_acc": 0.9125829859502856,
    "eval_threshold": 0.5
}