{
    "eval_recall": 0.7147127631920978,
    "eval_precision": 0.6399394856278366,
    "eval_f1": 0.6752624792779518,
    "eval_mcc": 0.3147371039017551,
    "eval_acc": 0.6562906160644658,
    "eval_threshold": 0.5
}