{
    "eval_recall": 0.48616236162361626,
    "eval_precision": 0.808282208588957,
    "eval_f1": 0.6071428571428572,
    "eval_mcc": 0.4043455376159379,
    "eval_acc": 0.6854243542435424,
    "eval_threshold": 0.5
}