{
    "eval_recall": 0.6184039511307512,
    "eval_precision": 0.6536612172001649,
    "eval_f1": 0.6355439791624925,
    "eval_mcc": 0.2911698979168288,
    "eval_acc": 0.6453730179360541,
    "eval_threshold": 0.5
}