{
    "eval_recall": 0.37182419347229106,
    "eval_precision": 0.4785746843727851,
    "eval_f1": 0.390101495220138,
    "eval_mcc": 0.8398887904441803,
    "eval_acc": 0.8476149087376655
}