{
    "eval_recall": 0.627631920977385,
    "eval_precision": 0.6363995782814971,
    "eval_f1": 0.6319853422326921,
    "eval_mcc": 0.2690663472857906,
    "eval_acc": 0.6345204055107876,
    "eval_threshold": 0.5
}