{
    "eval_recall": 0.9327950823432267,
    "eval_precision": 0.8886849350989904,
    "eval_f1": 0.9102059086839748,
    "eval_mcc": 0.8169179414628805,
    "eval_acc": 0.9079563182527302,
    "eval_threshold": 0.5
}