{
    "eval_recall": 0.9867380770211681,
    "eval_precision": 0.7767516562939168,
    "eval_f1": 0.869242866771512,
    "eval_mcc": 0.7303307158356853,
    "eval_acc": 0.8515684774292273,
    "eval_threshold": 0.5
}