{
    "eval_recall": 0.9474058280028429,
    "eval_precision": 0.8305295950155763,
    "eval_f1": 0.8851261620185923,
    "eval_mcc": 0.7616662552498393,
    "eval_acc": 0.8770433546552949,
    "eval_threshold": 0.5
}