{
    "eval_recall": 0.9265607799968548,
    "eval_precision": 0.8618445110802311,
    "eval_f1": 0.8930317153575081,
    "eval_mcc": 0.7813478995674127,
    "eval_acc": 0.8895453478362939,
    "eval_threshold": 0.5
}