{
    "eval_recall": 0.9757714868655956,
    "eval_precision": 0.8247467126535891,
    "eval_f1": 0.8939252336448599,
    "eval_mcc": 0.7816430596890612,
    "eval_acc": 0.8842132109155828,
    "eval_threshold": 0.5
}