{
    "eval_recall": 0.8047829477514947,
    "eval_precision": 0.6361861707592725,
    "eval_f1": 0.7106214494749526,
    "eval_mcc": 0.3573304789018075,
    "eval_acc": 0.6722770990382116,
    "eval_threshold": 0.5
}