{
    "eval_recall": 0.9616204690831557,
    "eval_precision": 0.7857142857142857,
    "eval_f1": 0.8648130393096836,
    "eval_mcc": 0.7175748447171212,
    "eval_acc": 0.849680170575693,
    "eval_threshold": 0.5
}