{
    "eval_recall": 0.9845913968632487,
    "eval_precision": 0.9373499235974678,
    "eval_f1": 0.9603900606114827,
    "eval_mcc": 0.9199529300287153,
    "eval_acc": 0.9593919104833533,
    "eval_threshold": 0.5
}