{
    "eval_recall": 0.8912225992846006,
    "eval_precision": 0.8915496834571979,
    "eval_f1": 0.8913861113659297,
    "eval_mcc": 0.7828121227536402,
    "eval_acc": 0.8914060350362285,
    "eval_threshold": 0.5
}