{
    "eval_recall": 0.9566453447050463,
    "eval_precision": 0.8064709406830437,
    "eval_f1": 0.8751625487646294,
    "eval_mcc": 0.7400221551253893,
    "eval_acc": 0.8635394456289979,
    "eval_threshold": 0.5
}