{
    "eval_recall": 0.9445628997867804,
    "eval_precision": 0.8332288401253919,
    "eval_f1": 0.8854097268487675,
    "eval_mcc": 0.7623441430064222,
    "eval_acc": 0.8777540867093105,
    "eval_threshold": 0.5
}