{
    "eval_recall": 0.281948519365195,
    "eval_precision": 0.39781230309516236,
    "eval_f1": 0.3064563303123041,
    "eval_mcc": 0.6342396151763277,
    "eval_acc": 0.6551679080099307
}