{
    "eval_recall": 0.9893390191897654,
    "eval_precision": 0.8576709796672828,
    "eval_f1": 0.9188118811881187,
    "eval_mcc": 0.835058842347389,
    "eval_acc": 0.9125799573560768,
    "eval_threshold": 0.5
}