{
    "eval_recall": 0.5993561861663247,
    "eval_precision": 0.7008672261859309,
    "eval_f1": 0.6269325877480533,
    "eval_mcc": 0.959277154963452,
    "eval_acc": 0.9623737140155603
}