{
    "eval_recall": 0.9913124759443559,
    "eval_precision": 0.9495944380069525,
    "eval_f1": 0.9700051112366502,
    "eval_mcc": 0.939599653723357,
    "eval_acc": 0.969346236322648,
    "eval_threshold": 0.5
}