{
    "eval_recall": 0.37780644050667284,
    "eval_precision": 0.4890317371427637,
    "eval_f1": 0.3981826812877661,
    "eval_mcc": 0.8413971872433386,
    "eval_acc": 0.8489697837312746
}