{
    "eval_recall": 0.9622852353680682,
    "eval_precision": 0.9343550793435508,
    "eval_f1": 0.9481145059179741,
    "eval_mcc": 0.8951456274765688,
    "eval_acc": 0.9473720946464717,
    "eval_threshold": 0.5
}