{
    "eval_recall": 0.9870236982459999,
    "eval_precision": 0.9471323800981375,
    "eval_f1": 0.9666666666666667,
    "eval_mcc": 0.9327570881953713,
    "eval_acc": 0.9659647000604827,
    "eval_threshold": 0.5
}