{
    "eval_recall": 0.9762450701641749,
    "eval_precision": 0.9418635518980621,
    "eval_f1": 0.958746171860926,
    "eval_mcc": 0.9165973220017605,
    "eval_acc": 0.9579932128771897,
    "eval_threshold": 0.5
}