{
    "eval_recall": 0.6993505899570109,
    "eval_precision": 0.8986835919134932,
    "eval_f1": 0.7865850522092486,
    "eval_mcc": 0.6363578107433557,
    "eval_acc": 0.810253361382969,
    "eval_threshold": 0.5
}