{
    "eval_recall": 0.6024174681570055,
    "eval_precision": 0.6587549744172826,
    "eval_f1": 0.6293279022403259,
    "eval_mcc": 0.2914237957806063,
    "eval_acc": 0.6451780608266181,
    "eval_threshold": 0.5
}