{
    "eval_recall": 0.9417199715707179,
    "eval_precision": 0.8312421580928482,
    "eval_f1": 0.8830389870043319,
    "eval_mcc": 0.7572509804896506,
    "eval_acc": 0.8752665245202559,
    "eval_threshold": 0.5
}