{
    "eval_recall": 0.7455719557195571,
    "eval_precision": 0.6963639496811994,
    "eval_f1": 0.7201283079390537,
    "eval_mcc": 0.42153347088106874,
    "eval_acc": 0.7102398523985239,
    "eval_threshold": 0.5
}