{
    "eval_recall": 0.7186119053808162,
    "eval_precision": 0.6185947639292907,
    "eval_f1": 0.6648629148629148,
    "eval_mcc": 0.2792131244167105,
    "eval_acc": 0.637769690668053,
    "eval_threshold": 0.5
}