{
    "eval_recall": 0.914932253107976,
    "eval_precision": 0.8713582546228549,
    "eval_f1": 0.8926137912237667,
    "eval_mcc": 0.7809784503855167,
    "eval_acc": 0.8899979060515111,
    "eval_threshold": 0.5
}