{
    "eval_recall": 0.26901490610375617,
    "eval_precision": 0.39587836855878905,
    "eval_f1": 0.29264995431934493,
    "eval_mcc": 0.630397622255768,
    "eval_acc": 0.6507774728864497
}