{
    "eval_recall": 0.9176805472659657,
    "eval_precision": 0.853531471517636,
    "eval_f1": 0.884444346113852,
    "eval_mcc": 0.7625055696961744,
    "eval_acc": 0.8801706930965655,
    "eval_threshold": 0.5
}