{
    "eval_recall": 0.8218092019755654,
    "eval_precision": 0.6305345033905065,
    "eval_f1": 0.7135763457849,
    "eval_mcc": 0.3570919704039771,
    "eval_acc": 0.6701325708344165,
    "eval_threshold": 0.5
}