{
    "eval_recall": 0.7883763837638377,
    "eval_precision": 0.6515706007929247,
    "eval_f1": 0.7134747036233094,
    "eval_mcc": 0.37515206593040584,
    "eval_acc": 0.6833948339483394,
    "eval_threshold": 0.5
}