{
    "eval_recall": 0.7113620324629499,
    "eval_precision": 0.8397455316570737,
    "eval_f1": 0.7702407002188184,
    "eval_mcc": 0.5824551217389927,
    "eval_acc": 0.787803939180086,
    "eval_threshold": 0.5
}