{
    "eval_recall": 0.9726372071080358,
    "eval_precision": 0.9388994307400379,
    "eval_f1": 0.9554705905070867,
    "eval_mcc": 0.9103693445381451,
    "eval_acc": 0.954886923859457,
    "eval_threshold": 0.5
}