{
    "eval_recall": 0.9747378141283557,
    "eval_precision": 0.9362645717181957,
    "eval_f1": 0.9551139117789627,
    "eval_mcc": 0.9091512614479836,
    "eval_acc": 0.9541916760108172,
    "eval_threshold": 0.5
}