{
    "eval_recall": 0.8728573675106148,
    "eval_precision": 0.8409848484848484,
    "eval_f1": 0.8566247395632378,
    "eval_mcc": 0.7097610399541311,
    "eval_acc": 0.8546052116754049,
    "eval_threshold": 0.5
}