{
    "eval_recall": 0.9577895923956823,
    "eval_precision": 0.9596965131295738,
    "eval_f1": 0.9587421045558393,
    "eval_mcc": 0.9175680000773717,
    "eval_acc": 0.9587830943558349,
    "eval_threshold": 0.5
}