{
    "eval_recall": 0.24377567700835023,
    "eval_precision": 0.33490310323149897,
    "eval_f1": 0.26164303673855416,
    "eval_mcc": 0.6404824994960443,
    "eval_acc": 0.6707517700957935
}