{
    "eval_recall": 0.8690036900369004,
    "eval_precision": 0.6179480451325111,
    "eval_f1": 0.7222818586106425,
    "eval_mcc": 0.363046450729594,
    "eval_acc": 0.6658671586715867,
    "eval_threshold": 0.5
}