{
    "eval_recall": 0.2949477258679357,
    "eval_precision": 0.3886907451406118,
    "eval_f1": 0.3118272056744336,
    "eval_mcc": 0.6446502905132988,
    "eval_acc": 0.662685285725108
}