{
    "eval_recall": 0.7011070110701108,
    "eval_precision": 0.7321772639691715,
    "eval_f1": 0.7163053722902922,
    "eval_mcc": 0.4450503426493281,
    "eval_acc": 0.7223247232472325,
    "eval_threshold": 0.5
}