{
    "eval_recall": 0.9835761916522598,
    "eval_precision": 0.955379632961497,
    "eval_f1": 0.9692728932156983,
    "eval_mcc": 0.93803384846302,
    "eval_acc": 0.9688127219391693,
    "eval_threshold": 0.5
}