{
    "eval_recall": 0.7777371261318943,
    "eval_precision": 0.8266575928446432,
    "eval_f1": 0.8014515292897875,
    "eval_mcc": 0.6157320122149909,
    "eval_acc": 0.8073264428793561,
    "eval_threshold": 0.5
}