{
    "eval_recall": 0.9319737393490711,
    "eval_precision": 0.9036976838683461,
    "eval_f1": 0.9176179342593866,
    "eval_mcc": 0.8331739514443868,
    "eval_acc": 0.9163816570112375,
    "eval_threshold": 0.5
}