{
    "eval_recall": 0.7464556846245313,
    "eval_precision": 0.8811271863528396,
    "eval_f1": 0.808219856400099,
    "eval_mcc": 0.6534285642298014,
    "eval_acc": 0.8228756974297997,
    "eval_threshold": 0.5
}