{
    "eval_recall": 0.9934018804640677,
    "eval_precision": 0.9445809588539761,
    "eval_f1": 0.9683764806774937,
    "eval_mcc": 0.9363700216496379,
    "eval_acc": 0.9675592456149997,
    "eval_threshold": 0.5
}