{
    "eval_recall": 0.915867274728731,
    "eval_precision": 0.8591237645670453,
    "eval_f1": 0.8865885218450297,
    "eval_mcc": 0.7685339239903973,
    "eval_acc": 0.883402457156272,
    "eval_threshold": 0.5
}