{
    "eval_recall": 0.7952986371535717,
    "eval_precision": 0.8653463375796179,
    "eval_f1": 0.8288451456079309,
    "eval_mcc": 0.6737558889436142,
    "eval_acc": 0.8357724320863441,
    "eval_threshold": 0.5
}