{
    "eval_recall": 0.95968140281551,
    "eval_precision": 0.9364381250753103,
    "eval_f1": 0.9479173019454779,
    "eval_mcc": 0.8947942932554896,
    "eval_acc": 0.9472595337347537,
    "eval_threshold": 0.5
}