{
    "eval_recall": 0.9047019971693663,
    "eval_precision": 0.8517915309446255,
    "eval_f1": 0.8774498589186305,
    "eval_mcc": 0.749995823836599,
    "eval_acc": 0.8742468111745832,
    "eval_threshold": 0.5
}