{
    "eval_recall": 0.9703068294292313,
    "eval_precision": 0.941602100275341,
    "eval_f1": 0.9557389834914857,
    "eval_mcc": 0.910570033630681,
    "eval_acc": 0.9550732286581343,
    "eval_threshold": 0.5
}