{
    "eval_recall": 0.968784400062903,
    "eval_precision": 0.9295360241418332,
    "eval_f1": 0.9487544758017941,
    "eval_mcc": 0.896655010370165,
    "eval_acc": 0.9479223726426168,
    "eval_threshold": 0.5
}