{
    "eval_recall": 0.9282160625444208,
    "eval_precision": 0.8329081632653061,
    "eval_f1": 0.8779831932773109,
    "eval_mcc": 0.7469102997718429,
    "eval_acc": 0.8710021321961621,
    "eval_threshold": 0.5
}