{
    "eval_recall": 0.8042623250708864,
    "eval_precision": 0.8639221851051287,
    "eval_f1": 0.8330254369759841,
    "eval_mcc": 0.6792030835895062,
    "eval_acc": 0.8387908167931949,
    "eval_threshold": 0.5
}