{
    "eval_recall": 0.7574260601783538,
    "eval_precision": 0.8325223891121923,
    "eval_f1": 0.7932007524858908,
    "eval_mcc": 0.607532181229099,
    "eval_acc": 0.8025277474818759,
    "eval_threshold": 0.5
}