{
    "eval_recall": 0.9648100291416947,
    "eval_precision": 0.936739269698911,
    "eval_f1": 0.9505674584902083,
    "eval_mcc": 0.9000578103599658,
    "eval_acc": 0.9498267993621817,
    "eval_threshold": 0.5
}