{
    "eval_recall": 0.5711070628210078,
    "eval_precision": 0.6694076890897569,
    "eval_f1": 0.6005352698874595,
    "eval_mcc": 0.9546062056523639,
    "eval_acc": 0.9580674004871581
}