{
    "eval_recall": 0.9379476413929365,
    "eval_precision": 0.9112230819986803,
    "eval_f1": 0.9243922475431284,
    "eval_mcc": 0.846897376731213,
    "eval_acc": 0.9232669445731049,
    "eval_threshold": 0.5
}