{
    "eval_recall": 0.9915841584158416,
    "eval_precision": 0.9655080070697873,
    "eval_f1": 0.9783723643863124,
    "eval_mcc": 0.9565095263273128,
    "eval_acc": 0.978080308030803,
    "eval_threshold": 0.5
}