{
    "eval_recall": 0.23934227972491903,
    "eval_precision": 0.32864063381684766,
    "eval_f1": 0.2539245950712083,
    "eval_mcc": 0.6295544895343987,
    "eval_acc": 0.6605789254477301
}