{
    "eval_recall": 0.2900016411576715,
    "eval_precision": 0.39140597570933383,
    "eval_f1": 0.3107076126979808,
    "eval_mcc": 0.79170605870081,
    "eval_acc": 0.8026656213249705
}