{
    "eval_recall": 0.9581162192467515,
    "eval_precision": 0.9174508937030253,
    "eval_f1": 0.937342711492547,
    "eval_mcc": 0.872765942159567,
    "eval_acc": 0.935954092737946,
    "eval_threshold": 0.5
}