{
    "eval_recall": 0.8932403925525085,
    "eval_precision": 0.8354278361569805,
    "eval_f1": 0.8633673899071386,
    "eval_mcc": 0.7190032943830837,
    "eval_acc": 0.8586398239016785,
    "eval_threshold": 0.5
}