{
    "eval_recall": 0.9727110431012497,
    "eval_precision": 0.8260775395278319,
    "eval_f1": 0.8934176622159756,
    "eval_mcc": 0.7803078190140419,
    "eval_acc": 0.8839581739352206,
    "eval_threshold": 0.5
}