{
    "eval_recall": 0.9542452070243274,
    "eval_precision": 0.9644485453755971,
    "eval_f1": 0.9593197462545554,
    "eval_mcc": 0.9191213050423297,
    "eval_acc": 0.9595349336770314,
    "eval_threshold": 0.5
}