{
    "eval_recall": 0.9770466717674062,
    "eval_precision": 0.8313802083333334,
    "eval_f1": 0.8983468167428772,
    "eval_mcc": 0.7911207757272339,
    "eval_acc": 0.8894414690130069,
    "eval_threshold": 0.5
}