{
    "eval_recall": 0.3284865608160245,
    "eval_precision": 0.4332962868203452,
    "eval_f1": 0.34587550622922836,
    "eval_mcc": 0.7524122550108335,
    "eval_acc": 0.7722848756372624
}