{
    "eval_recall": 0.9267945984363894,
    "eval_precision": 0.8326947637292464,
    "eval_f1": 0.8772283888328286,
    "eval_mcc": 0.745357365465053,
    "eval_acc": 0.8702914001421465,
    "eval_threshold": 0.5
}