{
    "eval_recall": 0.9726288987905792,
    "eval_precision": 0.9619137551148883,
    "eval_f1": 0.967241652160152,
    "eval_mcc": 0.9342344601875263,
    "eval_acc": 0.9670880038158837,
    "eval_threshold": 0.5
}