{
    "eval_recall": 0.179746810180082,
    "eval_precision": 0.3076877091738499,
    "eval_f1": 0.19772732296027212,
    "eval_mcc": 0.6455833323616854,
    "eval_acc": 0.6766972094960433
}