{
    "eval_recall": 0.9551134914562611,
    "eval_precision": 0.7785862785862786,
    "eval_f1": 0.8578627877677243,
    "eval_mcc": 0.7017746194457096,
    "eval_acc": 0.8417495536852844,
    "eval_threshold": 0.5
}