{
    "eval_recall": 0.9196872778962332,
    "eval_precision": 0.816403785488959,
    "eval_f1": 0.8649732620320855,
    "eval_mcc": 0.7186382983231576,
    "eval_acc": 0.8564321250888415,
    "eval_threshold": 0.5
}