{
    "eval_recall": 0.5756078783601719,
    "eval_precision": 0.9390831065522295,
    "eval_f1": 0.7137345372101349,
    "eval_mcc": 0.5837696300263419,
    "eval_acc": 0.7691345351895811,
    "eval_threshold": 0.5
}