{
    "eval_recall": 0.9693955623565417,
    "eval_precision": 0.7806531115218731,
    "eval_f1": 0.8648464163822525,
    "eval_mcc": 0.7183271639181249,
    "eval_acc": 0.8485080336648814,
    "eval_threshold": 0.5
}