{
    "eval_recall": 0.9751897063675354,
    "eval_precision": 0.9319586328666919,
    "eval_f1": 0.9530841905007579,
    "eval_mcc": 0.9049857484550344,
    "eval_acc": 0.9520055416281832,
    "eval_threshold": 0.5
}