{
    "eval_recall": 0.9330519095046501,
    "eval_precision": 0.9041866410993927,
    "eval_f1": 0.9183925209374797,
    "eval_mcc": 0.8346052027853991,
    "eval_acc": 0.9170899017215224,
    "eval_threshold": 0.5
}