{
    "eval_recall": 0.6705587989991659,
    "eval_precision": 0.8774345198119543,
    "eval_f1": 0.7601730972035347,
    "eval_mcc": 0.5936264816922214,
    "eval_acc": 0.7884454994546738,
    "eval_threshold": 0.5
}