{
    "eval_recall": 0.9636820785025841,
    "eval_precision": 0.9330538274276441,
    "eval_f1": 0.9481206624063767,
    "eval_mcc": 0.8950884716866874,
    "eval_acc": 0.9473022963635095,
    "eval_threshold": 0.5
}