{
    "eval_recall": 0.9920822565568813,
    "eval_precision": 0.9635781041388518,
    "eval_f1": 0.9776224534026874,
    "eval_mcc": 0.9550008812594727,
    "eval_acc": 0.9772914719304998,
    "eval_threshold": 0.5
}