{
    "eval_recall": 0.9718102933749598,
    "eval_precision": 0.913118502221647,
    "eval_f1": 0.9415506427650016,
    "eval_mcc": 0.8812380357433868,
    "eval_acc": 0.9397067933099319,
    "eval_threshold": 0.5
}