{
    "eval_recall": 0.806342604626982,
    "eval_precision": 0.6254662768424236,
    "eval_f1": 0.7044796457162323,
    "eval_mcc": 0.33793796911202484,
    "eval_acc": 0.6617494151286717,
    "eval_threshold": 0.5
}