{
    "eval_recall": 0.7564575645756457,
    "eval_precision": 0.7105719237435009,
    "eval_f1": 0.7327971403038427,
    "eval_mcc": 0.4492772081268877,
    "eval_acc": 0.724169741697417,
    "eval_threshold": 0.5
}