{
    "eval_recall": 0.9233916199274167,
    "eval_precision": 0.8917351685464857,
    "eval_f1": 0.9072873443983402,
    "eval_mcc": 0.8118335761126119,
    "eval_acc": 0.9056603773584906,
    "eval_threshold": 0.5
}