{
    "eval_recall": 0.7293515046190433,
    "eval_precision": 0.8824701195219123,
    "eval_f1": 0.7986378887275276,
    "eval_mcc": 0.6419516066938241,
    "eval_acc": 0.8161071983901949,
    "eval_threshold": 0.5
}