{
    "eval_recall": 0.9931243124312431,
    "eval_precision": 0.9352983837546622,
    "eval_f1": 0.9633443602603777,
    "eval_mcc": 0.9261943152689891,
    "eval_acc": 0.9622112211221122,
    "eval_threshold": 0.5
}