{
    "eval_recall": 0.9684592543714946,
    "eval_precision": 0.940170392671834,
    "eval_f1": 0.9541051810440097,
    "eval_mcc": 0.9072590403093158,
    "eval_acc": 0.95342393455601,
    "eval_threshold": 0.5
}