{
    "eval_recall": 0.6827397972446062,
    "eval_precision": 0.622098531501658,
    "eval_f1": 0.6510100384186392,
    "eval_mcc": 0.2692834684732387,
    "eval_acc": 0.6340005198856251,
    "eval_threshold": 0.5
}