{
    "eval_recall": 0.9848184818481848,
    "eval_precision": 0.9358632585855418,
    "eval_f1": 0.9597169735466753,
    "eval_mcc": 0.9185843825127245,
    "eval_acc": 0.9586633663366336,
    "eval_threshold": 0.5
}