{
    "eval_recall": 0.9533012334278742,
    "eval_precision": 0.926652561390011,
    "eval_f1": 0.9397880226282593,
    "eval_mcc": 0.8782076932020546,
    "eval_acc": 0.9389222346810896,
    "eval_threshold": 0.5
}