{
    "eval_recall": 0.9653882877148313,
    "eval_precision": 0.9680842575600415,
    "eval_f1": 0.9667343930520697,
    "eval_mcc": 0.9336229263358845,
    "eval_acc": 0.9668097623022498,
    "eval_threshold": 0.5
}