{
    "eval_recall": 0.6868197201134181,
    "eval_precision": 0.9025240384615385,
    "eval_f1": 0.7800342803718902,
    "eval_mcc": 0.630925302224724,
    "eval_acc": 0.8063203146437391,
    "eval_threshold": 0.5
}