{
    "eval_recall": 0.24743528110461052,
    "eval_precision": 0.3407587228464671,
    "eval_f1": 0.26668343514885295,
    "eval_mcc": 0.6442987143298198,
    "eval_acc": 0.67457309454394
}