{
    "eval_recall": 0.31260877613106114,
    "eval_precision": 0.4326675253752512,
    "eval_f1": 0.33743209907466426,
    "eval_mcc": 0.6503501651861939,
    "eval_acc": 0.6781502652041814
}