{
    "eval_recall": 0.9770404151596163,
    "eval_precision": 0.9397973075177735,
    "eval_f1": 0.9580570547417117,
    "eval_mcc": 0.9155865384719939,
    "eval_acc": 0.9574301588543704,
    "eval_threshold": 0.5
}