{
    "eval_recall": 0.2929227111973001,
    "eval_precision": 0.3981348212623502,
    "eval_f1": 0.31640706541181557,
    "eval_mcc": 0.6414854027313153,
    "eval_acc": 0.6707777058345923
}