{
    "eval_recall": 0.2786837896171325,
    "eval_precision": 0.3332944207695237,
    "eval_f1": 0.28131117080265466,
    "eval_mcc": 0.7114591485763005,
    "eval_acc": 0.7240221206535189
}