{
    "eval_recall": 0.8944016354772762,
    "eval_precision": 0.8479946324735351,
    "eval_f1": 0.8705801316393693,
    "eval_mcc": 0.7365024743047472,
    "eval_acc": 0.8676735268800375,
    "eval_threshold": 0.5
}