{
    "eval_recall": 0.9908726013086271,
    "eval_precision": 0.9526351958555797,
    "eval_f1": 0.9713777490297543,
    "eval_mcc": 0.9423660730044575,
    "eval_acc": 0.9708033210534998,
    "eval_threshold": 0.5
}