{
    "eval_recall": 0.9657323730446351,
    "eval_precision": 0.9172984749455337,
    "eval_f1": 0.9408925339113722,
    "eval_mcc": 0.8798627801835398,
    "eval_acc": 0.9393181609617326,
    "eval_threshold": 0.5
}