{
    "eval_recall": 0.9894389438943895,
    "eval_precision": 0.9612568802436808,
    "eval_f1": 0.9751443363239639,
    "eval_mcc": 0.9499683121799041,
    "eval_acc": 0.9747799779977998,
    "eval_threshold": 0.5
}