{
    "eval_recall": 0.737327787886665,
    "eval_precision": 0.6216305062458909,
    "eval_f1": 0.6745541022592152,
    "eval_mcc": 0.2936677194322908,
    "eval_acc": 0.6442682609825838,
    "eval_threshold": 0.5
}