{
    "eval_recall": 0.8966530462329553,
    "eval_precision": 0.8484664175862369,
    "eval_f1": 0.8718944619299538,
    "eval_mcc": 0.7378625569247119,
    "eval_acc": 0.8683323009154106,
    "eval_threshold": 0.5
}