{
    "eval_recall": 0.9011281298725121,
    "eval_precision": 0.8359923420548819,
    "eval_f1": 0.8673390567411886,
    "eval_mcc": 0.7265505962505342,
    "eval_acc": 0.8621709621205172,
    "eval_threshold": 0.5
}