{
    "eval_recall": 0.9481165600568585,
    "eval_precision": 0.8306351183063512,
    "eval_f1": 0.8854961832061068,
    "eval_mcc": 0.7624621319891621,
    "eval_acc": 0.8773987206823027,
    "eval_threshold": 0.5
}