{
    "eval_recall": 0.9017141059915081,
    "eval_precision": 0.847848587904776,
    "eval_f1": 0.8739521414418535,
    "eval_mcc": 0.7426952729540385,
    "eval_acc": 0.870568902105016,
    "eval_threshold": 0.5
}