{
    "eval_recall": 0.968537695402678,
    "eval_precision": 0.9306629484091773,
    "eval_f1": 0.9492226639516468,
    "eval_mcc": 0.8971220846543555,
    "eval_acc": 0.9481894334146824,
    "eval_threshold": 0.5
}