{
    "eval_recall": 0.9350966295099268,
    "eval_precision": 0.8861732716589573,
    "eval_f1": 0.9099778555152606,
    "eval_mcc": 0.8162306470777712,
    "eval_acc": 0.9074929094386914,
    "eval_threshold": 0.5
}