{
    "eval_recall": 0.622265273964611,
    "eval_precision": 0.6943788868482992,
    "eval_f1": 0.6455910867971387,
    "eval_mcc": 0.9550523806135089,
    "eval_acc": 0.9584785044039507
}