{
    "eval_recall": 0.9211793417320757,
    "eval_precision": 0.8834208362325258,
    "eval_f1": 0.9019050694220213,
    "eval_mcc": 0.8003488178460975,
    "eval_acc": 0.8998087197414418,
    "eval_threshold": 0.5
}