{
    "eval_recall": 0.9157703589886855,
    "eval_precision": 0.8939187346604854,
    "eval_f1": 0.9047126198854619,
    "eval_mcc": 0.8074609981312464,
    "eval_acc": 0.9036085712291477,
    "eval_threshold": 0.5
}