{
    "eval_recall": 0.9770172943713015,
    "eval_precision": 0.946872360289868,
    "eval_f1": 0.9617086607062224,
    "eval_mcc": 0.9226477595984631,
    "eval_acc": 0.9610902083142149,
    "eval_threshold": 0.5
}