{
    "eval_recall": 0.29127557456790476,
    "eval_precision": 0.4016441942425595,
    "eval_f1": 0.31931234771282985,
    "eval_mcc": 0.8257903624148398,
    "eval_acc": 0.8402019991670138
}