{
    "eval_recall": 0.9609097370291401,
    "eval_precision": 0.8350833848054354,
    "eval_f1": 0.8935888962326504,
    "eval_mcc": 0.7800498562694164,
    "eval_acc": 0.8855721393034826,
    "eval_threshold": 0.5
}