{
    "eval_recall": 0.9407312262030368,
    "eval_precision": 0.8858315334773218,
    "eval_f1": 0.9124563394068834,
    "eval_mcc": 0.8210221772962003,
    "eval_acc": 0.9097228595026154,
    "eval_threshold": 0.5
}