{
    "eval_recall": 0.9668436651024944,
    "eval_precision": 0.9398595522477642,
    "eval_f1": 0.9531606659159388,
    "eval_mcc": 0.9053287823505318,
    "eval_acc": 0.9524779990736452,
    "eval_threshold": 0.5
}