{
    "eval_recall": 0.9915291529152915,
    "eval_precision": 0.9553235465578462,
    "eval_f1": 0.9730896920294745,
    "eval_mcc": 0.9458390229729777,
    "eval_acc": 0.9725797579757975,
    "eval_threshold": 0.5
}