{
    "eval_recall": 0.9426401580637195,
    "eval_precision": 0.9134805241428828,
    "eval_f1": 0.9278312923516363,
    "eval_mcc": 0.8537614264162565,
    "eval_acc": 0.9266635788173537,
    "eval_threshold": 0.5
}