{
    "eval_recall": 0.9755293186465273,
    "eval_precision": 0.9338300290440712,
    "eval_f1": 0.9542243298170909,
    "eval_mcc": 0.9073096224843514,
    "eval_acc": 0.9532022953631027,
    "eval_threshold": 0.5
}