{
    "eval_recall": 0.9625691423661458,
    "eval_precision": 0.9672962763086886,
    "eval_f1": 0.9649269198675676,
    "eval_mcc": 0.9300363461061285,
    "eval_acc": 0.9650126201600344,
    "eval_threshold": 0.5
}