{
    "eval_recall": 0.969790910889783,
    "eval_precision": 0.9446193382589142,
    "eval_f1": 0.9570396406951767,
    "eval_mcc": 0.9132588038033644,
    "eval_acc": 0.9564672515005607,
    "eval_threshold": 0.5
}