{
    "eval_recall": 0.28994388570671015,
    "eval_precision": 0.38330874102110707,
    "eval_f1": 0.3025287794852128,
    "eval_mcc": 0.7559039781082302,
    "eval_acc": 0.7749411607519091
}