{
    "eval_recall": 0.9565217391304348,
    "eval_precision": 0.9098611232422046,
    "eval_f1": 0.9326081604333133,
    "eval_mcc": 0.8629777358953249,
    "eval_acc": 0.9309197696560901,
    "eval_threshold": 0.5
}