{
    "eval_recall": 0.6672226855713094,
    "eval_precision": 0.8650806854100815,
    "eval_f1": 0.7533775218225941,
    "eval_mcc": 0.5784957173214348,
    "eval_acc": 0.7815808045165843,
    "eval_threshold": 0.5
}