{
    "eval_recall": 0.5546125461254613,
    "eval_precision": 0.7830164105235738,
    "eval_f1": 0.6493141807970624,
    "eval_mcc": 0.41915112045890185,
    "eval_acc": 0.7004612546125462,
    "eval_threshold": 0.5
}