{
    "eval_recall": 0.30480748761221915,
    "eval_precision": 0.42206966798049206,
    "eval_f1": 0.3266143144283407,
    "eval_mcc": 0.6384426980628027,
    "eval_acc": 0.6674391060301766
}