{
    "eval_recall": 0.9731089793992767,
    "eval_precision": 0.9332629515119524,
    "eval_f1": 0.952769544632203,
    "eval_mcc": 0.9048172959824168,
    "eval_acc": 0.9519915486344784,
    "eval_threshold": 0.5
}