{
    "eval_recall": 0.7298892988929889,
    "eval_precision": 0.6937916520519116,
    "eval_f1": 0.7113828448120841,
    "eval_mcc": 0.4083021034025475,
    "eval_acc": 0.7038745387453874,
    "eval_threshold": 0.5
}