{
    "eval_recall": 0.32177077112087066,
    "eval_precision": 0.4555278132967166,
    "eval_f1": 0.3441765508302056,
    "eval_mcc": 0.8545750204396223,
    "eval_acc": 0.8659821364332481
}