{
    "eval_recall": 0.9573560767590619,
    "eval_precision": 0.8325092707045736,
    "eval_f1": 0.8905785123966942,
    "eval_mcc": 0.7734948435770832,
    "eval_acc": 0.8823738450604123,
    "eval_threshold": 0.5
}