{
    "eval_recall": 0.7253269916765755,
    "eval_precision": 0.8840579710144928,
    "eval_f1": 0.7968647942521229,
    "eval_mcc": 0.6406126173275046,
    "eval_acc": 0.8151010701545779,
    "eval_threshold": 0.5
}