{
    "eval_recall": 0.282662410040207,
    "eval_precision": 0.377767739443791,
    "eval_f1": 0.29908927019083653,
    "eval_mcc": 0.6346984519670894,
    "eval_acc": 0.65329158354587
}