{
    "eval_recall": 0.9679440670140492,
    "eval_precision": 0.9410067329272203,
    "eval_f1": 0.9542853426973599,
    "eval_mcc": 0.9076340116322358,
    "eval_acc": 0.9536310269771123,
    "eval_threshold": 0.5
}