{
    "eval_recall": 0.7546139849233169,
    "eval_precision": 0.6494407158836689,
    "eval_f1": 0.6980882529758328,
    "eval_mcc": 0.35192910091710394,
    "eval_acc": 0.6736417988042631,
    "eval_threshold": 0.5
}