{
    "eval_recall": 0.9375611118871351,
    "eval_precision": 0.9143168505653181,
    "eval_f1": 0.9257931034482758,
    "eval_mcc": 0.8500708266206694,
    "eval_acc": 0.9248970475326307,
    "eval_threshold": 0.5
}