{
    "eval_recall": 0.9914774289327541,
    "eval_precision": 0.963556695522069,
    "eval_f1": 0.9773176878675374,
    "eval_mcc": 0.9543788732312778,
    "eval_acc": 0.9769890581184363,
    "eval_threshold": 0.5
}