{
    "eval_recall": 0.7284368425866642,
    "eval_precision": 0.8838086782820996,
    "eval_f1": 0.7986361813076615,
    "eval_mcc": 0.6426806738118199,
    "eval_acc": 0.8163358638982896,
    "eval_threshold": 0.5
}