{
    "eval_recall": 0.960609023606649,
    "eval_precision": 0.940766073871409,
    "eval_f1": 0.9505840071877808,
    "eval_mcc": 0.900389788755304,
    "eval_acc": 0.950094227681999,
    "eval_threshold": 0.5
}