{
    "eval_recall": 0.9471474438132872,
    "eval_precision": 0.9104397887114962,
    "eval_f1": 0.9284309275230745,
    "eval_mcc": 0.8546386885768797,
    "eval_acc": 0.9269723637486491,
    "eval_threshold": 0.5
}