{
    "eval_recall": 0.6964944649446494,
    "eval_precision": 0.7351509250243428,
    "eval_f1": 0.7153008053055423,
    "eval_mcc": 0.44618923365450913,
    "eval_acc": 0.7227859778597786,
    "eval_threshold": 0.5
}