{
    "eval_recall": 0.6966467377177021,
    "eval_precision": 0.6190091234553644,
    "eval_f1": 0.6555372102978047,
    "eval_mcc": 0.2700031667287342,
    "eval_acc": 0.6339355341824798,
    "eval_threshold": 0.5
}