{
    "eval_recall": 0.9345162316995544,
    "eval_precision": 0.8971127406049496,
    "eval_f1": 0.9154325798908808,
    "eval_mcc": 0.8282152682404337,
    "eval_acc": 0.9137451307735114,
    "eval_threshold": 0.5
}