{
    "eval_recall": 0.28976284444230455,
    "eval_precision": 0.42429567532382834,
    "eval_f1": 0.3152821530828439,
    "eval_mcc": 0.6224863235792684,
    "eval_acc": 0.64169947338821
}