{
    "eval_recall": 0.9821911483411384,
    "eval_precision": 0.9324358171571697,
    "eval_f1": 0.9566669878898847,
    "eval_mcc": 0.9123214770599525,
    "eval_acc": 0.9555108502077699,
    "eval_threshold": 0.5
}