{
    "eval_recall": 0.29334159158527895,
    "eval_precision": 0.3884260850618605,
    "eval_f1": 0.3050084914715011,
    "eval_mcc": 0.7759130149224207,
    "eval_acc": 0.7863185273099165
}