{
    "eval_recall": 0.9590724961586814,
    "eval_precision": 0.948080640706987,
    "eval_f1": 0.9535448927157837,
    "eval_mcc": 0.9066714005876473,
    "eval_acc": 0.953304948698262,
    "eval_threshold": 0.5
}