{
    "eval_recall": 0.27281935150823744,
    "eval_precision": 0.38408318449080625,
    "eval_f1": 0.290125240707975,
    "eval_mcc": 0.6278582042444127,
    "eval_acc": 0.6464988257872276
}