{
    "eval_recall": 0.9909854285008645,
    "eval_precision": 0.9609627589510238,
    "eval_f1": 0.9757432062739376,
    "eval_mcc": 0.9511821252528878,
    "eval_acc": 0.9753589624826309,
    "eval_threshold": 0.5
}