{
    "eval_recall": 0.23615202660551773,
    "eval_precision": 0.3384837945522387,
    "eval_f1": 0.24628408230561127,
    "eval_mcc": 0.7239139424002182,
    "eval_acc": 0.7393819334389857
}