{
    "eval_recall": 0.629498941425547,
    "eval_precision": 0.9005966039467646,
    "eval_f1": 0.7410316441356394,
    "eval_mcc": 0.5872561973270352,
    "eval_acc": 0.7800089818438443,
    "eval_threshold": 0.5
}