{
    "eval_recall": 0.9668436651024944,
    "eval_precision": 0.9374962581572173,
    "eval_f1": 0.9519438280798809,
    "eval_mcc": 0.9028041930455656,
    "eval_acc": 0.9511811023622048,
    "eval_threshold": 0.5
}