{
    "eval_recall": 0.6557212110125309,
    "eval_precision": 0.927305652567585,
    "eval_f1": 0.7682168881268753,
    "eval_mcc": 0.6320312671665846,
    "eval_acc": 0.8021586023964146,
    "eval_threshold": 0.5
}