{
    "eval_recall": 0.9213712847932065,
    "eval_precision": 0.8884003032600455,
    "eval_f1": 0.9045854562297361,
    "eval_mcc": 0.8071379102430843,
    "eval_acc": 0.9032788168088269,
    "eval_threshold": 0.5
}