{
    "eval_recall": 0.3890527718971062,
    "eval_precision": 0.5285475750099528,
    "eval_f1": 0.4163724135558376,
    "eval_mcc": 0.8854383379176327,
    "eval_acc": 0.8943462933843103
}