{
    "eval_recall": 0.32277334611848235,
    "eval_precision": 0.4567531018105744,
    "eval_f1": 0.3531837299071064,
    "eval_mcc": 0.6427801019154143,
    "eval_acc": 0.6612301242394806
}