{
    "eval_recall": 0.9735807516905174,
    "eval_precision": 0.9417401886218436,
    "eval_f1": 0.9573958091703395,
    "eval_mcc": 0.9142942647027679,
    "eval_acc": 0.9568823851631583,
    "eval_threshold": 0.5
}