{
    "eval_recall": 0.8307875240098783,
    "eval_precision": 0.8429698375870069,
    "eval_f1": 0.8368343467845955,
    "eval_mcc": 0.6760973134422393,
    "eval_acc": 0.8380133540656728,
    "eval_threshold": 0.5
}