{
    "eval_recall": 0.9811681896764634,
    "eval_precision": 0.9573468281221761,
    "eval_f1": 0.9691111449916145,
    "eval_mcc": 0.9377303040759065,
    "eval_acc": 0.9687200864597808,
    "eval_threshold": 0.5
}