{
    "eval_recall": 0.9690811505114914,
    "eval_precision": 0.8823406565867513,
    "eval_f1": 0.9236789750989266,
    "eval_mcc": 0.8439045235104898,
    "eval_acc": 0.9199091493071487,
    "eval_threshold": 0.5
}