{
    "eval_recall": 0.6575253444242267,
    "eval_precision": 0.6383596214511041,
    "eval_f1": 0.6478007554901083,
    "eval_mcc": 0.2851558433134761,
    "eval_acc": 0.6425136469976606,
    "eval_threshold": 0.5
}