{
    "eval_recall": 0.9882687083230427,
    "eval_precision": 0.96427495632267,
    "eval_f1": 0.9761244092087209,
    "eval_mcc": 0.951938889231628,
    "eval_acc": 0.9758221398795739,
    "eval_threshold": 0.5
}