{
    "eval_recall": 0.9833521293163633,
    "eval_precision": 0.9841977962913195,
    "eval_f1": 0.9837747810669962,
    "eval_mcc": 0.9675638607484037,
    "eval_acc": 0.9837817517856184,
    "eval_threshold": 0.5
}