{
    "eval_recall": 0.957815337337617,
    "eval_precision": 0.9379017918205443,
    "eval_f1": 0.9477539737387699,
    "eval_mcc": 0.8946677828285954,
    "eval_acc": 0.9472324980805472,
    "eval_threshold": 0.5
}