{
    "eval_recall": 0.9831675592960979,
    "eval_precision": 0.8345962329508552,
    "eval_f1": 0.9028103044496486,
    "eval_mcc": 0.8011150141727713,
    "eval_acc": 0.8941596531497067,
    "eval_threshold": 0.5
}