{
    "eval_recall": 0.3085051897304288,
    "eval_precision": 0.4046819386521066,
    "eval_f1": 0.3263559457154766,
    "eval_mcc": 0.6405295911698637,
    "eval_acc": 0.6697910564342902
}