{
    "eval_recall": 0.9875277846381822,
    "eval_precision": 0.9591029023746702,
    "eval_f1": 0.9731078121197371,
    "eval_mcc": 0.9458221288754269,
    "eval_acc": 0.9727034120734908,
    "eval_threshold": 0.5
}