{
    "eval_recall": 0.6727319989602287,
    "eval_precision": 0.6265585280232417,
    "eval_f1": 0.6488248198057035,
    "eval_mcc": 0.27251119133481766,
    "eval_acc": 0.6358851052768391,
    "eval_threshold": 0.5
}