{
    "eval_recall": 0.969905636317266,
    "eval_precision": 0.7931178310740354,
    "eval_f1": 0.8726480036714088,
    "eval_mcc": 0.7354113236806851,
    "eval_acc": 0.8584544758990054,
    "eval_threshold": 0.5
}