{
    "eval_recall": 0.7062646217832077,
    "eval_precision": 0.6670758654554383,
    "eval_f1": 0.686111111111111,
    "eval_mcc": 0.354394242533706,
    "eval_acc": 0.6768910839615284,
    "eval_threshold": 0.5
}