{
    "eval_recall": 0.7488929889298893,
    "eval_precision": 0.724950884086444,
    "eval_f1": 0.7367274707323714,
    "eval_mcc": 0.46501381334258174,
    "eval_acc": 0.732380073800738,
    "eval_threshold": 0.5
}