{
    "eval_recall": 0.9211087420042644,
    "eval_precision": 0.8307692307692308,
    "eval_f1": 0.8736097067745198,
    "eval_mcc": 0.7378509314594487,
    "eval_acc": 0.8667377398720683,
    "eval_threshold": 0.5
}