{
    "eval_recall": 0.4985239852398524,
    "eval_precision": 0.8099520383693045,
    "eval_f1": 0.61717679305619,
    "eval_mcc": 0.41332445403552376,
    "eval_acc": 0.6907749077490775,
    "eval_threshold": 0.5
}