{
    "eval_recall": 0.896052838496619,
    "eval_precision": 0.8444609114486847,
    "eval_f1": 0.8694922366764583,
    "eval_mcc": 0.7337235650855003,
    "eval_acc": 0.8661475858830895,
    "eval_threshold": 0.5
}