{
    "eval_recall": 0.7333948339483395,
    "eval_precision": 0.7107098158412302,
    "eval_f1": 0.7218741487333153,
    "eval_mcc": 0.4350925437279887,
    "eval_acc": 0.7174354243542436,
    "eval_threshold": 0.5
}