{
    "eval_recall": 0.944638733091389,
    "eval_precision": 0.9190473133466007,
    "eval_f1": 0.9316673174541195,
    "eval_mcc": 0.8617940899328064,
    "eval_acc": 0.9307296477107798,
    "eval_threshold": 0.5
}