{
    "eval_recall": 0.7945669075276686,
    "eval_precision": 0.8721011946591708,
    "eval_f1": 0.8315305829424715,
    "eval_mcc": 0.6807346077711139,
    "eval_acc": 0.8390194823012896,
    "eval_threshold": 0.5
}