{
    "eval_recall": 0.9196872778962332,
    "eval_precision": 0.8316195372750642,
    "eval_f1": 0.8734390820114749,
    "eval_mcc": 0.7376232213278516,
    "eval_acc": 0.8667377398720683,
    "eval_threshold": 0.5
}