{
    "eval_recall": 0.9911475229559575,
    "eval_precision": 0.964369783864755,
    "eval_f1": 0.9775753138642588,
    "eval_mcc": 0.9548961482727937,
    "eval_acc": 0.9772639797657667,
    "eval_threshold": 0.5
}