{
    "eval_recall": 0.9462436514741772,
    "eval_precision": 0.9154489183842767,
    "eval_f1": 0.9305915931499741,
    "eval_mcc": 0.8593347008496266,
    "eval_acc": 0.9294241804630301,
    "eval_threshold": 0.5
}