{
    "eval_recall": 0.8942443780468627,
    "eval_precision": 0.8395216653133535,
    "eval_f1": 0.8660194174757282,
    "eval_mcc": 0.7262341849998974,
    "eval_acc": 0.8623131700446044,
    "eval_threshold": 0.5
}