{
    "eval_recall": 0.9607411887612031,
    "eval_precision": 0.9222040428563889,
    "eval_f1": 0.9410782571228523,
    "eval_mcc": 0.8804633751914839,
    "eval_acc": 0.9398471435640843,
    "eval_threshold": 0.5
}