{
    "eval_recall": 0.7208487084870848,
    "eval_precision": 0.6812554489973844,
    "eval_f1": 0.7004930524428506,
    "eval_mcc": 0.3842287916530801,
    "eval_acc": 0.691789667896679,
    "eval_threshold": 0.5
}