{
    "eval_recall": 0.9459820726529329,
    "eval_precision": 0.8882900177200236,
    "eval_f1": 0.916228771609169,
    "eval_mcc": 0.8296256369095703,
    "eval_acc": 0.9139212770952344,
    "eval_threshold": 0.5
}