{
    "eval_recall": 0.9891331192887133,
    "eval_precision": 0.9495584138462451,
    "eval_f1": 0.9689418453443011,
    "eval_mcc": 0.9373898299693232,
    "eval_acc": 0.9682877875559672,
    "eval_threshold": 0.5
}