{
    "eval_recall": 0.9378870590394055,
    "eval_precision": 0.8763770414505551,
    "eval_f1": 0.9060893458606631,
    "eval_mcc": 0.8075321245783127,
    "eval_acc": 0.902771404973846,
    "eval_threshold": 0.5
}