{
    "eval_recall": 0.9396563765889091,
    "eval_precision": 0.9062373703354439,
    "eval_f1": 0.9226443560554108,
    "eval_mcc": 0.8431113738117436,
    "eval_acc": 0.9212675368185943,
    "eval_threshold": 0.5
}