{
    "eval_recall": 0.7866170526720986,
    "eval_precision": 0.8313669650122051,
    "eval_f1": 0.8083731663095435,
    "eval_mcc": 0.6279713943201665,
    "eval_acc": 0.8135305061910566,
    "eval_threshold": 0.5
}