{
    "eval_recall": 0.9665955934612651,
    "eval_precision": 0.8323133414932681,
    "eval_f1": 0.8944426175600131,
    "eval_mcc": 0.7821009177390643,
    "eval_acc": 0.8859275053304904,
    "eval_threshold": 0.5
}