{
    "eval_recall": 0.9638217628160357,
    "eval_precision": 0.9019607843137255,
    "eval_f1": 0.9318657573097441,
    "eval_mcc": 0.8611781873003096,
    "eval_acc": 0.9295735324911008,
    "eval_threshold": 0.5
}