{
    "eval_recall": 0.7009225092250922,
    "eval_precision": 0.6852453102453102,
    "eval_f1": 0.6929952572053995,
    "eval_mcc": 0.379066006757137,
    "eval_acc": 0.6894833948339484,
    "eval_threshold": 0.5
}