{
    "eval_recall": 0.8599857853589197,
    "eval_precision": 0.8175675675675675,
    "eval_f1": 0.8382403879459646,
    "eval_mcc": 0.6689891606160442,
    "eval_acc": 0.834044065387349,
    "eval_threshold": 0.5
}