{
    "eval_recall": 0.19477194826632324,
    "eval_precision": 0.22038663309345105,
    "eval_f1": 0.19274278880313275,
    "eval_mcc": 0.5940868234542872,
    "eval_acc": 0.6256384957707685
}