{
    "eval_recall": 0.9770466717674062,
    "eval_precision": 0.8427188737351518,
    "eval_f1": 0.9049250029526396,
    "eval_mcc": 0.8049874910679856,
    "eval_acc": 0.8973476154042336,
    "eval_threshold": 0.5
}