{
    "eval_recall": 0.7602489253865401,
    "eval_precision": 0.8388192822255256,
    "eval_f1": 0.7976038231136837,
    "eval_mcc": 0.6168777495472069,
    "eval_acc": 0.8070828254314493,
    "eval_threshold": 0.5
}