{
    "eval_recall": 0.7076943072524045,
    "eval_precision": 0.6214334626797535,
    "eval_f1": 0.6617647058823529,
    "eval_mcc": 0.27928286012951736,
    "eval_acc": 0.6382895762932155,
    "eval_threshold": 0.5
}