{
    "eval_recall": 0.796854691967767,
    "eval_precision": 0.642393126571668,
    "eval_f1": 0.7113354217426615,
    "eval_mcc": 0.36393944917138865,
    "eval_acc": 0.6766311411489472,
    "eval_threshold": 0.5
}