{
    "eval_recall": 0.9716596690540874,
    "eval_precision": 0.9426740146160297,
    "eval_f1": 0.9569474004256613,
    "eval_mcc": 0.9129834112127018,
    "eval_acc": 0.956276053728578,
    "eval_threshold": 0.5
}