{
    "eval_recall": 0.9883921956038528,
    "eval_precision": 0.9590222861250899,
    "eval_f1": 0.9734857698856727,
    "eval_mcc": 0.9465917462581436,
    "eval_acc": 0.9730739539910452,
    "eval_threshold": 0.5
}