{
    "eval_recall": 0.6281516648489126,
    "eval_precision": 0.8987516063888379,
    "eval_f1": 0.7394735848344097,
    "eval_mcc": 0.5845102770144637,
    "eval_acc": 0.7786937832809392,
    "eval_threshold": 0.5
}