{
    "eval_recall": 0.2766245079540289,
    "eval_precision": 0.36847392997373096,
    "eval_f1": 0.2914247343490653,
    "eval_mcc": 0.8047656640907944,
    "eval_acc": 0.8140450998712154
}