{
    "eval_recall": 0.6020401616731892,
    "eval_precision": 0.9191889509256538,
    "eval_f1": 0.727554659637153,
    "eval_mcc": 0.5850378859700355,
    "eval_acc": 0.7745557195098479,
    "eval_threshold": 0.5
}