{
    "eval_recall": 0.9113068092467369,
    "eval_precision": 0.8502053990610329,
    "eval_f1": 0.879696394686907,
    "eval_mcc": 0.753945478292892,
    "eval_acc": 0.8759683856326786,
    "eval_threshold": 0.5
}