{
    "eval_recall": 0.9607487079201006,
    "eval_precision": 0.925084061869536,
    "eval_f1": 0.9425791421131972,
    "eval_mcc": 0.8836769654353397,
    "eval_acc": 0.9415090388776436,
    "eval_threshold": 0.5
}