{
    "eval_recall": 0.9125799573560768,
    "eval_precision": 0.8262548262548263,
    "eval_f1": 0.867274569402229,
    "eval_mcc": 0.7246481289765375,
    "eval_acc": 0.8603411513859275,
    "eval_threshold": 0.5
}