{
    "eval_recall": 0.962005866741165,
    "eval_precision": 0.942391899288451,
    "eval_f1": 0.95209787792908,
    "eval_mcc": 0.9034562553972416,
    "eval_acc": 0.9516297899071683,
    "eval_threshold": 0.5
}