{
    "eval_recall": 0.7744915634823891,
    "eval_precision": 0.8353169111541655,
    "eval_f1": 0.80375511834615,
    "eval_mcc": 0.6234552974691706,
    "eval_acc": 0.8109001090652467,
    "eval_threshold": 0.5
}