{
    "eval_recall": 0.9699236155315086,
    "eval_precision": 0.9571293969849246,
    "eval_f1": 0.9634840341447993,
    "eval_mcc": 0.9266276861490801,
    "eval_acc": 0.9632721202003339,
    "eval_threshold": 0.5
}