{
    "eval_recall": 0.9211087420042644,
    "eval_precision": 0.831302116741501,
    "eval_f1": 0.8739042481456507,
    "eval_mcc": 0.7385083346240016,
    "eval_acc": 0.8670931058990761,
    "eval_threshold": 0.5
}