{
    "eval_recall": 0.3067537583102299,
    "eval_precision": 0.3907555632239761,
    "eval_f1": 0.3207077937232438,
    "eval_mcc": 0.7992486335378488,
    "eval_acc": 0.8085906921542385
}