{
    "eval_recall": 0.9152068238099605,
    "eval_precision": 0.8143719905329307,
    "eval_f1": 0.8618500604594921,
    "eval_mcc": 0.7120740653361695,
    "eval_acc": 0.8532972576355131,
    "eval_threshold": 0.5
}