{
    "eval_recall": 0.9765094028373474,
    "eval_precision": 0.932161753590325,
    "eval_f1": 0.9538203731752118,
    "eval_mcc": 0.9064893714614495,
    "eval_acc": 0.9527312310331179,
    "eval_threshold": 0.5
}