{
    "eval_recall": 0.9836776332568222,
    "eval_precision": 0.7748091603053435,
    "eval_f1": 0.8668389706708619,
    "eval_mcc": 0.72460635749407,
    "eval_acc": 0.8488905891354246,
    "eval_threshold": 0.5
}