{
    "eval_recall": 0.9443747937974266,
    "eval_precision": 0.9257438551099612,
    "eval_f1": 0.9349665196798954,
    "eval_mcc": 0.8688266330875729,
    "eval_acc": 0.9343251088534107,
    "eval_threshold": 0.5
}