{
    "eval_recall": 0.9394294887626574,
    "eval_precision": 0.9148027898027898,
    "eval_f1": 0.926952601437797,
    "eval_mcc": 0.8522148707422511,
    "eval_acc": 0.9259533734753744,
    "eval_threshold": 0.5
}