{
    "eval_recall": 0.8677398701179914,
    "eval_precision": 0.82653772434222,
    "eval_f1": 0.8466378117888538,
    "eval_mcc": 0.6864841227888792,
    "eval_acc": 0.8428153297356626,
    "eval_threshold": 0.5
}