{
    "eval_recall": 0.9598981540420115,
    "eval_precision": 0.9428683079327862,
    "eval_f1": 0.9513070220399795,
    "eval_mcc": 0.9019688421801828,
    "eval_acc": 0.9509102472374592,
    "eval_threshold": 0.5
}