{
    "eval_recall": 0.6808237633925708,
    "eval_precision": 0.8661443029709435,
    "eval_f1": 0.7623837063112898,
    "eval_mcc": 0.5892536098729153,
    "eval_acc": 0.787803939180086,
    "eval_threshold": 0.5
}