{
    "eval_recall": 0.9810541767971008,
    "eval_precision": 0.9470794030379522,
    "eval_f1": 0.9637674628210905,
    "eval_mcc": 0.9268144423170173,
    "eval_acc": 0.9631091125997981,
    "eval_threshold": 0.5
}