{
    "eval_recall": 0.3037879613294424,
    "eval_precision": 0.4624994981817213,
    "eval_f1": 0.33853308212918115,
    "eval_mcc": 0.7363765450781604,
    "eval_acc": 0.7589441899208663
}