{
    "eval_recall": 0.9894430087425083,
    "eval_precision": 0.9417521456981369,
    "eval_f1": 0.9650087143048666,
    "eval_mcc": 0.9294379716192366,
    "eval_acc": 0.9641227250233684,
    "eval_threshold": 0.5
}