{
    "eval_recall": 0.9720629386669113,
    "eval_precision": 0.9426156583629893,
    "eval_f1": 0.9571128525937803,
    "eval_mcc": 0.913311283430282,
    "eval_acc": 0.956432963200881,
    "eval_threshold": 0.5
}