{
    "eval_recall": 0.23710393800977614,
    "eval_precision": 0.34251250479942935,
    "eval_f1": 0.25415443690556966,
    "eval_mcc": 0.6287469643020585,
    "eval_acc": 0.6585057506706546
}