{
    "eval_recall": 0.9873425537169671,
    "eval_precision": 0.9645916274580769,
    "eval_f1": 0.9758345029596631,
    "eval_mcc": 0.9513529892944361,
    "eval_acc": 0.9755442334414081,
    "eval_threshold": 0.5
}