{
    "eval_recall": 0.6975212658922528,
    "eval_precision": 0.9166967183555715,
    "eval_f1": 0.7922293787658425,
    "eval_mcc": 0.6530765241440002,
    "eval_acc": 0.8170675935241928,
    "eval_threshold": 0.5
}