{
    "eval_recall": 0.9460818550076826,
    "eval_precision": 0.9000664451827243,
    "eval_f1": 0.9225006810133478,
    "eval_mcc": 0.8422441009974728,
    "eval_acc": 0.9205695539889719,
    "eval_threshold": 0.5
}