{
    "eval_recall": 0.9891331192887133,
    "eval_precision": 0.9410797156787876,
    "eval_f1": 0.9645082633432674,
    "eval_mcc": 0.9283993671077438,
    "eval_acc": 0.9635942566002779,
    "eval_threshold": 0.5
}