{
    "eval_recall": 0.31579395062852483,
    "eval_precision": 0.4173442782976308,
    "eval_f1": 0.33733643731909824,
    "eval_mcc": 0.648238909649903,
    "eval_acc": 0.6764405994129461
}