{
    "eval_recall": 0.44220802526083924,
    "eval_precision": 0.5726755721161785,
    "eval_f1": 0.47204376821980343,
    "eval_mcc": 0.8931770139884947,
    "eval_acc": 0.9015706267058036
}