{
    "eval_recall": 0.924213442385067,
    "eval_precision": 0.8863866396761133,
    "eval_f1": 0.9049049049049049,
    "eval_mcc": 0.8064863125227466,
    "eval_acc": 0.9028757997493569,
    "eval_threshold": 0.5
}