{
    "eval_recall": 0.9711808212190768,
    "eval_precision": 0.7784137367130008,
    "eval_f1": 0.8641779189833202,
    "eval_mcc": 0.7170556647215736,
    "eval_acc": 0.8473603672532517,
    "eval_threshold": 0.5
}