{
    "eval_recall": 0.6785807122433065,
    "eval_precision": 0.6668795503895772,
    "eval_f1": 0.6726792501449462,
    "eval_mcc": 0.3396675748849484,
    "eval_acc": 0.6698076423186898,
    "eval_threshold": 0.5
}