{
    "eval_recall": 0.9703845392784117,
    "eval_precision": 0.9380260137719969,
    "eval_f1": 0.9539309450478198,
    "eval_mcc": 0.9068123881862861,
    "eval_acc": 0.953136336653255,
    "eval_threshold": 0.5
}