{
    "eval_recall": 0.9772364876010337,
    "eval_precision": 0.9450204711011857,
    "eval_f1": 0.9608585175974481,
    "eval_mcc": 0.9209179677444032,
    "eval_acc": 0.9601913454665421,
    "eval_threshold": 0.5
}