{
    "eval_recall": 0.9693291999208495,
    "eval_precision": 0.9433211374285898,
    "eval_f1": 0.9561483409238777,
    "eval_mcc": 0.9114341363708938,
    "eval_acc": 0.9555438295626938,
    "eval_threshold": 0.5
}