{
    "eval_recall": 0.28741343679616566,
    "eval_precision": 0.41400734957738555,
    "eval_f1": 0.3127703353277696,
    "eval_mcc": 0.6385081065641248,
    "eval_acc": 0.6588527374885665
}