{
    "eval_recall": 0.2585655227016292,
    "eval_precision": 0.3617595952214871,
    "eval_f1": 0.2794121583486986,
    "eval_mcc": 0.6560783922343569,
    "eval_acc": 0.6852457309454394
}