{
    "eval_recall": 0.9813996438229668,
    "eval_precision": 0.9261749144102085,
    "eval_f1": 0.952987894703132,
    "eval_mcc": 0.9047824508146117,
    "eval_acc": 0.9515863069718357,
    "eval_threshold": 0.5
}