{
    "eval_recall": 0.9893800938503334,
    "eval_precision": 0.9575714114975499,
    "eval_f1": 0.9732159125417551,
    "eval_mcc": 0.9460522781149525,
    "eval_acc": 0.9727651690597499,
    "eval_threshold": 0.5
}