{
    "eval_recall": 0.9712218902343136,
    "eval_precision": 0.9439095216261654,
    "eval_f1": 0.9573709502402729,
    "eval_mcc": 0.9143102490472236,
    "eval_acc": 0.9569606385476171,
    "eval_threshold": 0.5
}