{
    "eval_recall": 0.2520501163135954,
    "eval_precision": 0.2952943862252141,
    "eval_f1": 0.24791905637445757,
    "eval_mcc": 0.6294366163083327,
    "eval_acc": 0.6568721355373603
}