{
    "eval_recall": 0.7014820042342979,
    "eval_precision": 0.8551540747692788,
    "eval_f1": 0.7707327388714622,
    "eval_mcc": 0.5923070473639801,
    "eval_acc": 0.7913325206903189,
    "eval_threshold": 0.5
}