{
    "eval_recall": 0.9786129894637522,
    "eval_precision": 0.9402432575356954,
    "eval_f1": 0.9590445000963206,
    "eval_mcc": 0.9175876948895311,
    "eval_acc": 0.9584083261601064,
    "eval_threshold": 0.5
}