{
    "eval_recall": 0.7084057440775633,
    "eval_precision": 0.88544643877901,
    "eval_f1": 0.7870934959349594,
    "eval_mcc": 0.6294673817174465,
    "eval_acc": 0.808378304216592,
    "eval_threshold": 0.5
}