{
    "eval_recall": 0.45382816857184677,
    "eval_precision": 0.5669403672804398,
    "eval_f1": 0.48035868944991494,
    "eval_mcc": 0.8926095856227326,
    "eval_acc": 0.9010350687471034
}