{
    "eval_recall": 0.9152754866380732,
    "eval_precision": 0.8944415785401083,
    "eval_f1": 0.9047386100512018,
    "eval_mcc": 0.8075163566014713,
    "eval_acc": 0.903648238553899,
    "eval_threshold": 0.5
}