{
    "eval_recall": 0.9260821133036282,
    "eval_precision": 0.9137227194222013,
    "eval_f1": 0.9198609025527541,
    "eval_mcc": 0.8388573072380078,
    "eval_acc": 0.919389458621512,
    "eval_threshold": 0.5
}