{
    "eval_recall": 0.9619994899260392,
    "eval_precision": 0.7827350072629177,
    "eval_f1": 0.8631578947368421,
    "eval_mcc": 0.713951926591878,
    "eval_acc": 0.8474878857434328,
    "eval_threshold": 0.5
}