{
    "eval_recall": 0.96708660378603,
    "eval_precision": 0.9436220877847857,
    "eval_f1": 0.9552102674354214,
    "eval_mcc": 0.9095880345594808,
    "eval_acc": 0.9546533869797507,
    "eval_threshold": 0.5
}