{
    "eval_recall": 0.928946530872056,
    "eval_precision": 0.8998073217726397,
    "eval_f1": 0.9141447754766473,
    "eval_mcc": 0.8260991190120023,
    "eval_acc": 0.912830908657286,
    "eval_threshold": 0.5
}