{
    "eval_recall": 0.9862280030604438,
    "eval_precision": 0.7737094837935174,
    "eval_f1": 0.867137571476623,
    "eval_mcc": 0.7256933963643101,
    "eval_acc": 0.8488905891354246,
    "eval_threshold": 0.5
}