{
    "eval_recall": 0.9730349445106852,
    "eval_precision": 0.9424358177134228,
    "eval_f1": 0.9574909747292419,
    "eval_mcc": 0.9140836920980064,
    "eval_acc": 0.9568008804916078,
    "eval_threshold": 0.5
}