{
    "eval_recall": 0.9372073082250512,
    "eval_precision": 0.9057818575890865,
    "eval_f1": 0.9212266597510373,
    "eval_mcc": 0.8402261745847662,
    "eval_acc": 0.919860167535123,
    "eval_threshold": 0.5
}