{
    "eval_recall": 0.9466950959488273,
    "eval_precision": 0.8319800124921923,
    "eval_f1": 0.8856382978723404,
    "eval_mcc": 0.7627938767447869,
    "eval_acc": 0.8777540867093105,
    "eval_threshold": 0.5
}