{
    "eval_recall": 0.930948992240944,
    "eval_precision": 0.8640644309029701,
    "eval_f1": 0.8962606082036775,
    "eval_mcc": 0.7869825198399572,
    "eval_acc": 0.8923073393443,
    "eval_threshold": 0.5
}