{
    "eval_recall": 0.6427086041070964,
    "eval_precision": 0.6308202576859293,
    "eval_f1": 0.6367089422519797,
    "eval_mcc": 0.2666187054843399,
    "eval_acc": 0.6332856771510268,
    "eval_threshold": 0.5
}