{
    "eval_recall": 0.29158003787963954,
    "eval_precision": 0.37727056120536007,
    "eval_f1": 0.3076176534393664,
    "eval_mcc": 0.8101946313190876,
    "eval_acc": 0.8193227443751421
}