{
    "eval_recall": 0.924201918540651,
    "eval_precision": 0.8634393594358334,
    "eval_f1": 0.8927879685541756,
    "eval_mcc": 0.7810763018185651,
    "eval_acc": 0.8895453478362939,
    "eval_threshold": 0.5
}