{
    "eval_recall": 0.9722009691405253,
    "eval_precision": 0.7793907176446534,
    "eval_f1": 0.8651838402178846,
    "eval_mcc": 0.7193764155104795,
    "eval_acc": 0.8485080336648814,
    "eval_threshold": 0.5
}