{
    "eval_recall": 0.7245387453874539,
    "eval_precision": 0.7107692307692308,
    "eval_f1": 0.7175879396984924,
    "eval_mcc": 0.42978545412806946,
    "eval_acc": 0.7148523985239852,
    "eval_threshold": 0.5
}