{
    "eval_recall": 0.9884539392442578,
    "eval_precision": 0.9671942967617206,
    "eval_f1": 0.9777085623549531,
    "eval_mcc": 0.9551480547687127,
    "eval_acc": 0.9774587000154392,
    "eval_threshold": 0.5
}