{
    "eval_recall": 0.9593694347338566,
    "eval_precision": 0.9164513893264444,
    "eval_f1": 0.9374194379994845,
    "eval_mcc": 0.8728658575484891,
    "eval_acc": 0.935954092737946,
    "eval_threshold": 0.5
}