{
    "eval_recall": 0.2533681349859687,
    "eval_precision": 0.36846004027610324,
    "eval_f1": 0.26936518883748684,
    "eval_mcc": 0.6186587576065524,
    "eval_acc": 0.6373828943713543
}