{
    "eval_recall": 0.9802783457555571,
    "eval_precision": 0.9157116451016636,
    "eval_f1": 0.9468956070211207,
    "eval_mcc": 0.8922676112386617,
    "eval_acc": 0.945023415341996,
    "eval_threshold": 0.5
}