{
    "eval_recall": 0.9575359687107138,
    "eval_precision": 0.922486879289463,
    "eval_f1": 0.9396847155586017,
    "eval_mcc": 0.8777908757021439,
    "eval_acc": 0.9385775109932296,
    "eval_threshold": 0.5
}