{
    "eval_recall": 0.9888244010866881,
    "eval_precision": 0.9601318944844125,
    "eval_f1": 0.9742669424504198,
    "eval_mcc": 0.9481769169667067,
    "eval_acc": 0.9738767948124132,
    "eval_threshold": 0.5
}