{
    "eval_recall": 0.9714126944924673,
    "eval_precision": 0.9457769762548843,
    "eval_f1": 0.958423441259785,
    "eval_mcc": 0.9160379363911341,
    "eval_acc": 0.9578508568781844,
    "eval_threshold": 0.5
}