{
    "eval_recall": 0.9644633972992182,
    "eval_precision": 0.8486554096310194,
    "eval_f1": 0.9028609447771124,
    "eval_mcc": 0.7999493623259782,
    "eval_acc": 0.8962331201137171,
    "eval_threshold": 0.5
}