{
    "eval_recall": 0.9420506368925932,
    "eval_precision": 0.8728054199752313,
    "eval_f1": 0.9061070145585177,
    "eval_mcc": 0.8082873359266254,
    "eval_acc": 0.9028484231943031,
    "eval_threshold": 0.5
}