{
    "eval_recall": 0.9921892189218922,
    "eval_precision": 0.9524262104651777,
    "eval_f1": 0.9719011826827231,
    "eval_mcc": 0.9434518367775309,
    "eval_acc": 0.9713146314631463,
    "eval_threshold": 0.5
}