{
    "eval_recall": 0.9892189218921892,
    "eval_precision": 0.9682872987670275,
    "eval_f1": 0.9786411993578755,
    "eval_mcc": 0.9570443224083018,
    "eval_acc": 0.9784103410341034,
    "eval_threshold": 0.5
}