{
    "eval_recall": 0.6923576813101118,
    "eval_precision": 0.6403413871859599,
    "eval_f1": 0.6653344157871729,
    "eval_mcc": 0.30448950763078914,
    "eval_acc": 0.6517416168442942,
    "eval_threshold": 0.5
}