{
    "eval_recall": 0.9910375542970253,
    "eval_precision": 0.9414468529642204,
    "eval_f1": 0.9656059144969462,
    "eval_mcc": 0.930692192407899,
    "eval_acc": 0.9647000604827625,
    "eval_threshold": 0.5
}