{
    "eval_recall": 0.9718332272437937,
    "eval_precision": 0.9580359243862264,
    "eval_f1": 0.9648852549670183,
    "eval_mcc": 0.9294237097647955,
    "eval_acc": 0.964663327768503,
    "eval_threshold": 0.5
}