{
    "eval_recall": 0.7839866555462885,
    "eval_precision": 0.8253968253968254,
    "eval_f1": 0.8041589892076861,
    "eval_mcc": 0.6189227389555093,
    "eval_acc": 0.8090716622826715,
    "eval_threshold": 0.5
}