{
    "eval_recall": 0.9140603503622856,
    "eval_precision": 0.8479897894065093,
    "eval_f1": 0.8797863653417493,
    "eval_mcc": 0.7524939033911041,
    "eval_acc": 0.8751031826102907,
    "eval_threshold": 0.5
}