{
    "eval_recall": 0.696309963099631,
    "eval_precision": 0.697339246119734,
    "eval_f1": 0.696824224519941,
    "eval_mcc": 0.3940963702526762,
    "eval_acc": 0.6970479704797048,
    "eval_threshold": 0.5
}