{
    "eval_recall": 0.9885613017560818,
    "eval_precision": 0.9918103448275862,
    "eval_f1": 0.9901831580646029,
    "eval_mcc": 0.9804037353738061,
    "eval_acc": 0.9901992374201171,
    "eval_threshold": 0.5
}