{
    "eval_recall": 0.6351702625422407,
    "eval_precision": 0.6429417181949744,
    "eval_f1": 0.6390323635174894,
    "eval_mcc": 0.2824485000238216,
    "eval_acc": 0.6412139329347544,
    "eval_threshold": 0.5
}