{
    "eval_recall": 0.3140439905007026,
    "eval_precision": 0.45563690703246745,
    "eval_f1": 0.3439966292222525,
    "eval_mcc": 0.636126715029384,
    "eval_acc": 0.6544557492714351
}