{
    "eval_recall": 0.2302249529365339,
    "eval_precision": 0.3421684790693468,
    "eval_f1": 0.24928968542659144,
    "eval_mcc": 0.6079058418831921,
    "eval_acc": 0.629766104795505
}