{
    "eval_recall": 0.9653582902640033,
    "eval_precision": 0.9360693485033185,
    "eval_f1": 0.9504882409572274,
    "eval_mcc": 0.899932470209182,
    "eval_acc": 0.9497452362671879,
    "eval_threshold": 0.5
}