{
    "eval_recall": 0.9711760437965833,
    "eval_precision": 0.9428790983606558,
    "eval_f1": 0.9568184033531533,
    "eval_mcc": 0.9127520127118047,
    "eval_acc": 0.9561704373062463,
    "eval_threshold": 0.5
}