{
    "eval_recall": 0.9853050135836009,
    "eval_precision": 0.9576332213154105,
    "eval_f1": 0.9712720632988435,
    "eval_mcc": 0.9420946104197438,
    "eval_acc": 0.9708507024857187,
    "eval_threshold": 0.5
}