{
    "eval_recall": 0.9344036949469401,
    "eval_precision": 0.9046098158202917,
    "eval_f1": 0.9192654098937062,
    "eval_mcc": 0.8363255036024557,
    "eval_acc": 0.9179358882718425,
    "eval_threshold": 0.5
}