{
    "eval_recall": 0.9178656236904595,
    "eval_precision": 0.8670009236046972,
    "eval_f1": 0.89170850861718,
    "eval_mcc": 0.7785512039694665,
    "eval_acc": 0.8886019403922664,
    "eval_threshold": 0.5
}