{
    "eval_recall": 0.9727110431012497,
    "eval_precision": 0.8349387040280211,
    "eval_f1": 0.8985746259865709,
    "eval_mcc": 0.7912596895776287,
    "eval_acc": 0.8902065799540934,
    "eval_threshold": 0.5
}