{
    "eval_recall": 0.8937448408694855,
    "eval_precision": 0.8267860173086713,
    "eval_f1": 0.8589624928379391,
    "eval_mcc": 0.7088311893221314,
    "eval_acc": 0.8532513986976061,
    "eval_threshold": 0.5
}