{
    "eval_recall": 0.9864960909737029,
    "eval_precision": 0.8562615669339914,
    "eval_f1": 0.916776750330251,
    "eval_mcc": 0.8305585531178302,
    "eval_acc": 0.9104477611940298,
    "eval_threshold": 0.5
}