{
    "eval_recall": 0.9346595376631546,
    "eval_precision": 0.8867586721372622,
    "eval_f1": 0.9100792405160203,
    "eval_mcc": 0.8174072875922186,
    "eval_acc": 0.908091399953048,
    "eval_threshold": 0.5
}