{
    "eval_recall": 0.9806475282032469,
    "eval_precision": 0.9407003343304593,
    "eval_f1": 0.9602586555301091,
    "eval_mcc": 0.9196592686252354,
    "eval_acc": 0.9594148399523067,
    "eval_threshold": 0.5
}