{
    "eval_recall": 0.9737029140014215,
    "eval_precision": 0.8441158348736907,
    "eval_f1": 0.9042904290429044,
    "eval_mcc": 0.803411478813121,
    "eval_acc": 0.8969438521677328,
    "eval_threshold": 0.5
}