{
    "eval_recall": 0.6391993761372498,
    "eval_precision": 0.6328657830395058,
    "eval_f1": 0.6360168121564823,
    "eval_mcc": 0.2684043954855659,
    "eval_acc": 0.6341954769950611,
    "eval_threshold": 0.5
}