{
    "eval_recall": 0.7656380316930775,
    "eval_precision": 0.8285773797125598,
    "eval_f1": 0.7958652884294766,
    "eval_mcc": 0.6089963062132496,
    "eval_acc": 0.8036183999486752,
    "eval_threshold": 0.5
}