{
    "eval_recall": 0.7892474497979085,
    "eval_precision": 0.8302625362758993,
    "eval_f1": 0.8092356268911985,
    "eval_mcc": 0.6286625952138764,
    "eval_acc": 0.8139475203695388,
    "eval_threshold": 0.5
}