{
    "eval_recall": 0.421994527954045,
    "eval_precision": 0.5533459280585062,
    "eval_f1": 0.4528722066424144,
    "eval_mcc": 0.876023517256373,
    "eval_acc": 0.883122028526149
}