{
    "eval_recall": 0.9116298266532147,
    "eval_precision": 0.8661873638344226,
    "eval_f1": 0.8883278219680042,
    "eval_mcc": 0.7718599657516448,
    "eval_acc": 0.8853985141704118,
    "eval_threshold": 0.5
}