{
    "eval_recall": 0.9775740386518039,
    "eval_precision": 0.9336651127630087,
    "eval_f1": 0.955115192524569,
    "eval_mcc": 0.9091254234205343,
    "eval_acc": 0.9540597585911219,
    "eval_threshold": 0.5
}