{
    "eval_recall": 0.905852772733622,
    "eval_precision": 0.8572372769332453,
    "eval_f1": 0.8808747622928552,
    "eval_mcc": 0.7563719414546208,
    "eval_acc": 0.8775738116842325,
    "eval_threshold": 0.5
}