{
    "eval_recall": 0.8831061922619592,
    "eval_precision": 0.7571361355081556,
    "eval_f1": 0.8152839349799451,
    "eval_mcc": 0.6083139111486144,
    "eval_acc": 0.7999176804170859,
    "eval_threshold": 0.5
}