{
    "eval_recall": 0.7743696386794905,
    "eval_precision": 0.6466948876587431,
    "eval_f1": 0.7047968297155024,
    "eval_mcc": 0.358366189728598,
    "eval_acc": 0.6756563556017676,
    "eval_threshold": 0.5
}