{
    "eval_recall": 0.9866633736725118,
    "eval_precision": 0.9597021199927932,
    "eval_f1": 0.9729960118123421,
    "eval_mcc": 0.9455946065102029,
    "eval_acc": 0.9726107765941022,
    "eval_threshold": 0.5
}