{
    "eval_recall": 0.7169121009786884,
    "eval_precision": 0.8906818181818181,
    "eval_f1": 0.794405310900522,
    "eval_mcc": 0.6412438383009332,
    "eval_acc": 0.8144608067319126,
    "eval_threshold": 0.5
}