{
    "eval_recall": 0.978995986143949,
    "eval_precision": 0.9419139819076338,
    "eval_f1": 0.9600970612024804,
    "eval_mcc": 0.9193359084010734,
    "eval_acc": 0.9593115961950844,
    "eval_threshold": 0.5
}