{
    "eval_recall": 0.9316716464852964,
    "eval_precision": 0.8667885881492319,
    "eval_f1": 0.8980597241170228,
    "eval_mcc": 0.7917671122245924,
    "eval_acc": 0.8947491979028093,
    "eval_threshold": 0.5
}