{
    "eval_recall": 0.9893800938503334,
    "eval_precision": 0.9413146918874464,
    "eval_f1": 0.9647490893765616,
    "eval_mcc": 0.9288940741209497,
    "eval_acc": 0.9638412845453141,
    "eval_threshold": 0.5
}