{
    "eval_recall": 0.791428754731507,
    "eval_precision": 0.8164670064200146,
    "eval_f1": 0.8037529319781079,
    "eval_mcc": 0.6138127852809573,
    "eval_acc": 0.8067620452941554,
    "eval_threshold": 0.5
}