{
    "eval_recall": 0.9664255386066992,
    "eval_precision": 0.9249698976520169,
    "eval_f1": 0.9452434053679921,
    "eval_mcc": 0.8894732952831239,
    "eval_acc": 0.944283590265279,
    "eval_threshold": 0.5
}