{
    "eval_recall": 0.488929889298893,
    "eval_precision": 0.8010882708585247,
    "eval_f1": 0.6072410632447296,
    "eval_mcc": 0.39907215660707007,
    "eval_acc": 0.6837638376383763,
    "eval_threshold": 0.5
}