{
    "eval_recall": 0.3820585899896796,
    "eval_precision": 0.499156909158113,
    "eval_f1": 0.39865113203471975,
    "eval_mcc": 0.838232260421601,
    "eval_acc": 0.8460810879901836
}