{
    "eval_recall": 0.7879001732212741,
    "eval_precision": 0.8309201623815967,
    "eval_f1": 0.8088385418381797,
    "eval_mcc": 0.628417073760902,
    "eval_acc": 0.8137871303008918,
    "eval_threshold": 0.5
}