{
    "eval_recall": 0.8118540199396324,
    "eval_precision": 0.8597442851607904,
    "eval_f1": 0.8351131392012043,
    "eval_mcc": 0.6804674601584498,
    "eval_acc": 0.839705478825574,
    "eval_threshold": 0.5
}