{
    "eval_recall": 0.25303008333063426,
    "eval_precision": 0.3424206813363921,
    "eval_f1": 0.2713926212281345,
    "eval_mcc": 0.6375203912564464,
    "eval_acc": 0.666944178923458
}