{
    "eval_recall": 0.7708771608890514,
    "eval_precision": 0.8686868686868687,
    "eval_f1": 0.8168645505209595,
    "eval_mcc": 0.6585368696678369,
    "eval_acc": 0.8271746089819811,
    "eval_threshold": 0.5
}