{
    "eval_recall": 0.6890998909347533,
    "eval_precision": 0.859142537194049,
    "eval_f1": 0.7647833671544021,
    "eval_mcc": 0.5877480136135731,
    "eval_acc": 0.7880605632899211,
    "eval_threshold": 0.5
}