{
    "eval_recall": 0.9054096556062274,
    "eval_precision": 0.8492514197212184,
    "eval_f1": 0.8764318605624691,
    "eval_mcc": 0.7476050585549203,
    "eval_acc": 0.8729556303310119,
    "eval_threshold": 0.5
}