{
    "eval_recall": 0.25588667193393444,
    "eval_precision": 0.3572788134575795,
    "eval_f1": 0.276224274960356,
    "eval_mcc": 0.6380891485283396,
    "eval_acc": 0.6672628041071814
}