{
    "eval_recall": 0.9804255787100676,
    "eval_precision": 0.9435889294597026,
    "eval_f1": 0.9616546219393809,
    "eval_mcc": 0.9225155239048833,
    "eval_acc": 0.9609061417496013,
    "eval_threshold": 0.5
}