{
    "eval_recall": 0.9860909725578648,
    "eval_precision": 0.9905059877009386,
    "eval_f1": 0.9882935493420167,
    "eval_mcc": 0.9766489802247943,
    "eval_acc": 0.9883196391171258,
    "eval_threshold": 0.5
}