{
    "eval_recall": 0.9166743098229845,
    "eval_precision": 0.8496557000765111,
    "eval_f1": 0.8818935851054444,
    "eval_mcc": 0.7568292795372725,
    "eval_acc": 0.8772356232229661,
    "eval_threshold": 0.5
}