{
    "eval_recall": 0.9221687223797903,
    "eval_precision": 0.9037491919844861,
    "eval_f1": 0.9128660507329177,
    "eval_mcc": 0.824127390394183,
    "eval_acc": 0.9119781017083306,
    "eval_threshold": 0.5
}