{
    "eval_recall": 0.9503330914847306,
    "eval_precision": 0.9095385392336343,
    "eval_f1": 0.929488420101929,
    "eval_mcc": 0.8566763798537,
    "eval_acc": 0.9279071301365345,
    "eval_threshold": 0.5
}