{
    "eval_recall": 0.766407904022583,
    "eval_precision": 0.8358522250209908,
    "eval_f1": 0.7996251547909903,
    "eval_mcc": 0.6180345886585037,
    "eval_acc": 0.8079489318021428,
    "eval_threshold": 0.5
}