{
    "eval_recall": 0.8436842586664227,
    "eval_precision": 0.8412220702234382,
    "eval_f1": 0.8424513654214997,
    "eval_mcc": 0.6844445306029845,
    "eval_acc": 0.8422207994146163,
    "eval_threshold": 0.5
}