{
    "eval_recall": 0.976536597806682,
    "eval_precision": 0.8385895751204555,
    "eval_f1": 0.9023211971250147,
    "eval_mcc": 0.7994652388027874,
    "eval_acc": 0.8942871716398878,
    "eval_threshold": 0.5
}