{
    "eval_recall": 0.6735741322897286,
    "eval_precision": 0.8854684996204774,
    "eval_f1": 0.765121702375747,
    "eval_mcc": 0.6039993331052194,
    "eval_acc": 0.7932251235003529,
    "eval_threshold": 0.5
}