{
    "eval_recall": 0.7455719557195571,
    "eval_precision": 0.7315351194786387,
    "eval_f1": 0.7384868421052632,
    "eval_mcc": 0.47204262746796655,
    "eval_acc": 0.7359778597785978,
    "eval_threshold": 0.5
}