{
    "eval_recall": 0.30987636664133567,
    "eval_precision": 0.4269091929586204,
    "eval_f1": 0.33195549344920405,
    "eval_mcc": 0.6422978481610515,
    "eval_acc": 0.6710129254853494
}