{
    "eval_recall": 0.9737029140014215,
    "eval_precision": 0.8379204892966361,
    "eval_f1": 0.9007232084155161,
    "eval_mcc": 0.7958779946146021,
    "eval_acc": 0.892679459843639,
    "eval_threshold": 0.5
}