{
    "eval_recall": 0.978079427680455,
    "eval_precision": 0.930825295683673,
    "eval_f1": 0.9538674836199379,
    "eval_mcc": 0.9065619472754273,
    "eval_acc": 0.9526965055489315,
    "eval_threshold": 0.5
}