{
    "eval_recall": 0.9737484334806411,
    "eval_precision": 0.9407379086216785,
    "eval_f1": 0.9569585791145395,
    "eval_mcc": 0.9129690806405831,
    "eval_acc": 0.9562034166611701,
    "eval_threshold": 0.5
}