{
    "eval_recall": 0.9378404805140382,
    "eval_precision": 0.9029047875201721,
    "eval_f1": 0.9200411099691674,
    "eval_mcc": 0.8377211991008979,
    "eval_acc": 0.9185454037830669,
    "eval_threshold": 0.5
}