{
    "eval_recall": 0.7584377572486966,
    "eval_precision": 0.8804417073688682,
    "eval_f1": 0.8148985307847281,
    "eval_mcc": 0.661831861638029,
    "eval_acc": 0.8277234062014086,
    "eval_threshold": 0.5
}