{
    "eval_recall": 0.6276752767527676,
    "eval_precision": 0.7376409366869038,
    "eval_f1": 0.6782296650717704,
    "eval_mcc": 0.40899839011201966,
    "eval_acc": 0.7022140221402214,
    "eval_threshold": 0.5
}