{
    "eval_recall": 0.9926842684268427,
    "eval_precision": 0.9594874793981605,
    "eval_f1": 0.9758036172916272,
    "eval_mcc": 0.951339649703374,
    "eval_acc": 0.9753850385038504,
    "eval_threshold": 0.5
}