{
    "eval_recall": 0.7069422848257568,
    "eval_precision": 0.89976717112922,
    "eval_f1": 0.7917840495825436,
    "eval_mcc": 0.6431319461104276,
    "eval_acc": 0.8140949419189609,
    "eval_threshold": 0.5
}