{
    "eval_recall": 0.9765126512651265,
    "eval_precision": 0.9282129039004496,
    "eval_f1": 0.9517503886774246,
    "eval_mcc": 0.9022123702034085,
    "eval_acc": 0.9504950495049505,
    "eval_threshold": 0.5
}