{
    "eval_recall": 0.9441359212624402,
    "eval_precision": 0.8990052356020942,
    "eval_f1": 0.9210180491860434,
    "eval_mcc": 0.8391291654367472,
    "eval_acc": 0.9190355748611646,
    "eval_threshold": 0.5
}