{
    "eval_recall": 0.9719459321601632,
    "eval_precision": 0.8167595370767252,
    "eval_f1": 0.8876208221730523,
    "eval_mcc": 0.7678772760554694,
    "eval_acc": 0.8769446569752614,
    "eval_threshold": 0.5
}