{
    "eval_recall": 0.9469691972825012,
    "eval_precision": 0.9147499203568016,
    "eval_f1": 0.9305807622504538,
    "eval_mcc": 0.8592495953517912,
    "eval_acc": 0.9293582217531825,
    "eval_threshold": 0.5
}