{
    "eval_recall": 0.7705780458074036,
    "eval_precision": 0.814636462289745,
    "eval_f1": 0.7919949886254988,
    "eval_mcc": 0.5961120835925252,
    "eval_acc": 0.7976198113812792,
    "eval_threshold": 0.5
}