{
    "eval_recall": 0.11643906537139212,
    "eval_precision": 0.26933642358402893,
    "eval_f1": 0.13544775757333496,
    "eval_mcc": 0.42544838934354784,
    "eval_acc": 0.4481379851038808
}