{
    "eval_recall": 0.991917303568483,
    "eval_precision": 0.9510253571616849,
    "eval_f1": 0.9710410162557864,
    "eval_mcc": 0.941707781781364,
    "eval_acc": 0.970418430747237,
    "eval_threshold": 0.5
}