{
    "eval_recall": 0.31282879734305485,
    "eval_precision": 0.422403154063448,
    "eval_f1": 0.3331043130004274,
    "eval_mcc": 0.8306422111423319,
    "eval_acc": 0.8394877825689272
}