{
    "eval_recall": 0.9377007962005867,
    "eval_precision": 0.8935179023026754,
    "eval_f1": 0.9150763358778625,
    "eval_mcc": 0.8270784517600803,
    "eval_acc": 0.91303133942905,
    "eval_threshold": 0.5
}