{
    "eval_recall": 0.32392151635050614,
    "eval_precision": 0.4255352062714004,
    "eval_f1": 0.34678434616865766,
    "eval_mcc": 0.7874363095749086,
    "eval_acc": 0.7996302165874274
}