{
    "eval_recall": 0.4409392786416767,
    "eval_precision": 0.5844250398166224,
    "eval_f1": 0.47110885009468073,
    "eval_mcc": 0.892244078575229,
    "eval_acc": 0.9007054946186724
}