{
    "eval_recall": 0.2801595130520987,
    "eval_precision": 0.3664540427300721,
    "eval_f1": 0.29617879922344026,
    "eval_mcc": 0.8015664607230251,
    "eval_acc": 0.811191636574834
}