{
    "eval_recall": 0.9679441359212625,
    "eval_precision": 0.9386296987470008,
    "eval_f1": 0.9530615559525742,
    "eval_mcc": 0.9050986886760982,
    "eval_acc": 0.9523285863528894,
    "eval_threshold": 0.5
}