{
    "eval_recall": 0.9631950399050194,
    "eval_precision": 0.9157782515991472,
    "eval_f1": 0.9388883531038029,
    "eval_mcc": 0.8757872375778661,
    "eval_acc": 0.9373062462898226,
    "eval_threshold": 0.5
}