{
    "eval_recall": 0.9321016166281755,
    "eval_precision": 0.9093015770840038,
    "eval_f1": 0.9205604431410882,
    "eval_mcc": 0.8394254458824094,
    "eval_acc": 0.9195804195804196,
    "eval_threshold": 0.5
}