{
    "eval_recall": 0.9762541280075484,
    "eval_precision": 0.9393251626569828,
    "eval_f1": 0.9574336829117829,
    "eval_mcc": 0.9143223336140958,
    "eval_acc": 0.9568041317786994,
    "eval_threshold": 0.5
}