{
    "eval_recall": 0.7263837638376384,
    "eval_precision": 0.7233143487047584,
    "eval_f1": 0.7248458068673478,
    "eval_mcc": 0.44852802372640516,
    "eval_acc": 0.7242619926199262,
    "eval_threshold": 0.5
}