{
    "eval_recall": 0.9781017083305851,
    "eval_precision": 0.916275333662877,
    "eval_f1": 0.9461796139735205,
    "eval_mcc": 0.8907577702488366,
    "eval_acc": 0.9443638282435196,
    "eval_threshold": 0.5
}