{
    "eval_recall": 0.9808722264728386,
    "eval_precision": 0.7779126213592233,
    "eval_f1": 0.8676818950930627,
    "eval_mcc": 0.7259861019451349,
    "eval_acc": 0.8504208110175976,
    "eval_threshold": 0.5
}