{
    "eval_recall": 0.27307595274272667,
    "eval_precision": 0.36558769111518424,
    "eval_f1": 0.2914874393311643,
    "eval_mcc": 0.6356997058406757,
    "eval_acc": 0.6540743920608065
}