{
    "eval_recall": 0.7255099240830513,
    "eval_precision": 0.8825100133511349,
    "eval_f1": 0.7963455649816775,
    "eval_mcc": 0.639116641183596,
    "eval_acc": 0.8144608067319126,
    "eval_threshold": 0.5
}