{
    "eval_recall": 0.9636820785025841,
    "eval_precision": 0.9312904967602592,
    "eval_f1": 0.9472094460081005,
    "eval_mcc": 0.8931922713979363,
    "eval_acc": 0.9463251204020381,
    "eval_threshold": 0.5
}