{
    "eval_recall": 0.277044742673793,
    "eval_precision": 0.3512164838061319,
    "eval_f1": 0.289144037042924,
    "eval_mcc": 0.6928296510399915,
    "eval_acc": 0.7085064680517444
}