{
    "eval_recall": 0.9759250709056131,
    "eval_precision": 0.9329718141118608,
    "eval_f1": 0.9539651837524178,
    "eval_mcc": 0.9067724723210588,
    "eval_acc": 0.9529054811687884,
    "eval_threshold": 0.5
}