{
    "eval_recall": 0.9926842684268427,
    "eval_precision": 0.9488433228180863,
    "eval_f1": 0.9702688172043011,
    "eval_mcc": 0.9401680194015437,
    "eval_acc": 0.9695819581958196,
    "eval_threshold": 0.5
}