{
    "eval_recall": 0.3829923510876941,
    "eval_precision": 0.4836790568536034,
    "eval_f1": 0.4085262882911897,
    "eval_mcc": 0.8448027592437813,
    "eval_acc": 0.8537242472266244
}