{
    "eval_recall": 0.9867868609533218,
    "eval_precision": 0.957407296471575,
    "eval_f1": 0.9718750950165709,
    "eval_mcc": 0.943318854721226,
    "eval_acc": 0.9714373938551799,
    "eval_threshold": 0.5
}