{
    "eval_recall": 0.9474309082514346,
    "eval_precision": 0.9186492709132771,
    "eval_f1": 0.9328181316361984,
    "eval_mcc": 0.8639555598660624,
    "eval_acc": 0.9317657146626211,
    "eval_threshold": 0.5
}