{
    "eval_recall": 0.28551430785441184,
    "eval_precision": 0.41373293576723824,
    "eval_f1": 0.3040319561800721,
    "eval_mcc": 0.6235555077974968,
    "eval_acc": 0.6539368659560224
}