{
    "eval_recall": 0.7011612240970039,
    "eval_precision": 0.8518980434952061,
    "eval_f1": 0.7692145270270271,
    "eval_mcc": 0.5885513936361194,
    "eval_acc": 0.7896323859626612,
    "eval_threshold": 0.5
}