{
    "eval_recall": 0.7929205158693863,
    "eval_precision": 0.8803696557327104,
    "eval_f1": 0.8343599615014438,
    "eval_mcc": 0.6885788206597766,
    "eval_acc": 0.8425866642275679,
    "eval_threshold": 0.5
}