{
    "eval_recall": 0.9902640264026402,
    "eval_precision": 0.9683197074010327,
    "eval_f1": 0.9791689328837159,
    "eval_mcc": 0.9581118509088836,
    "eval_acc": 0.978932893289329,
    "eval_threshold": 0.5
}