{
    "eval_recall": 0.26159873933903655,
    "eval_precision": 0.3705802843121853,
    "eval_f1": 0.2839739990180069,
    "eval_mcc": 0.6547937437140716,
    "eval_acc": 0.6825362564624382
}