{
    "eval_recall": 0.7729399532102937,
    "eval_precision": 0.6535164835164835,
    "eval_f1": 0.7082291294509944,
    "eval_mcc": 0.36935964072123495,
    "eval_acc": 0.6815700545879907,
    "eval_threshold": 0.5
}