{
    "eval_recall": 0.6253287996407263,
    "eval_precision": 0.9034201501529335,
    "eval_f1": 0.739080982711556,
    "eval_mcc": 0.5869793473283125,
    "eval_acc": 0.7792391095143388,
    "eval_threshold": 0.5
}