{
    "eval_recall": 0.9772827282728273,
    "eval_precision": 0.9339255677039529,
    "eval_f1": 0.955112353510375,
    "eval_mcc": 0.9091210329037372,
    "eval_acc": 0.9540704070407041,
    "eval_threshold": 0.5
}