{
    "eval_recall": 0.7147127631920978,
    "eval_precision": 0.6335253456221198,
    "eval_f1": 0.6716746060828143,
    "eval_mcc": 0.30377850612700796,
    "eval_acc": 0.650636859890824,
    "eval_threshold": 0.5
}