{
    "eval_recall": 0.9668451925529201,
    "eval_precision": 0.7813272877164056,
    "eval_f1": 0.8642425624073863,
    "eval_mcc": 0.7167482756258062,
    "eval_acc": 0.8481254781943381,
    "eval_threshold": 0.5
}