{
    "eval_recall": 0.2388921659170842,
    "eval_precision": 0.28808533941072945,
    "eval_f1": 0.24099382411405745,
    "eval_mcc": 0.6457262999095125,
    "eval_acc": 0.672843503016475
}