{
    "eval_recall": 0.9611728693410665,
    "eval_precision": 0.9633975670147487,
    "eval_f1": 0.9622839323637732,
    "eval_mcc": 0.9246574248257909,
    "eval_acc": 0.9623274797271897,
    "eval_threshold": 0.5
}