{
    "eval_recall": 0.9733326002089404,
    "eval_precision": 0.9447112818870744,
    "eval_f1": 0.9588083953960732,
    "eval_mcc": 0.9167896782371887,
    "eval_acc": 0.9581844174410293,
    "eval_threshold": 0.5
}