{
    "eval_recall": 0.9262466824975555,
    "eval_precision": 0.906245729123958,
    "eval_f1": 0.9161370544349268,
    "eval_mcc": 0.8307341364239629,
    "eval_acc": 0.9152648844838417,
    "eval_threshold": 0.5
}