{
    "eval_recall": 0.9062731538651518,
    "eval_precision": 0.9169165417291354,
    "eval_f1": 0.9115637808967829,
    "eval_mcc": 0.8241720868480688,
    "eval_acc": 0.9120580515670835,
    "eval_threshold": 0.5
}