{
    "eval_recall": 0.9072181160559837,
    "eval_precision": 0.8440380395025604,
    "eval_f1": 0.8744884038199183,
    "eval_mcc": 0.7429742070532407,
    "eval_acc": 0.8704123953360983,
    "eval_threshold": 0.5
}