{
    "eval_recall": 0.9712274635712521,
    "eval_precision": 0.9382642409782285,
    "eval_f1": 0.9544613330906222,
    "eval_mcc": 0.9078627515160719,
    "eval_acc": 0.9536513818125676,
    "eval_threshold": 0.5
}