{
    "eval_recall": 0.7966706302021404,
    "eval_precision": 0.870390726491456,
    "eval_f1": 0.8319006685768864,
    "eval_mcc": 0.6804841527139394,
    "eval_acc": 0.8390194823012896,
    "eval_threshold": 0.5
}