{
    "eval_recall": 0.28712682536740025,
    "eval_precision": 0.3646428734163452,
    "eval_f1": 0.29920857872012524,
    "eval_mcc": 0.8125905096077655,
    "eval_acc": 0.82151965859448
}