{
    "eval_recall": 0.6991161944372238,
    "eval_precision": 0.657097483508429,
    "eval_f1": 0.677455919395466,
    "eval_mcc": 0.3349720225994649,
    "eval_acc": 0.6671432284897323,
    "eval_threshold": 0.5
}