{
    "eval_recall": 0.21043147428760647,
    "eval_precision": 0.30591638103216084,
    "eval_f1": 0.22453660382737795,
    "eval_mcc": 0.5942440454232281,
    "eval_acc": 0.614681447438196
}