{
    "eval_recall": 0.7469456719521705,
    "eval_precision": 0.6566499085923218,
    "eval_f1": 0.6988933479265476,
    "eval_mcc": 0.3597995429110595,
    "eval_acc": 0.6781907980244346,
    "eval_threshold": 0.5
}