{
    "eval_recall": 0.9690989149237301,
    "eval_precision": 0.9465478841870824,
    "eval_f1": 0.9576906639729593,
    "eval_mcc": 0.915046976785746,
    "eval_acc": 0.957391032162141,
    "eval_threshold": 0.5
}