{
    "eval_recall": 0.9645498597296608,
    "eval_precision": 0.7807597027250206,
    "eval_f1": 0.8629777524244152,
    "eval_mcc": 0.713758055166862,
    "eval_acc": 0.8468502932925274,
    "eval_threshold": 0.5
}