{
    "eval_recall": 0.6964944649446494,
    "eval_precision": 0.729609586393506,
    "eval_f1": 0.7126675476684915,
    "eval_mcc": 0.43882861485954255,
    "eval_acc": 0.7191881918819188,
    "eval_threshold": 0.5
}