{
    "eval_recall": 0.9862280030604438,
    "eval_precision": 0.8435863874345549,
    "eval_f1": 0.9093474426807759,
    "eval_mcc": 0.8151034086926634,
    "eval_acc": 0.9016832440703902,
    "eval_threshold": 0.5
}