{
    "eval_recall": 0.9383992177678446,
    "eval_precision": 0.9171331058020478,
    "eval_f1": 0.9276442971554819,
    "eval_mcc": 0.8539341718461105,
    "eval_acc": 0.9268513994555734,
    "eval_threshold": 0.5
}