{
    "eval_recall": 0.9556097882725414,
    "eval_precision": 0.9146464646464646,
    "eval_f1": 0.934679526466888,
    "eval_mcc": 0.8673038606430641,
    "eval_acc": 0.9332168062792692,
    "eval_threshold": 0.5
}