{
    "eval_recall": 0.3482235895267174,
    "eval_precision": 0.4718809773888671,
    "eval_f1": 0.3737059355879473,
    "eval_mcc": 0.6111309739301253,
    "eval_acc": 0.6352086634970946
}