{
    "eval_recall": 0.7288027073996158,
    "eval_precision": 0.8883933548890623,
    "eval_f1": 0.8007235453723244,
    "eval_mcc": 0.6477828540193091,
    "eval_acc": 0.8186225189792372,
    "eval_threshold": 0.5
}