{
    "eval_recall": 0.9767916347870441,
    "eval_precision": 0.7794057794057794,
    "eval_f1": 0.8670062252405207,
    "eval_mcc": 0.7239314106516261,
    "eval_acc": 0.8501657740372354,
    "eval_threshold": 0.5
}