{
    "eval_recall": 0.32080728037968387,
    "eval_precision": 0.4511001308175231,
    "eval_f1": 0.34452369389115345,
    "eval_mcc": 0.6076266688512195,
    "eval_acc": 0.6317485472794506
}