{
    "eval_recall": 0.9890713756483083,
    "eval_precision": 0.9584180926169679,
    "eval_f1": 0.9735034943786084,
    "eval_mcc": 0.9466320401596099,
    "eval_acc": 0.9730739539910452,
    "eval_threshold": 0.5
}