{
    "eval_recall": 0.9660838007258331,
    "eval_precision": 0.9342138846350179,
    "eval_f1": 0.9498815973010674,
    "eval_mcc": 0.8985971293138811,
    "eval_acc": 0.9490368122443594,
    "eval_threshold": 0.5
}