{
    "eval_recall": 0.9860372697492079,
    "eval_precision": 0.989011580931861,
    "eval_f1": 0.9875221857688378,
    "eval_mcc": 0.9750863062299032,
    "eval_acc": 0.9875409483916009,
    "eval_threshold": 0.5
}