{
    "eval_recall": 0.9913674602738219,
    "eval_precision": 0.9485978849897406,
    "eval_f1": 0.9695112114857235,
    "eval_mcc": 0.9386022750619297,
    "eval_acc": 0.9688238851927201,
    "eval_threshold": 0.5
}