{
    "eval_recall": 0.9749960685642397,
    "eval_precision": 0.9183824618575026,
    "eval_f1": 0.9458428680396644,
    "eval_mcc": 0.8905869106397752,
    "eval_acc": 0.9444400970341967,
    "eval_threshold": 0.5
}