{
    "eval_recall": 0.7735933790979662,
    "eval_precision": 0.8323898936904598,
    "eval_f1": 0.8019153393409371,
    "eval_mcc": 0.6193696224189162,
    "eval_acc": 0.8089112722140245,
    "eval_threshold": 0.5
}