{
    "eval_recall": 0.3664329962901428,
    "eval_precision": 0.4702177202434147,
    "eval_f1": 0.38474655728428225,
    "eval_mcc": 0.8177466717510143,
    "eval_acc": 0.8263970550641648
}