{
    "eval_recall": 0.7024954510007798,
    "eval_precision": 0.6352097778822423,
    "eval_f1": 0.6671604023946183,
    "eval_mcc": 0.3007562783646166,
    "eval_acc": 0.6495321029373538,
    "eval_threshold": 0.5
}