{
    "eval_recall": 0.9671191415206823,
    "eval_precision": 0.9304654754026032,
    "eval_f1": 0.9484383081109038,
    "eval_mcc": 0.8955405727877696,
    "eval_acc": 0.9474227276896267,
    "eval_threshold": 0.5
}