{
    "eval_recall": 0.9751335663874414,
    "eval_precision": 0.9366447034972124,
    "eval_f1": 0.9555016965584101,
    "eval_mcc": 0.9099434350710868,
    "eval_acc": 0.9545874282699031,
    "eval_threshold": 0.5
}