{
    "eval_recall": 0.9490845109143894,
    "eval_precision": 0.9061843763124737,
    "eval_f1": 0.927138445011414,
    "eval_mcc": 0.8517825649346933,
    "eval_acc": 0.9254137570792325,
    "eval_threshold": 0.5
}