{
    "eval_recall": 0.9530916844349681,
    "eval_precision": 0.8365564566437929,
    "eval_f1": 0.8910299003322261,
    "eval_mcc": 0.7744307909083552,
    "eval_acc": 0.8834399431414357,
    "eval_threshold": 0.5
}