{
    "eval_recall": 0.9829424307036247,
    "eval_precision": 0.8495085995085995,
    "eval_f1": 0.9113673805601319,
    "eval_mcc": 0.8189789083641528,
    "eval_acc": 0.904406538734897,
    "eval_threshold": 0.5
}