{
    "eval_recall": 0.9332308981701355,
    "eval_precision": 0.8956964740581848,
    "eval_f1": 0.9140785333150909,
    "eval_mcc": 0.8253953456420828,
    "eval_acc": 0.9123333565994276,
    "eval_threshold": 0.5
}