{
    "eval_recall": 0.703009238086527,
    "eval_precision": 0.9005272407732865,
    "eval_f1": 0.7896034518183687,
    "eval_mcc": 0.6409622512140268,
    "eval_acc": 0.8126772157687734,
    "eval_threshold": 0.5
}