{
    "eval_recall": 0.23166272310954442,
    "eval_precision": 0.3227855772126557,
    "eval_f1": 0.2469290939076888,
    "eval_mcc": 0.6203409067416762,
    "eval_acc": 0.6512502697869454
}