{
    "eval_recall": 0.9205063689259317,
    "eval_precision": 0.824320518236868,
    "eval_f1": 0.8697622585438335,
    "eval_mcc": 0.7307280408273238,
    "eval_acc": 0.8628218170435872,
    "eval_threshold": 0.5
}