{
    "eval_recall": 0.9569772314569074,
    "eval_precision": 0.9069367222663489,
    "eval_f1": 0.9312852579351594,
    "eval_mcc": 0.8601812969819067,
    "eval_acc": 0.9294339359251762,
    "eval_threshold": 0.5
}