{
    "eval_recall": 0.9921372408863474,
    "eval_precision": 0.9514368573688373,
    "eval_f1": 0.9713608957795004,
    "eval_mcc": 0.9423592991722795,
    "eval_acc": 0.9707483367240336,
    "eval_threshold": 0.5
}