{
    "eval_recall": 0.7354243542435425,
    "eval_precision": 0.7188458070333634,
    "eval_f1": 0.7270405836753306,
    "eval_mcc": 0.447905111726213,
    "eval_acc": 0.7238929889298893,
    "eval_threshold": 0.5
}