{
    "eval_recall": 0.9267945984363894,
    "eval_precision": 0.8321633694958519,
    "eval_f1": 0.8769334229993274,
    "eval_mcc": 0.7447028305076662,
    "eval_acc": 0.8699360341151386,
    "eval_threshold": 0.5
}