{
    "eval_recall": 0.28904021952617875,
    "eval_precision": 0.42723716847528964,
    "eval_f1": 0.3182553851174983,
    "eval_mcc": 0.822441784606112,
    "eval_acc": 0.8372344856309871
}