{
    "eval_recall": 0.26270879164845234,
    "eval_precision": 0.37274110807200994,
    "eval_f1": 0.2836414941237192,
    "eval_mcc": 0.6485207286441219,
    "eval_acc": 0.6767804466919511
}