{
    "eval_recall": 0.9343450228023275,
    "eval_precision": 0.8486038705991573,
    "eval_f1": 0.8894128213764455,
    "eval_mcc": 0.7727802198124003,
    "eval_acc": 0.8843806244620079,
    "eval_threshold": 0.5
}