{
    "eval_recall": 0.963015559397382,
    "eval_precision": 0.9415635375792333,
    "eval_f1": 0.9521687372180336,
    "eval_mcc": 0.9034609413287915,
    "eval_acc": 0.9516134012660182,
    "eval_threshold": 0.5
}