{
    "eval_recall": 0.3111579377698601,
    "eval_precision": 0.4298794346627002,
    "eval_f1": 0.3336817725216291,
    "eval_mcc": 0.8351650953730918,
    "eval_acc": 0.8489587671803416
}