{
    "eval_recall": 0.9871573227957521,
    "eval_precision": 0.9597790851242646,
    "eval_f1": 0.973275704632617,
    "eval_mcc": 0.946162228495846,
    "eval_acc": 0.972888683032268,
    "eval_threshold": 0.5
}