{
    "eval_recall": 0.9424307036247335,
    "eval_precision": 0.8246268656716418,
    "eval_f1": 0.8796019900497513,
    "eval_mcc": 0.7496936331268276,
    "eval_acc": 0.8710021321961621,
    "eval_threshold": 0.5
}