{
    "eval_recall": 0.9718562049492677,
    "eval_precision": 0.9219512195121952,
    "eval_f1": 0.9462461724145639,
    "eval_mcc": 0.8909540221729566,
    "eval_acc": 0.9448229976827953,
    "eval_threshold": 0.5
}