{
    "eval_recall": 0.9746318638469654,
    "eval_precision": 0.949796593499933,
    "eval_f1": 0.9620539757290346,
    "eval_mcc": 0.9234135145224727,
    "eval_acc": 0.961549050197302,
    "eval_threshold": 0.5
}