{
    "eval_recall": 0.9888244010866881,
    "eval_precision": 0.9592692422881102,
    "eval_f1": 0.973822626250342,
    "eval_mcc": 0.9472767917944296,
    "eval_acc": 0.9734136174154702,
    "eval_threshold": 0.5
}