{
    "eval_recall": 0.9596992282830947,
    "eval_precision": 0.9219363832213915,
    "eval_f1": 0.9404388714733543,
    "eval_mcc": 0.8791759264963649,
    "eval_acc": 0.939219048875404,
    "eval_threshold": 0.5
}