{
    "eval_recall": 0.7442804428044281,
    "eval_precision": 0.6943201376936317,
    "eval_f1": 0.7184327693677649,
    "eval_mcc": 0.41768788508741234,
    "eval_acc": 0.7083025830258303,
    "eval_threshold": 0.5
}