{
    "eval_recall": 0.9706714892278661,
    "eval_precision": 0.9274284426414244,
    "eval_f1": 0.9485573783088095,
    "eval_mcc": 0.8962045960693061,
    "eval_acc": 0.9476093591047813,
    "eval_threshold": 0.5
}