{
    "eval_recall": 0.8113966889234427,
    "eval_precision": 0.8592599767531964,
    "eval_f1": 0.8346427059321635,
    "eval_mcc": 0.6795513758017476,
    "eval_acc": 0.8392481478093844,
    "eval_threshold": 0.5
}