{
    "eval_recall": 0.9932369274756694,
    "eval_precision": 0.9547064108662333,
    "eval_f1": 0.9735906004096152,
    "eval_mcc": 0.9468868199705132,
    "eval_acc": 0.97305767856161,
    "eval_threshold": 0.5
}