{
    "eval_recall": 0.9803621525121142,
    "eval_precision": 0.8329360780065005,
    "eval_f1": 0.9006560449859419,
    "eval_mcc": 0.7963009335466469,
    "eval_acc": 0.8918643203264474,
    "eval_threshold": 0.5
}