{
    "eval_recall": 0.9304922157571945,
    "eval_precision": 0.8773074356883387,
    "eval_f1": 0.9031174876941276,
    "eval_mcc": 0.8028290875779545,
    "eval_acc": 0.9006573284294546,
    "eval_threshold": 0.5
}