{
    "eval_recall": 0.3307159649697933,
    "eval_precision": 0.48618369432513137,
    "eval_f1": 0.35321975057230826,
    "eval_mcc": 0.6117662652945606,
    "eval_acc": 0.6355784469096672
}