{
    "eval_recall": 0.9631604992577115,
    "eval_precision": 0.9440582053354891,
    "eval_f1": 0.953513690054978,
    "eval_mcc": 0.9062723091706775,
    "eval_acc": 0.9530433826359488,
    "eval_threshold": 0.5
}