{
    "eval_recall": 0.2621268770411042,
    "eval_precision": 0.386583338977307,
    "eval_f1": 0.2842327359121518,
    "eval_mcc": 0.6450353574641229,
    "eval_acc": 0.6736250295499162
}