{
    "eval_recall": 0.3004551650518783,
    "eval_precision": 0.3905489270857109,
    "eval_f1": 0.31167116710371934,
    "eval_mcc": 0.8233588939916986,
    "eval_acc": 0.8317214211762329
}