{
    "eval_recall": 0.9922472095452796,
    "eval_precision": 0.9516426725729051,
    "eval_f1": 0.9715208613728129,
    "eval_mcc": 0.9426850704128908,
    "eval_acc": 0.970913289712432,
    "eval_threshold": 0.5
}