{
    "eval_recall": 0.8460623799506083,
    "eval_precision": 0.8467594287806665,
    "eval_f1": 0.8464107608546462,
    "eval_mcc": 0.6929481905190438,
    "eval_acc": 0.8464739778651789,
    "eval_threshold": 0.5
}