{
    "eval_recall": 0.9372542852649788,
    "eval_precision": 0.873004247839461,
    "eval_f1": 0.9039890793265585,
    "eval_mcc": 0.8040855586628142,
    "eval_acc": 0.9009312152750606,
    "eval_threshold": 0.5
}