{
    "eval_recall": 0.7555237847673512,
    "eval_precision": 0.6390721196130167,
    "eval_f1": 0.692435973793925,
    "eval_mcc": 0.33442669611352055,
    "eval_acc": 0.6644138289576293,
    "eval_threshold": 0.5
}