{
    "eval_recall": 0.9266657354379103,
    "eval_precision": 0.8817118553960659,
    "eval_f1": 0.9036300483552407,
    "eval_mcc": 0.8035207585814464,
    "eval_acc": 0.9012354296084316,
    "eval_threshold": 0.5
}