{
    "eval_recall": 0.9795970415710278,
    "eval_precision": 0.7726815530074431,
    "eval_f1": 0.8639226270805218,
    "eval_mcc": 0.7176142262943175,
    "eval_acc": 0.8457026268808977,
    "eval_threshold": 0.5
}