{
    "eval_recall": 0.9497136471574242,
    "eval_precision": 0.9456189151599443,
    "eval_f1": 0.9476618579691964,
    "eval_mcc": 0.8951716046448194,
    "eval_acc": 0.9475814894953584,
    "eval_threshold": 0.5
}