{
    "eval_recall": 0.968727789623312,
    "eval_precision": 0.8561557788944724,
    "eval_f1": 0.9089696565521841,
    "eval_mcc": 0.813028781241209,
    "eval_acc": 0.9029850746268657,
    "eval_threshold": 0.5
}