{
    "eval_recall": 0.9895653247715486,
    "eval_precision": 0.943042071197411,
    "eval_f1": 0.9657437257087765,
    "eval_mcc": 0.930915572437125,
    "eval_acc": 0.9648911533117184,
    "eval_threshold": 0.5
}