{
    "eval_recall": 0.9691369347885903,
    "eval_precision": 0.9230399650578729,
    "eval_f1": 0.9455269457059126,
    "eval_mcc": 0.8894433330963802,
    "eval_acc": 0.9441667430982299,
    "eval_threshold": 0.5
}