{
    "eval_recall": 0.23162853018732887,
    "eval_precision": 0.34008298670634135,
    "eval_f1": 0.2474324862109252,
    "eval_mcc": 0.632787691645235,
    "eval_acc": 0.6639837567680134
}