{
    "eval_recall": 0.908646459002654,
    "eval_precision": 0.8680277555377636,
    "eval_f1": 0.8878727905548351,
    "eval_mcc": 0.771493511401286,
    "eval_acc": 0.8853214210930411,
    "eval_threshold": 0.5
}