{
    "eval_recall": 0.9385033341565818,
    "eval_precision": 0.9124744867331012,
    "eval_f1": 0.9253058988251049,
    "eval_mcc": 0.8487929726162966,
    "eval_acc": 0.9242241778601205,
    "eval_threshold": 0.5
}