{
    "eval_recall": 0.9511245960029022,
    "eval_precision": 0.9171861086375779,
    "eval_f1": 0.933847100346469,
    "eval_mcc": 0.8658393167000024,
    "eval_acc": 0.9326231778906404,
    "eval_threshold": 0.5
}