{
    "eval_recall": 0.36252441365455546,
    "eval_precision": 0.4919812457097365,
    "eval_f1": 0.38997217606761414,
    "eval_mcc": 0.870931288694795,
    "eval_acc": 0.8811014153125096
}