{
    "eval_recall": 0.9142160717093882,
    "eval_precision": 0.8535457348406988,
    "eval_f1": 0.882839787395596,
    "eval_mcc": 0.7604901203937798,
    "eval_acc": 0.8792550277799515,
    "eval_threshold": 0.5
}