{
    "eval_recall": 0.9878484631879915,
    "eval_precision": 0.9504814305364512,
    "eval_f1": 0.9688047669120226,
    "eval_mcc": 0.9371075956566712,
    "eval_acc": 0.9681915654038599,
    "eval_threshold": 0.5
}