{
    "eval_recall": 0.9646598686967454,
    "eval_precision": 0.9343796509268029,
    "eval_f1": 0.9492783505154638,
    "eval_mcc": 0.8974505528677147,
    "eval_acc": 0.9484888671738675,
    "eval_threshold": 0.5
}