{
    "eval_recall": 0.9750920987518558,
    "eval_precision": 0.9383565268003599,
    "eval_f1": 0.9563716766434774,
    "eval_mcc": 0.9117342993571861,
    "eval_acc": 0.9555176774619234,
    "eval_threshold": 0.5
}