{
    "eval_recall": 0.7536815146803256,
    "eval_precision": 0.87940234791889,
    "eval_f1": 0.8117027040338867,
    "eval_mcc": 0.6570740215522639,
    "eval_acc": 0.8251623525107473,
    "eval_threshold": 0.5
}