{
    "eval_recall": 0.7323698893258941,
    "eval_precision": 0.8934389645168489,
    "eval_f1": 0.8049258607690376,
    "eval_mcc": 0.6557641290580092,
    "eval_acc": 0.8225098326168481,
    "eval_threshold": 0.5
}