{
    "eval_recall": 0.9321434187765372,
    "eval_precision": 0.8662136489843636,
    "eval_f1": 0.897970004544766,
    "eval_mcc": 0.7915293857423473,
    "eval_acc": 0.8945926911338915,
    "eval_threshold": 0.5
}