{
    "eval_recall": 0.9456527576392245,
    "eval_precision": 0.9438786449399656,
    "eval_f1": 0.9447648684175227,
    "eval_mcc": 0.8894274881014871,
    "eval_acc": 0.944712958487729,
    "eval_threshold": 0.5
}