{
    "eval_recall": 0.9644633972992182,
    "eval_precision": 0.8314950980392157,
    "eval_f1": 0.8930569266205989,
    "eval_mcc": 0.7790376466866313,
    "eval_acc": 0.8845060412224591,
    "eval_threshold": 0.5
}