{
    "eval_recall": 0.7863270080582272,
    "eval_precision": 0.6440966677312893,
    "eval_f1": 0.7081406917539649,
    "eval_mcc": 0.3607376741819164,
    "eval_acc": 0.6759162984143489,
    "eval_threshold": 0.5
}