{
    "eval_recall": 0.9261434010734437,
    "eval_precision": 0.8503137766920776,
    "eval_f1": 0.8866101620482192,
    "eval_mcc": 0.76610312781413,
    "eval_acc": 0.8815270257869138,
    "eval_threshold": 0.5
}