{
    "eval_recall": 0.48427345983883546,
    "eval_precision": 0.6714723373580825,
    "eval_f1": 0.5627123763497697,
    "eval_mcc": 0.2575466739360067,
    "eval_acc": 0.6236677930855212,
    "eval_threshold": 0.5
}