{
    "eval_recall": 0.9897505556927636,
    "eval_precision": 0.9565580618212197,
    "eval_f1": 0.9728712751107604,
    "eval_mcc": 0.9453584096303196,
    "eval_acc": 0.9723946271421955,
    "eval_threshold": 0.5
}