{
    "eval_recall": 0.9891131027657117,
    "eval_precision": 0.9499894381073088,
    "eval_f1": 0.9691565875602725,
    "eval_mcc": 0.9378385960692718,
    "eval_acc": 0.9685214713806565,
    "eval_threshold": 0.5
}