{
    "eval_recall": 0.22919216209906385,
    "eval_precision": 0.33201835109003636,
    "eval_f1": 0.24572047281491036,
    "eval_mcc": 0.6225788856668134,
    "eval_acc": 0.6526882715097695
}