{
    "eval_recall": 0.7542824148328735,
    "eval_precision": 0.8325897599320161,
    "eval_f1": 0.7915039719940756,
    "eval_mcc": 0.6053007329509065,
    "eval_acc": 0.8013087829601591,
    "eval_threshold": 0.5
}