{
    "eval_recall": 0.9396563765889091,
    "eval_precision": 0.8960969761555881,
    "eval_f1": 0.9173598799945453,
    "eval_mcc": 0.8317960891904497,
    "eval_acc": 0.9154044810497661,
    "eval_threshold": 0.5
}