{
    "eval_recall": 0.29205901721134836,
    "eval_precision": 0.3801331911212166,
    "eval_f1": 0.30328546560112135,
    "eval_mcc": 0.8049126919554769,
    "eval_acc": 0.8136410696699579
}