{
    "eval_recall": 0.9527441421607171,
    "eval_precision": 0.9255270394133822,
    "eval_f1": 0.9389383959705541,
    "eval_mcc": 0.877062697384844,
    "eval_acc": 0.9383363330464043,
    "eval_threshold": 0.5
}