{
    "eval_recall": 0.9658848614072495,
    "eval_precision": 0.8451492537313433,
    "eval_f1": 0.9014925373134329,
    "eval_mcc": 0.797088058209558,
    "eval_acc": 0.894456289978678,
    "eval_threshold": 0.5
}