{
    "eval_recall": 0.9586840091813313,
    "eval_precision": 0.7963983050847457,
    "eval_f1": 0.8700381900243028,
    "eval_mcc": 0.7288870956627307,
    "eval_acc": 0.8567967355266514,
    "eval_threshold": 0.5
}