{
    "eval_recall": 0.7987084870848709,
    "eval_precision": 0.6656927571889897,
    "eval_f1": 0.7261595236098297,
    "eval_mcc": 0.40578471716019643,
    "eval_acc": 0.6988007380073801,
    "eval_threshold": 0.5
}