{
    "eval_recall": 0.6527883334846623,
    "eval_precision": 0.7265058044978759,
    "eval_f1": 0.6703523223496731,
    "eval_mcc": 0.9373642422125481,
    "eval_acc": 0.9409138932910723
}