{
    "eval_recall": 0.8281350041159792,
    "eval_precision": 0.8496621621621622,
    "eval_f1": 0.8387604798740099,
    "eval_mcc": 0.681825020185018,
    "eval_acc": 0.8408030732644288,
    "eval_threshold": 0.5
}