{
    "eval_recall": 0.976536597806682,
    "eval_precision": 0.7722872125857201,
    "eval_f1": 0.8624845140218493,
    "eval_mcc": 0.7140241072853459,
    "eval_acc": 0.8442999234889059,
    "eval_threshold": 0.5
}