{
    "eval_recall": 0.9818923743942872,
    "eval_precision": 0.7723169508525577,
    "eval_f1": 0.8645856725802831,
    "eval_mcc": 0.7194193792965625,
    "eval_acc": 0.846212700841622,
    "eval_threshold": 0.5
}