{
    "eval_recall": 0.9796187586570807,
    "eval_precision": 0.9336769975482492,
    "eval_f1": 0.9560963048796189,
    "eval_mcc": 0.9111359873247751,
    "eval_acc": 0.9550161598839126,
    "eval_threshold": 0.5
}