{
    "eval_recall": 0.9757931534859178,
    "eval_precision": 0.955437871351072,
    "eval_f1": 0.9655082395170501,
    "eval_mcc": 0.9304928377401923,
    "eval_acc": 0.9651408218455247,
    "eval_threshold": 0.5
}