{
    "eval_recall": 0.18508222649215786,
    "eval_precision": 0.29808265694873654,
    "eval_f1": 0.20384498670759862,
    "eval_mcc": 0.6523765153739959,
    "eval_acc": 0.6828092461474385
}