{
    "eval_recall": 0.9042302248781255,
    "eval_precision": 0.8424291260713501,
    "eval_f1": 0.8722363381243127,
    "eval_mcc": 0.7384196177716281,
    "eval_acc": 0.8681821738790203,
    "eval_threshold": 0.5
}