{
    "eval_recall": 0.9860459372684613,
    "eval_precision": 0.9637318206505341,
    "eval_f1": 0.9747611926633504,
    "eval_mcc": 0.9491812897716946,
    "eval_acc": 0.9744634861818743,
    "eval_threshold": 0.5
}