{
    "eval_recall": 0.935136918508743,
    "eval_precision": 0.9174003107198343,
    "eval_f1": 0.926183707479659,
    "eval_mcc": 0.8511293701637414,
    "eval_acc": 0.9254848924660245,
    "eval_threshold": 0.5
}