{
    "eval_recall": 0.9873261371569733,
    "eval_precision": 0.9895048439181916,
    "eval_f1": 0.9884142899384426,
    "eval_mcc": 0.9768564573669061,
    "eval_acc": 0.9884270447344397,
    "eval_threshold": 0.5
}