{
    "eval_recall": 0.8081039056068783,
    "eval_precision": 0.856353591160221,
    "eval_f1": 0.831529411764706,
    "eval_mcc": 0.6736210655813817,
    "eval_acc": 0.8362754962041525,
    "eval_threshold": 0.5
}