{
    "eval_recall": 0.6689628281778008,
    "eval_precision": 0.649299861233758,
    "eval_f1": 0.6589847000832214,
    "eval_mcc": 0.3077834821829337,
    "eval_acc": 0.6538211593449441,
    "eval_threshold": 0.5
}