{
    "eval_recall": 0.9218105108685682,
    "eval_precision": 0.8649683721330522,
    "eval_f1": 0.8924852924852925,
    "eval_mcc": 0.7795903443734375,
    "eval_acc": 0.8889525818582041,
    "eval_threshold": 0.5
}