{
    "eval_recall": 0.7800731378713031,
    "eval_precision": 0.8290604118369017,
    "eval_f1": 0.8038211086503819,
    "eval_mcc": 0.6203177991341832,
    "eval_acc": 0.8096169885160711,
    "eval_threshold": 0.5
}