{
    "eval_recall": 0.9073838319541693,
    "eval_precision": 0.8894781998284065,
    "eval_f1": 0.898341801567608,
    "eval_mcc": 0.7949810169026407,
    "eval_acc": 0.8974083790444392,
    "eval_threshold": 0.5
}