{
    "eval_recall": 0.9339293197373935,
    "eval_precision": 0.8881509032943677,
    "eval_f1": 0.9104650371076463,
    "eval_mcc": 0.8175216388699187,
    "eval_acc": 0.9082152579046555,
    "eval_threshold": 0.5
}