{
    "eval_recall": 0.3236283248508878,
    "eval_precision": 0.472834068760218,
    "eval_f1": 0.3529988891208609,
    "eval_mcc": 0.8595581718017109,
    "eval_acc": 0.8711995002082465
}