{
    "eval_recall": 0.9668227689466394,
    "eval_precision": 0.9581644659432605,
    "eval_f1": 0.9624741455727371,
    "eval_mcc": 0.9246469466688941,
    "eval_acc": 0.9623045973220764,
    "eval_threshold": 0.5
}