{
    "eval_recall": 0.9309088663867622,
    "eval_precision": 0.9110520273128285,
    "eval_f1": 0.9208734157886701,
    "eval_mcc": 0.8401865618452148,
    "eval_acc": 0.9199938243013741,
    "eval_threshold": 0.5
}