{
    "eval_recall": 0.6235965868993392,
    "eval_precision": 0.9053651266766021,
    "eval_f1": 0.7385176461649509,
    "eval_mcc": 0.5875954626210461,
    "eval_acc": 0.7792070315006094,
    "eval_threshold": 0.5
}