{
    "eval_recall": 0.20228160220048677,
    "eval_precision": 0.31018111375731056,
    "eval_f1": 0.22341314394816678,
    "eval_mcc": 0.6608609758374018,
    "eval_acc": 0.6770678165425323
}