{
    "eval_recall": 0.8888112864925269,
    "eval_precision": 0.8610284167794316,
    "eval_f1": 0.8746992920475634,
    "eval_mcc": 0.7459084192086093,
    "eval_acc": 0.872757730159838,
    "eval_threshold": 0.5
}