{
    "eval_recall": 0.8662764108661849,
    "eval_precision": 0.8281741867785939,
    "eval_f1": 0.8467969064330099,
    "eval_mcc": 0.6872730788701253,
    "eval_acc": 0.8432726607518521,
    "eval_threshold": 0.5
}