{
    "eval_recall": 0.9866016300321067,
    "eval_precision": 0.9578587699316629,
    "eval_f1": 0.97201776263763,
    "eval_mcc": 0.9436083198936561,
    "eval_acc": 0.9715917863208275,
    "eval_threshold": 0.5
}