{
    "eval_recall": 0.9923021938747457,
    "eval_precision": 0.9608667873495901,
    "eval_f1": 0.9763315210040845,
    "eval_mcc": 0.952398531606107,
    "eval_acc": 0.9759443558585803,
    "eval_threshold": 0.5
}