{
    "eval_recall": 0.975006375924509,
    "eval_precision": 0.8237448825684119,
    "eval_f1": 0.8930156505489371,
    "eval_mcc": 0.7796431276611528,
    "eval_acc": 0.8831930629941341,
    "eval_threshold": 0.5
}