{
    "eval_recall": 0.682479854432025,
    "eval_precision": 0.6259387292883538,
    "eval_f1": 0.6529876266865634,
    "eval_mcc": 0.27575690947066916,
    "eval_acc": 0.6373147907460359,
    "eval_threshold": 0.5
}