{
    "eval_recall": 0.5284763126859365,
    "eval_precision": 0.632705154519431,
    "eval_f1": 0.5537431514057318,
    "eval_mcc": 0.9088271649194585,
    "eval_acc": 0.9140253565768621
}