{
    "eval_recall": 0.984934293726288,
    "eval_precision": 0.9497375536822014,
    "eval_f1": 0.967015763334053,
    "eval_mcc": 0.9334503709112977,
    "eval_acc": 0.9664045746962115,
    "eval_threshold": 0.5
}