{
    "eval_recall": 0.9815209665955935,
    "eval_precision": 0.8551083591331269,
    "eval_f1": 0.913964262078094,
    "eval_mcc": 0.8242663358222284,
    "eval_acc": 0.9076048329779673,
    "eval_threshold": 0.5
}