{
    "eval_recall": 0.7880926413036505,
    "eval_precision": 0.8206293005544792,
    "eval_f1": 0.8040319413535804,
    "eval_mcc": 0.6163183235690619,
    "eval_acc": 0.8079168537884134,
    "eval_threshold": 0.5
}