{
    "eval_recall": 0.2997350219967496,
    "eval_precision": 0.4292800102789249,
    "eval_f1": 0.3207053277426911,
    "eval_mcc": 0.6338199528266962,
    "eval_acc": 0.663206138318142
}