{
    "eval_recall": 0.9530983669654148,
    "eval_precision": 0.9276463662635128,
    "eval_f1": 0.9402001464486209,
    "eval_mcc": 0.8790905049926766,
    "eval_acc": 0.9393797767636224,
    "eval_threshold": 0.5
}