{
    "eval_recall": 0.9614471294873586,
    "eval_precision": 0.9419734501163268,
    "eval_f1": 0.9516106733029172,
    "eval_mcc": 0.9024762591492964,
    "eval_acc": 0.9511412019264326,
    "eval_threshold": 0.5
}