{
    "eval_recall": 0.5073382053115842,
    "eval_precision": 0.6154530310624752,
    "eval_f1": 0.5355309934827954,
    "eval_mcc": 0.93625671875345,
    "eval_acc": 0.9411401967132241
}