{
    "eval_recall": 0.7714022140221403,
    "eval_precision": 0.6754442649434572,
    "eval_f1": 0.720241171403962,
    "eval_mcc": 0.4048442915636754,
    "eval_acc": 0.7003690036900369,
    "eval_threshold": 0.5
}