{
    "eval_recall": 0.9065890863343293,
    "eval_precision": 0.8744122554224177,
    "eval_f1": 0.8902100061766522,
    "eval_mcc": 0.7780029546656708,
    "eval_acc": 0.8887236872994757,
    "eval_threshold": 0.5
}