{
    "eval_recall": 0.9601913454665421,
    "eval_precision": 0.9355512696882031,
    "eval_f1": 0.9477111768377066,
    "eval_mcc": 0.8943554418284901,
    "eval_acc": 0.9470225985594106,
    "eval_threshold": 0.5
}