{
    "eval_recall": 0.9490897373932656,
    "eval_precision": 0.9313343170320405,
    "eval_f1": 0.9401282017182222,
    "eval_mcc": 0.8792747806640445,
    "eval_acc": 0.9395574888566672,
    "eval_threshold": 0.5
}