{
    "eval_recall": 0.9916973662506186,
    "eval_precision": 0.9627929322585811,
    "eval_f1": 0.9770314192849404,
    "eval_mcc": 0.953803210767039,
    "eval_acc": 0.9766866443063726,
    "eval_threshold": 0.5
}