{
    "eval_recall": 0.7299003018384707,
    "eval_precision": 0.8776946766388033,
    "eval_f1": 0.797003745318352,
    "eval_mcc": 0.6372900194071487,
    "eval_acc": 0.8140949419189609,
    "eval_threshold": 0.5
}