{
    "eval_recall": 0.9798448188788393,
    "eval_precision": 0.9355602314571279,
    "eval_f1": 0.9571905904514161,
    "eval_mcc": 0.9134300764893647,
    "eval_acc": 0.956202537453828,
    "eval_threshold": 0.5
}