{
    "eval_recall": 0.3421285962678063,
    "eval_precision": 0.46636443158681107,
    "eval_f1": 0.36393221164851264,
    "eval_mcc": 0.6090324909950654,
    "eval_acc": 0.6333069202324353
}