{
    "eval_recall": 0.23517156641717504,
    "eval_precision": 0.32495539883022795,
    "eval_f1": 0.2498315852840232,
    "eval_mcc": 0.6294812885388678,
    "eval_acc": 0.6607038733860892
}