{
    "eval_recall": 0.8777540867093105,
    "eval_precision": 0.822237017310253,
    "eval_f1": 0.8490890340323135,
    "eval_mcc": 0.6895622426719635,
    "eval_acc": 0.8439943141435678,
    "eval_threshold": 0.5
}