{
    "eval_recall": 0.8059087167291685,
    "eval_precision": 0.8612903225806452,
    "eval_f1": 0.8326796767944052,
    "eval_mcc": 0.6775202577353857,
    "eval_acc": 0.8380590871672917,
    "eval_threshold": 0.5
}