{
    "eval_recall": 0.9309412307895257,
    "eval_precision": 0.8977229360132298,
    "eval_f1": 0.9140303726969531,
    "eval_mcc": 0.8254449225987368,
    "eval_acc": 0.912439812677264,
    "eval_threshold": 0.5
}