{
    "eval_recall": 0.3432656027309153,
    "eval_precision": 0.4681325588443882,
    "eval_f1": 0.3654020656362499,
    "eval_mcc": 0.80735743312577,
    "eval_acc": 0.8167084206759037
}