{
    "eval_recall": 0.7759029960864823,
    "eval_precision": 0.8322323148912745,
    "eval_f1": 0.8030811115906903,
    "eval_mcc": 0.6209145025231686,
    "eval_acc": 0.8097453005709886,
    "eval_threshold": 0.5
}