{
    "eval_recall": 0.9780357496207375,
    "eval_precision": 0.9196799603051541,
    "eval_f1": 0.9479606188466948,
    "eval_mcc": 0.8944215927659502,
    "eval_acc": 0.9463096101840248,
    "eval_threshold": 0.5
}