{
    "eval_recall": 0.9715707178393745,
    "eval_precision": 0.8624605678233438,
    "eval_f1": 0.9137700534759358,
    "eval_mcc": 0.8232456677699982,
    "eval_acc": 0.908315565031983,
    "eval_threshold": 0.5
}