{
    "eval_recall": 0.9888381811183813,
    "eval_precision": 0.9391613139067314,
    "eval_f1": 0.9633597600171416,
    "eval_mcc": 0.9260778689103902,
    "eval_acc": 0.9623907186451861,
    "eval_threshold": 0.5
}