{
    "eval_recall": 0.7768011804709053,
    "eval_precision": 0.8190489075289183,
    "eval_f1": 0.797365821534409,
    "eval_mcc": 0.6059905069434308,
    "eval_acc": 0.8025919035093347,
    "eval_threshold": 0.5
}