{
    "eval_recall": 0.9672715275486639,
    "eval_precision": 0.945741935483871,
    "eval_f1": 0.9563855814712119,
    "eval_mcc": 0.9120324035645403,
    "eval_acc": 0.9558978757091965,
    "eval_threshold": 0.5
}