{
    "eval_recall": 0.72619926199262,
    "eval_precision": 0.74914350970689,
    "eval_f1": 0.7374929735806633,
    "eval_mcc": 0.48325253658022344,
    "eval_acc": 0.7415129151291513,
    "eval_threshold": 0.5
}