{
    "eval_recall": 0.9739062643309181,
    "eval_precision": 0.9338639461765094,
    "eval_f1": 0.9534648797898848,
    "eval_mcc": 0.9057674460223654,
    "eval_acc": 0.9524672108593965,
    "eval_threshold": 0.5
}