{
    "eval_recall": 0.4566677945397345,
    "eval_precision": 0.6048281662570912,
    "eval_f1": 0.4875324864027055,
    "eval_mcc": 0.8969487404652794,
    "eval_acc": 0.9050208558628148
}