{
    "eval_recall": 0.9193984723106302,
    "eval_precision": 0.90252284620792,
    "eval_f1": 0.9108825036458948,
    "eval_mcc": 0.8204019552792114,
    "eval_acc": 0.9101279910962715,
    "eval_threshold": 0.5
}