{
    "eval_recall": 0.9275143220878421,
    "eval_precision": 0.910703125,
    "eval_f1": 0.9190318511510565,
    "eval_mcc": 0.8368568294392833,
    "eval_acc": 0.9183559901423006,
    "eval_threshold": 0.5
}