{
    "eval_recall": 0.926482151281648,
    "eval_precision": 0.8714592115967754,
    "eval_f1": 0.8981287396623345,
    "eval_mcc": 0.7924518581281469,
    "eval_acc": 0.8954143516707097,
    "eval_threshold": 0.5
}