{
    "eval_recall": 0.685239852398524,
    "eval_precision": 0.7091846476990643,
    "eval_f1": 0.6970066622876983,
    "eval_mcc": 0.40447415778839674,
    "eval_acc": 0.7021217712177121,
    "eval_threshold": 0.5
}