{
    "eval_recall": 0.6507345865144031,
    "eval_precision": 0.8840756558877364,
    "eval_f1": 0.7496674057649667,
    "eval_mcc": 0.5861936881113501,
    "eval_acc": 0.782703534997113,
    "eval_threshold": 0.5
}