{
    "eval_recall": 0.9393677451222524,
    "eval_precision": 0.9128765150606024,
    "eval_f1": 0.9259326882113078,
    "eval_mcc": 0.8500407033178979,
    "eval_acc": 0.9248417477227111,
    "eval_threshold": 0.5
}