{
    "eval_recall": 0.702094576054148,
    "eval_precision": 0.8984082397003745,
    "eval_f1": 0.7882117369204703,
    "eval_mcc": 0.6381227271494814,
    "eval_acc": 0.8113509558218238,
    "eval_threshold": 0.5
}