{
    "eval_recall": 0.9864960909737029,
    "eval_precision": 0.8536285362853628,
    "eval_f1": 0.9152654137817342,
    "eval_mcc": 0.8274263541828005,
    "eval_acc": 0.9086709310589908,
    "eval_threshold": 0.5
}