{
    "eval_recall": 0.9129766727196535,
    "eval_precision": 0.8868385345997286,
    "eval_f1": 0.8997178057677747,
    "eval_mcc": 0.7969572649481795,
    "eval_acc": 0.8983039017240176,
    "eval_threshold": 0.5
}