{
    "eval_recall": 0.9163290962424919,
    "eval_precision": 0.8451430043803143,
    "eval_f1": 0.8792976342068226,
    "eval_mcc": 0.7512658609731119,
    "eval_acc": 0.8742932923850073,
    "eval_threshold": 0.5
}