{
    "eval_recall": 0.9869103482341319,
    "eval_precision": 0.9604614829948324,
    "eval_f1": 0.9735063036725744,
    "eval_mcc": 0.9466302528958965,
    "eval_acc": 0.9731357109773043,
    "eval_threshold": 0.5
}