{
    "eval_recall": 0.9671387651177594,
    "eval_precision": 0.9622387587080431,
    "eval_f1": 0.9646825396825398,
    "eval_mcc": 0.9292594461190677,
    "eval_acc": 0.9646235789808411,
    "eval_threshold": 0.5
}