{
    "eval_recall": 0.9645968999357974,
    "eval_precision": 0.9053501484956743,
    "eval_f1": 0.9340349474899532,
    "eval_mcc": 0.8656085622967526,
    "eval_acc": 0.9318765477391544,
    "eval_threshold": 0.5
}