{
    "eval_recall": 0.787643549111439,
    "eval_precision": 0.8330732170726742,
    "eval_f1": 0.8097216726025589,
    "eval_mcc": 0.6307582965891131,
    "eval_acc": 0.8149098607814205,
    "eval_threshold": 0.5
}