{
    "eval_recall": 0.8059040590405904,
    "eval_precision": 0.6222222222222222,
    "eval_f1": 0.7022508038585209,
    "eval_mcc": 0.3313729438611595,
    "eval_acc": 0.6583025830258302,
    "eval_threshold": 0.5
}