{
    "eval_recall": 0.9770463689730229,
    "eval_precision": 0.9479713298348905,
    "eval_f1": 0.9622892779419886,
    "eval_mcc": 0.9238565751123915,
    "eval_acc": 0.9617109689334477,
    "eval_threshold": 0.5
}