{
    "eval_recall": 0.9773017087477684,
    "eval_precision": 0.7780710659898478,
    "eval_f1": 0.8663802848745197,
    "eval_mcc": 0.722637841959306,
    "eval_acc": 0.8492731446059678,
    "eval_threshold": 0.5
}