{
    "eval_recall": 0.9560173997100049,
    "eval_precision": 0.9592111643946334,
    "eval_f1": 0.9576116191500808,
    "eval_mcc": 0.9153694474929076,
    "eval_acc": 0.9576821867783685,
    "eval_threshold": 0.5
}