{
    "eval_recall": 0.7400571874187679,
    "eval_precision": 0.6651869158878505,
    "eval_f1": 0.7006275378368402,
    "eval_mcc": 0.36990973983016295,
    "eval_acc": 0.6837795684949312,
    "eval_threshold": 0.5
}