{
    "eval_recall": 0.694280442804428,
    "eval_precision": 0.7263076626133951,
    "eval_f1": 0.7099330251863031,
    "eval_mcc": 0.4330780812178296,
    "eval_acc": 0.7163284132841329,
    "eval_threshold": 0.5
}