{
    "eval_recall": 0.45325360212222143,
    "eval_precision": 0.5777354031917016,
    "eval_f1": 0.48556959040750886,
    "eval_mcc": 0.917311015717048,
    "eval_acc": 0.9236888354453797
}