{
    "eval_recall": 0.9797238405431442,
    "eval_precision": 0.9427474176745828,
    "eval_f1": 0.9608800305941106,
    "eval_mcc": 0.9209156366408253,
    "eval_acc": 0.9601036982655777,
    "eval_threshold": 0.5
}