{
    "eval_recall": 0.7537050105857446,
    "eval_precision": 0.8489052677216562,
    "eval_f1": 0.798477536872154,
    "eval_mcc": 0.6234877911518215,
    "eval_acc": 0.809777378584718,
    "eval_threshold": 0.5
}