{
    "eval_recall": 0.6160644658175202,
    "eval_precision": 0.6369255576457942,
    "eval_f1": 0.626321353065539,
    "eval_mcc": 0.26502391577569073,
    "eval_acc": 0.6324408630101378,
    "eval_threshold": 0.5
}