{
    "eval_recall": 0.9645201843832938,
    "eval_precision": 0.9375424304141209,
    "eval_f1": 0.9508399889837511,
    "eval_mcc": 0.9007022988418608,
    "eval_acc": 0.9501640259649613,
    "eval_threshold": 0.5
}