{
    "eval_recall": 0.7052044269642367,
    "eval_precision": 0.8945353289244692,
    "eval_f1": 0.7886661211129296,
    "eval_mcc": 0.6364811796062406,
    "eval_acc": 0.8110308241104912,
    "eval_threshold": 0.5
}