{
    "eval_recall": 0.8389654276059267,
    "eval_precision": 0.6156413924654268,
    "eval_f1": 0.7101600748115958,
    "eval_mcc": 0.3382178924016769,
    "eval_acc": 0.657590330127372,
    "eval_threshold": 0.5
}