{
    "eval_recall": 0.9778327832783278,
    "eval_precision": 0.9278667988934705,
    "eval_f1": 0.952194756153084,
    "eval_mcc": 0.9031256029164239,
    "eval_acc": 0.9509075907590759,
    "eval_threshold": 0.5
}