{
    "eval_recall": 0.9408314205559806,
    "eval_precision": 0.7699853892715508,
    "eval_f1": 0.8468778696051423,
    "eval_mcc": 0.6766471227859477,
    "eval_acc": 0.8298903340984443,
    "eval_threshold": 0.5
}