{
    "eval_recall": 0.9546211266849256,
    "eval_precision": 0.9454313370917987,
    "eval_f1": 0.9500040082302328,
    "eval_mcc": 0.8995645425380642,
    "eval_acc": 0.9497610225014769,
    "eval_threshold": 0.5
}