{
    "eval_recall": 0.9416925004946903,
    "eval_precision": 0.9207403585708758,
    "eval_f1": 0.9310985750154889,
    "eval_mcc": 0.8608521600716967,
    "eval_acc": 0.9303146230459732,
    "eval_threshold": 0.5
}