{
    "eval_recall": 0.9904290429042905,
    "eval_precision": 0.9539602649006622,
    "eval_f1": 0.9718526514640399,
    "eval_mcc": 0.9433188182490352,
    "eval_acc": 0.9713146314631463,
    "eval_threshold": 0.5
}