{
    "eval_recall": 0.9569541693189052,
    "eval_precision": 0.932397860299248,
    "eval_f1": 0.9445164330309813,
    "eval_mcc": 0.8879798878256348,
    "eval_acc": 0.9438349630336275,
    "eval_threshold": 0.5
}