{
    "eval_recall": 0.9466950959488273,
    "eval_precision": 0.8288736776602365,
    "eval_f1": 0.8838752488387525,
    "eval_mcc": 0.7589504343942525,
    "eval_acc": 0.8756218905472637,
    "eval_threshold": 0.5
}