{
    "eval_recall": 0.925166327596635,
    "eval_precision": 0.9022951522951523,
    "eval_f1": 0.9135876204696621,
    "eval_mcc": 0.8252500375023684,
    "eval_acc": 0.9124924396546984,
    "eval_threshold": 0.5
}