{
    "eval_recall": 0.6500930262398152,
    "eval_precision": 0.8825117575335307,
    "eval_f1": 0.7486793010454764,
    "eval_mcc": 0.5841691824956439,
    "eval_acc": 0.7817732725989607,
    "eval_threshold": 0.5
}