{
    "eval_recall": 0.9751243781094527,
    "eval_precision": 0.8618090452261307,
    "eval_f1": 0.914971657219073,
    "eval_mcc": 0.8259339999910694,
    "eval_acc": 0.9093816631130064,
    "eval_threshold": 0.5
}