{
    "eval_recall": 0.9357893061744113,
    "eval_precision": 0.8956667428223288,
    "eval_f1": 0.9152885326277287,
    "eval_mcc": 0.8277698662447751,
    "eval_acc": 0.9134668892598776,
    "eval_threshold": 0.5
}