{
    "eval_recall": 0.9523509985846831,
    "eval_precision": 0.9074698434105042,
    "eval_f1": 0.9293688854786111,
    "eval_mcc": 0.8570044187669545,
    "eval_acc": 0.927967759605603,
    "eval_threshold": 0.5
}