{
    "eval_recall": 0.6951431446080674,
    "eval_precision": 0.9107249850209707,
    "eval_f1": 0.7884635335615728,
    "eval_mcc": 0.6453419279933276,
    "eval_acc": 0.8135004115979145,
    "eval_threshold": 0.5
}