{
    "eval_recall": 0.673445820234811,
    "eval_precision": 0.870614580741478,
    "eval_f1": 0.7594414701200983,
    "eval_mcc": 0.5886569249288441,
    "eval_acc": 0.7866812086995574,
    "eval_threshold": 0.5
}