{
    "eval_recall": 0.9323793049221576,
    "eval_precision": 0.8608973428198055,
    "eval_f1": 0.8952136494035935,
    "eval_mcc": 0.7855339720413539,
    "eval_acc": 0.8913843023710776,
    "eval_threshold": 0.5
}