{
    "eval_recall": 0.24927270317355993,
    "eval_precision": 0.34456674948584287,
    "eval_f1": 0.26541414371810135,
    "eval_mcc": 0.6407823612923783,
    "eval_acc": 0.6715118700541441
}