{
    "eval_recall": 0.4363442742252617,
    "eval_precision": 0.5574283256058821,
    "eval_f1": 0.46577312415423605,
    "eval_mcc": 0.8798797487836009,
    "eval_acc": 0.8893660847623461
}