{
    "eval_recall": 0.22905467615157507,
    "eval_precision": 0.33001393096160625,
    "eval_f1": 0.24290802980768703,
    "eval_mcc": 0.6229329370880028,
    "eval_acc": 0.65509162848813
}