{
    "eval_recall": 0.32800223480721447,
    "eval_precision": 0.45555953420116974,
    "eval_f1": 0.3486099099075725,
    "eval_mcc": 0.6094065129664203,
    "eval_acc": 0.6330163761225568
}