{
    "eval_recall": 0.21915425012370443,
    "eval_precision": 0.30712732443610014,
    "eval_f1": 0.23100205549801578,
    "eval_mcc": 0.5818774408736838,
    "eval_acc": 0.6071051241415742
}