{
    "eval_recall": 0.2172880035023203,
    "eval_precision": 0.30746391740450224,
    "eval_f1": 0.23217299315832518,
    "eval_mcc": 0.5970955365199557,
    "eval_acc": 0.6174844069594202
}