{
    "eval_recall": 0.960556691511114,
    "eval_precision": 0.9211841356189512,
    "eval_f1": 0.9404585082337746,
    "eval_mcc": 0.8791755512048568,
    "eval_acc": 0.9391860695204802,
    "eval_threshold": 0.5
}