{
    "eval_recall": 0.6638939433324669,
    "eval_precision": 0.6336682793698052,
    "eval_f1": 0.6484290701364646,
    "eval_mcc": 0.28040755986473903,
    "eval_acc": 0.6400441902781389,
    "eval_threshold": 0.5
}