{
    "eval_recall": 0.9717722912407611,
    "eval_precision": 0.9236920777279521,
    "eval_f1": 0.9471223848570771,
    "eval_mcc": 0.893233386731097,
    "eval_acc": 0.9460051647233743,
    "eval_threshold": 0.5
}