{
    "eval_recall": 0.9118038657545567,
    "eval_precision": 0.8505717589618399,
    "eval_f1": 0.8801240859738534,
    "eval_mcc": 0.753724214549312,
    "eval_acc": 0.8758804230619222,
    "eval_threshold": 0.5
}