{
    "eval_recall": 0.6590139943290954,
    "eval_precision": 0.939374185136897,
    "eval_f1": 0.7746062463043595,
    "eval_mcc": 0.6459207245417983,
    "eval_acc": 0.8082411049117351,
    "eval_threshold": 0.5
}