{
    "eval_recall": 0.9294901391728778,
    "eval_precision": 0.9113367393131993,
    "eval_f1": 0.9203239289446187,
    "eval_mcc": 0.8392272620145633,
    "eval_acc": 0.9195303739858849,
    "eval_threshold": 0.5
}