{
    "eval_recall": 0.9877130155593974,
    "eval_precision": 0.9537351696178382,
    "eval_f1": 0.9704267645363827,
    "eval_mcc": 0.9403837045023992,
    "eval_acc": 0.9698934691987031,
    "eval_threshold": 0.5
}