{
    "eval_recall": 0.7114391143911439,
    "eval_precision": 0.6930265995686556,
    "eval_f1": 0.7021121631463948,
    "eval_mcc": 0.396449909392241,
    "eval_acc": 0.6981549815498155,
    "eval_threshold": 0.5
}