{
    "eval_recall": 0.8495380956736486,
    "eval_precision": 0.831810854379366,
    "eval_f1": 0.8405810217656907,
    "eval_mcc": 0.6779185338191699,
    "eval_acc": 0.8388822829964329,
    "eval_threshold": 0.5
}