{
    "eval_recall": 0.984479888298158,
    "eval_precision": 0.9853794882820899,
    "eval_f1": 0.9849294828744123,
    "eval_mcc": 0.969873128525386,
    "eval_acc": 0.9849363621717416,
    "eval_threshold": 0.5
}