{
    "eval_recall": 0.9353233830845771,
    "eval_precision": 0.8302839116719243,
    "eval_f1": 0.8796791443850267,
    "eval_mcc": 0.7501638069235753,
    "eval_acc": 0.8720682302771855,
    "eval_threshold": 0.5
}