{
    "eval_recall": 0.7902214022140222,
    "eval_precision": 0.7019010160603081,
    "eval_f1": 0.7434473181739282,
    "eval_mcc": 0.4582548537721564,
    "eval_acc": 0.7273062730627307,
    "eval_threshold": 0.5
}