{
    "eval_recall": 0.22490188048681642,
    "eval_precision": 0.3105616710290348,
    "eval_f1": 0.23680317721248711,
    "eval_mcc": 0.6174029794980765,
    "eval_acc": 0.650052061640983
}