{
    "eval_recall": 0.7289667896678966,
    "eval_precision": 0.6891679748822606,
    "eval_f1": 0.7085089213664485,
    "eval_mcc": 0.400853474399283,
    "eval_acc": 0.7000922509225093,
    "eval_threshold": 0.5
}