{
    "eval_recall": 0.943846905992457,
    "eval_precision": 0.9153345976700081,
    "eval_f1": 0.9293721202118149,
    "eval_mcc": 0.8570524342493747,
    "eval_acc": 0.9283171633977804,
    "eval_threshold": 0.5
}