{
    "eval_recall": 0.9233133119150719,
    "eval_precision": 0.8953000135446295,
    "eval_f1": 0.9090909090909092,
    "eval_mcc": 0.8158558419740215,
    "eval_acc": 0.9077266699239199,
    "eval_threshold": 0.5
}