{
    "eval_recall": 0.9703630526055816,
    "eval_precision": 0.9439039039039039,
    "eval_f1": 0.9569506180356817,
    "eval_mcc": 0.9130340361404318,
    "eval_acc": 0.9563378107148371,
    "eval_threshold": 0.5
}