{
    "eval_recall": 0.988998899889989,
    "eval_precision": 0.9569938258462849,
    "eval_f1": 0.9727331746375244,
    "eval_mcc": 0.9450831208578132,
    "eval_acc": 0.9722772277227723,
    "eval_threshold": 0.5
}