{
    "eval_recall": 0.8328413284132842,
    "eval_precision": 0.6177637881483509,
    "eval_f1": 0.7093580576726645,
    "eval_mcc": 0.3387189527579416,
    "eval_acc": 0.6587638376383764,
    "eval_threshold": 0.5
}