{
    "eval_recall": 0.7114391143911439,
    "eval_precision": 0.7127541589648798,
    "eval_f1": 0.712096029547553,
    "eval_mcc": 0.4247239701330517,
    "eval_acc": 0.7123616236162361,
    "eval_threshold": 0.5
}