{
    "eval_recall": 0.9350526812391885,
    "eval_precision": 0.8715919085312225,
    "eval_f1": 0.9022077232379939,
    "eval_mcc": 0.8004308067173572,
    "eval_acc": 0.8991313874325064,
    "eval_threshold": 0.5
}