{
    "eval_recall": 0.9646826376883181,
    "eval_precision": 0.9389987379049222,
    "eval_f1": 0.9516674280493376,
    "eval_mcc": 0.9023288329991309,
    "eval_acc": 0.9509958314034275,
    "eval_threshold": 0.5
}