{
    "eval_recall": 0.9921372408863474,
    "eval_precision": 0.950935441370224,
    "eval_f1": 0.9710995102524084,
    "eval_mcc": 0.9418312885047464,
    "eval_acc": 0.9704734150767031,
    "eval_threshold": 0.5
}