{
    "eval_recall": 0.34463813783538544,
    "eval_precision": 0.4557991109009008,
    "eval_f1": 0.3637545969988817,
    "eval_mcc": 0.8066796266612738,
    "eval_acc": 0.8160948923769109
}