{
    "eval_recall": 0.9764113854379619,
    "eval_precision": 0.9394054013162871,
    "eval_f1": 0.9575509889347265,
    "eval_mcc": 0.9145600731401302,
    "eval_acc": 0.9569215118553878,
    "eval_threshold": 0.5
}