{
    "eval_recall": 0.2254914396698186,
    "eval_precision": 0.3126193309545347,
    "eval_f1": 0.23902664421540545,
    "eval_mcc": 0.6908206027660517,
    "eval_acc": 0.7060688174242037
}