{
    "eval_recall": 0.9866280006444337,
    "eval_precision": 0.9902441653640921,
    "eval_f1": 0.9884327755958466,
    "eval_mcc": 0.9769143061574364,
    "eval_acc": 0.9884538961387681,
    "eval_threshold": 0.5
}