{
    "eval_recall": 0.9869720918745369,
    "eval_precision": 0.9707293374628044,
    "eval_f1": 0.978783332823072,
    "eval_mcc": 0.95733633630619,
    "eval_acc": 0.9786012042612321,
    "eval_threshold": 0.5
}