{
    "eval_recall": 0.6989862230309332,
    "eval_precision": 0.6468607168631224,
    "eval_f1": 0.6719140429785107,
    "eval_mcc": 0.31842570702782097,
    "eval_acc": 0.6586950870808422,
    "eval_threshold": 0.5
}