{
    "eval_recall": 0.25765455766701884,
    "eval_precision": 0.33891694372499687,
    "eval_f1": 0.2686353380270934,
    "eval_mcc": 0.790872629587216,
    "eval_acc": 0.8005858437918234
}