{
    "eval_recall": 0.7058747075643359,
    "eval_precision": 0.6304120719674986,
    "eval_f1": 0.6660126310626036,
    "eval_mcc": 0.2941608648569641,
    "eval_acc": 0.6460228749675071,
    "eval_threshold": 0.5
}