{
    "eval_recall": 0.9916941694169417,
    "eval_precision": 0.9572073267852402,
    "eval_f1": 0.974145616641902,
    "eval_mcc": 0.9479752002162672,
    "eval_acc": 0.9736798679867987,
    "eval_threshold": 0.5
}