{
    "eval_recall": 0.43113227319337677,
    "eval_precision": 0.5531807290540202,
    "eval_f1": 0.460340318613758,
    "eval_mcc": 0.876677511420067,
    "eval_acc": 0.8864308151810083
}