{
    "eval_recall": 0.9071394873407769,
    "eval_precision": 0.848433593175467,
    "eval_f1": 0.8768049855601155,
    "eval_mcc": 0.7481550544086251,
    "eval_acc": 0.873151263792159,
    "eval_threshold": 0.5
}