{
    "eval_recall": 0.9120884160322847,
    "eval_precision": 0.8600648648648649,
    "eval_f1": 0.8853130355433888,
    "eval_mcc": 0.7650898273727694,
    "eval_acc": 0.8818444464826195,
    "eval_threshold": 0.5
}