{
    "eval_recall": 0.9287078294080203,
    "eval_precision": 0.8906524227394125,
    "eval_f1": 0.9092821251898882,
    "eval_mcc": 0.8156003983655057,
    "eval_acc": 0.9074250735352571,
    "eval_threshold": 0.5
}