{
    "eval_recall": 0.7580034644254827,
    "eval_precision": 0.8501223197582386,
    "eval_f1": 0.8014244531117517,
    "eval_mcc": 0.6280646480395642,
    "eval_acc": 0.8121832296144222,
    "eval_threshold": 0.5
}