{
    "eval_recall": 0.968727789623312,
    "eval_precision": 0.8418777022853613,
    "eval_f1": 0.9008592200925314,
    "eval_mcc": 0.7958665353827133,
    "eval_acc": 0.8933901918976546,
    "eval_threshold": 0.5
}