{
    "eval_recall": 0.727859778597786,
    "eval_precision": 0.7171423377567715,
    "eval_f1": 0.722461313066569,
    "eval_mcc": 0.44082413789091246,
    "eval_acc": 0.7203874538745387,
    "eval_threshold": 0.5
}