{
    "eval_recall": 0.9530916844349681,
    "eval_precision": 0.8339552238805971,
    "eval_f1": 0.8895522388059702,
    "eval_mcc": 0.7712365536189777,
    "eval_acc": 0.8816631130063965,
    "eval_threshold": 0.5
}