{
    "eval_recall": 0.9760998210927107,
    "eval_precision": 0.9542987845898552,
    "eval_f1": 0.9650761973875182,
    "eval_mcc": 0.9295806945263704,
    "eval_acc": 0.9646691750022942,
    "eval_threshold": 0.5
}