{
    "eval_recall": 0.9392986318603554,
    "eval_precision": 0.8879803761242846,
    "eval_f1": 0.9129188796759774,
    "eval_mcc": 0.8230672682701458,
    "eval_acc": 0.9108302684091087,
    "eval_threshold": 0.5
}