{
    "eval_recall": 0.9920272722274152,
    "eval_precision": 0.9513313999472713,
    "eval_f1": 0.9712532299741602,
    "eval_mcc": 0.9421391603416605,
    "eval_acc": 0.9706383680651014,
    "eval_threshold": 0.5
}