{
    "eval_recall": 0.2791532529514742,
    "eval_precision": 0.407220620482752,
    "eval_f1": 0.3021855285369118,
    "eval_mcc": 0.6115439907570863,
    "eval_acc": 0.6312439286262079
}