{
    "eval_recall": 0.9353233830845771,
    "eval_precision": 0.8266331658291457,
    "eval_f1": 0.877625875291764,
    "eval_mcc": 0.7456348611030488,
    "eval_acc": 0.8695806680881307,
    "eval_threshold": 0.5
}