{
    "eval_recall": 0.9926320998515423,
    "eval_precision": 0.9639062416573229,
    "eval_f1": 0.9780582945064471,
    "eval_mcc": 0.9558872634008814,
    "eval_acc": 0.9777313465662286,
    "eval_threshold": 0.5
}