{
    "eval_recall": 0.592619926199262,
    "eval_precision": 0.7469767441860465,
    "eval_f1": 0.6609053497942388,
    "eval_mcc": 0.40052664285468104,
    "eval_acc": 0.6959409594095941,
    "eval_threshold": 0.5
}