{
    "eval_recall": 0.6107653814075833,
    "eval_precision": 0.9037402696031896,
    "eval_f1": 0.7289154320278702,
    "eval_mcc": 0.5768645815695835,
    "eval_acc": 0.7728555847821903,
    "eval_threshold": 0.5
}