{
    "eval_recall": 0.22874688773495444,
    "eval_precision": 0.21458502008303498,
    "eval_f1": 0.20829772457481674,
    "eval_mcc": 0.5896418447207649,
    "eval_acc": 0.6135499207606973
}