{
    "eval_recall": 0.7488291524988773,
    "eval_precision": 0.840801037314508,
    "eval_f1": 0.7921544674064271,
    "eval_mcc": 0.610708985967356,
    "eval_acc": 0.803522165907487,
    "eval_threshold": 0.5
}