{
    "eval_recall": 0.9899975302543838,
    "eval_precision": 0.9691731141199227,
    "eval_f1": 0.9794746487477093,
    "eval_mcc": 0.9587205458559174,
    "eval_acc": 0.9792496526169523,
    "eval_threshold": 0.5
}