{
    "eval_recall": 0.9267945984363894,
    "eval_precision": 0.8221941992433796,
    "eval_f1": 0.8713665218843968,
    "eval_mcc": 0.7323186945598527,
    "eval_acc": 0.8631840796019901,
    "eval_threshold": 0.5
}