{
    "eval_recall": 0.9203491114955181,
    "eval_precision": 0.8446384759705585,
    "eval_f1": 0.8808699578567127,
    "eval_mcc": 0.7553588287525769,
    "eval_acc": 0.8761248924015964,
    "eval_threshold": 0.5
}