{
    "eval_recall": 0.9630419331911869,
    "eval_precision": 0.8669225847728727,
    "eval_f1": 0.9124579124579124,
    "eval_mcc": 0.8202670645158638,
    "eval_acc": 0.9076048329779673,
    "eval_threshold": 0.5
}