{
    "eval_recall": 0.8154981549815498,
    "eval_precision": 0.6288234457248542,
    "eval_f1": 0.7100971965619729,
    "eval_mcc": 0.34990665637442564,
    "eval_acc": 0.6670664206642066,
    "eval_threshold": 0.5
}