{
    "eval_recall": 0.9612343789849528,
    "eval_precision": 0.7964919695688927,
    "eval_f1": 0.8711429562001618,
    "eval_mcc": 0.7314507746678918,
    "eval_acc": 0.8578168834480999,
    "eval_threshold": 0.5
}