{
    "eval_recall": 0.9443825588796945,
    "eval_precision": 0.9171625067614558,
    "eval_f1": 0.9305735230702888,
    "eval_mcc": 0.8595913103635218,
    "eval_acc": 0.92960489705064,
    "eval_threshold": 0.5
}