{
    "eval_recall": 0.6819599688068625,
    "eval_precision": 0.6254619144117296,
    "eval_f1": 0.6524902070509232,
    "eval_mcc": 0.2747128700595166,
    "eval_acc": 0.6367949051208734,
    "eval_threshold": 0.5
}