{
    "eval_recall": 0.32856336863253216,
    "eval_precision": 0.45436523260760264,
    "eval_f1": 0.35331499310202397,
    "eval_mcc": 0.8303373705101929,
    "eval_acc": 0.8437400429630086
}