{
    "eval_recall": 0.9644633972992182,
    "eval_precision": 0.8309859154929577,
    "eval_f1": 0.8927631578947369,
    "eval_mcc": 0.7784086489793813,
    "eval_acc": 0.8841506751954513,
    "eval_threshold": 0.5
}