{
    "eval_recall": 0.9742412649834226,
    "eval_precision": 0.8336970755128764,
    "eval_f1": 0.8985064095025285,
    "eval_mcc": 0.7912270725386121,
    "eval_acc": 0.8899515429737311,
    "eval_threshold": 0.5
}