{
    "eval_recall": 0.32379145109427293,
    "eval_precision": 0.45787992881264705,
    "eval_f1": 0.3510784883657865,
    "eval_mcc": 0.6437900324324403,
    "eval_acc": 0.6619714709340968
}