{
    "eval_recall": 0.8698435927924631,
    "eval_precision": 0.80970625798212,
    "eval_f1": 0.8386982979098686,
    "eval_mcc": 0.66725951378254,
    "eval_acc": 0.8327083142778743,
    "eval_threshold": 0.5
}