{
    "eval_recall": 0.9829668059317754,
    "eval_precision": 0.9471774907096089,
    "eval_f1": 0.9647403402050243,
    "eval_mcc": 0.9288536501613354,
    "eval_acc": 0.9640947989079313,
    "eval_threshold": 0.5
}