{
    "eval_recall": 0.967377466581795,
    "eval_precision": 0.9626286619160729,
    "eval_f1": 0.9649972220017462,
    "eval_mcc": 0.9298946823730014,
    "eval_acc": 0.9649415692821369,
    "eval_threshold": 0.5
}