{
    "eval_recall": 0.9760265238459577,
    "eval_precision": 0.7750101255569056,
    "eval_f1": 0.8639801331978778,
    "eval_mcc": 0.7172258218199001,
    "eval_acc": 0.8463402193318031,
    "eval_threshold": 0.5
}