{
    "eval_recall": 0.6861487136716494,
    "eval_precision": 0.8554631258998561,
    "eval_f1": 0.7615080636548116,
    "eval_mcc": 0.5817265417591801,
    "eval_acc": 0.7851093860268172,
    "eval_threshold": 0.5
}