{
    "eval_recall": 0.9905976796612965,
    "eval_precision": 0.9643507119152125,
    "eval_f1": 0.9772980010306762,
    "eval_mcc": 0.9543316558235462,
    "eval_acc": 0.9769890581184363,
    "eval_threshold": 0.5
}