{
    "eval_recall": 0.3110762945403821,
    "eval_precision": 0.41784139296953254,
    "eval_f1": 0.3383550100497458,
    "eval_mcc": 0.8410309621755107,
    "eval_acc": 0.8535557542680358
}