{
    "eval_recall": 0.6898523985239853,
    "eval_precision": 0.7248933695230709,
    "eval_f1": 0.706938929854415,
    "eval_mcc": 0.4285452653499956,
    "eval_acc": 0.7140221402214022,
    "eval_threshold": 0.5
}