{
    "eval_recall": 0.7757993241486872,
    "eval_precision": 0.6241112505227938,
    "eval_f1": 0.6917371653725808,
    "eval_mcc": 0.31809016964334763,
    "eval_acc": 0.6542760592669613,
    "eval_threshold": 0.5
}