{
    "eval_recall": 0.9770466717674062,
    "eval_precision": 0.777079107505071,
    "eval_f1": 0.8656648966218505,
    "eval_mcc": 0.7210436392768873,
    "eval_acc": 0.8483805151747004,
    "eval_threshold": 0.5
}