{
    "eval_recall": 0.24712730623197116,
    "eval_precision": 0.3036355240467997,
    "eval_f1": 0.2583354040671043,
    "eval_mcc": 0.7880544538401326,
    "eval_acc": 0.7979596474836494
}