{
    "eval_recall": 0.24347165449724756,
    "eval_precision": 0.32509696163694835,
    "eval_f1": 0.2573782587146216,
    "eval_mcc": 0.6369450166314365,
    "eval_acc": 0.6674927113702623
}