{
    "eval_recall": 0.9443308488885958,
    "eval_precision": 0.913365231259968,
    "eval_f1": 0.9285899597872617,
    "eval_mcc": 0.8552505740013354,
    "eval_acc": 0.9273794604577534,
    "eval_threshold": 0.5
}