{
    "eval_recall": 0.9836776332568222,
    "eval_precision": 0.7718631178707225,
    "eval_f1": 0.8649921507064364,
    "eval_mcc": 0.7205992874294027,
    "eval_acc": 0.8464677378219841,
    "eval_threshold": 0.5
}