{
    "eval_recall": 0.7811281518066026,
    "eval_precision": 0.6226688769167013,
    "eval_f1": 0.6929551481609594,
    "eval_mcc": 0.31825004233881427,
    "eval_acc": 0.6538861450480894,
    "eval_threshold": 0.5
}