{
    "eval_recall": 0.9918623192390169,
    "eval_precision": 0.9469291338582677,
    "eval_f1": 0.9688750436393909,
    "eval_mcc": 0.9373290218189901,
    "eval_acc": 0.9681365810743938,
    "eval_threshold": 0.5
}