{
    "eval_recall": 0.32605687628043306,
    "eval_precision": 0.46915350893094865,
    "eval_f1": 0.344992535288162,
    "eval_mcc": 0.6081657540916379,
    "eval_acc": 0.6318013734812467
}