{
    "eval_recall": 0.3230036182628168,
    "eval_precision": 0.42297531117654646,
    "eval_f1": 0.33572725746291765,
    "eval_mcc": 0.708468922518646,
    "eval_acc": 0.7226852088552584
}