{
    "eval_recall": 0.9764026402640265,
    "eval_precision": 0.9264613778705637,
    "eval_f1": 0.9507766470273167,
    "eval_mcc": 0.9002087508009973,
    "eval_acc": 0.9494499449944994,
    "eval_threshold": 0.5
}