{
    "eval_recall": 0.9646598686967454,
    "eval_precision": 0.9534723181002347,
    "eval_f1": 0.959033467573948,
    "eval_mcc": 0.9177016943478613,
    "eval_acc": 0.9588190130522789,
    "eval_threshold": 0.5
}