{
    "eval_recall": 0.9196872778962332,
    "eval_precision": 0.8205453392517438,
    "eval_f1": 0.8672922252010723,
    "eval_mcc": 0.7238531340780762,
    "eval_acc": 0.8592750533049041,
    "eval_threshold": 0.5
}