{
    "eval_recall": 0.6509649684441599,
    "eval_precision": 0.9248862897985705,
    "eval_f1": 0.7641185312432897,
    "eval_mcc": 0.6261909349453016,
    "eval_acc": 0.7990487514863258,
    "eval_threshold": 0.5
}