{
    "eval_recall": 0.6751138769487394,
    "eval_precision": 0.8643831115492032,
    "eval_f1": 0.7581139007960809,
    "eval_mcc": 0.5833484979580822,
    "eval_acc": 0.784596137807147,
    "eval_threshold": 0.5
}