{
    "eval_recall": 0.33078483216409665,
    "eval_precision": 0.46715493440195427,
    "eval_f1": 0.359698288618727,
    "eval_mcc": 0.6414218626386825,
    "eval_acc": 0.6595173577381257
}