{
    "eval_recall": 0.8596908442330559,
    "eval_precision": 0.8319907940161104,
    "eval_f1": 0.8456140350877193,
    "eval_mcc": 0.6864685609940195,
    "eval_acc": 0.8430439952437574,
    "eval_threshold": 0.5
}