{
    "eval_recall": 0.9031606954447452,
    "eval_precision": 0.865140396361559,
    "eval_f1": 0.8837418080617649,
    "eval_mcc": 0.763055062577093,
    "eval_acc": 0.8811599522804442,
    "eval_threshold": 0.5
}