{
    "eval_recall": 0.30466740315844487,
    "eval_precision": 0.4283589104200997,
    "eval_f1": 0.32753155645497894,
    "eval_mcc": 0.6353247047316053,
    "eval_acc": 0.6649055049178639
}