{
    "eval_recall": 0.9168443496801706,
    "eval_precision": 0.8232291001914487,
    "eval_f1": 0.867518493611298,
    "eval_mcc": 0.7246723989474215,
    "eval_acc": 0.8599857853589197,
    "eval_threshold": 0.5
}