{
    "eval_recall": 0.9576457645764577,
    "eval_precision": 0.9349658987165028,
    "eval_f1": 0.9461699410342109,
    "eval_mcc": 0.8912963715074848,
    "eval_acc": 0.9455170517051705,
    "eval_threshold": 0.5
}