{
    "eval_recall": 0.25778958566250265,
    "eval_precision": 0.36323210614504153,
    "eval_f1": 0.27905402125116807,
    "eval_mcc": 0.6468846453617141,
    "eval_acc": 0.675033147297339
}