{
    "eval_recall": 0.7370848708487084,
    "eval_precision": 0.6750591416018925,
    "eval_f1": 0.7047098253660257,
    "eval_mcc": 0.38391180449192913,
    "eval_acc": 0.6911439114391144,
    "eval_threshold": 0.5
}