{
    "eval_recall": 0.9902677736844999,
    "eval_precision": 0.9635138026963407,
    "eval_f1": 0.9767076113777489,
    "eval_mcc": 0.9531359710409544,
    "eval_acc": 0.9763842304943091,
    "eval_threshold": 0.5
}