{
    "eval_recall": 0.7532559183935331,
    "eval_precision": 0.8541393860032009,
    "eval_f1": 0.8005318242252754,
    "eval_mcc": 0.6290260332696919,
    "eval_acc": 0.8123115416693398,
    "eval_threshold": 0.5
}