{
    "eval_recall": 0.929637526652452,
    "eval_precision": 0.8320610687022901,
    "eval_f1": 0.878147029204431,
    "eval_mcc": 0.7471596842445206,
    "eval_acc": 0.8710021321961621,
    "eval_threshold": 0.5
}