{
    "eval_recall": 0.218407305802861,
    "eval_precision": 0.2722266055076889,
    "eval_f1": 0.21740087034572952,
    "eval_mcc": 0.6323733286836873,
    "eval_acc": 0.6614743856726364
}