{
    "eval_recall": 0.9707802915374976,
    "eval_precision": 0.9394867866717733,
    "eval_f1": 0.9548772180231616,
    "eval_mcc": 0.9087557064558912,
    "eval_acc": 0.9541257173009696,
    "eval_threshold": 0.5
}