{
    "eval_recall": 0.6671586715867158,
    "eval_precision": 0.7207494518636636,
    "eval_f1": 0.6929194212896427,
    "eval_mcc": 0.40980597390135676,
    "eval_acc": 0.7043357933579336,
    "eval_threshold": 0.5
}