{
    "eval_recall": 0.7950856482966575,
    "eval_precision": 0.8236193261115172,
    "eval_f1": 0.809100998890122,
    "eval_mcc": 0.6251908487184299,
    "eval_acc": 0.812407775710528,
    "eval_threshold": 0.5
}