{
    "eval_recall": 0.29254965845469505,
    "eval_precision": 0.4119972484146736,
    "eval_f1": 0.31651882907024703,
    "eval_mcc": 0.6452942881874533,
    "eval_acc": 0.665124787664968
}