{
    "eval_recall": 0.29285910824313705,
    "eval_precision": 0.39341093028504126,
    "eval_f1": 0.3149444488336902,
    "eval_mcc": 0.6400328645831977,
    "eval_acc": 0.669359397321658
}