{
    "eval_recall": 0.9522186176939572,
    "eval_precision": 0.9139750897192316,
    "eval_f1": 0.9327049952874645,
    "eval_mcc": 0.8633502871350998,
    "eval_acc": 0.9312970803321053,
    "eval_threshold": 0.5
}