{
    "eval_recall": 0.9412200543344036,
    "eval_precision": 0.9111775254034669,
    "eval_f1": 0.9259551722043371,
    "eval_mcc": 0.8498976784989797,
    "eval_acc": 0.924718233750193,
    "eval_threshold": 0.5
}