{
    "eval_recall": 0.9762815608263198,
    "eval_precision": 0.8189987163029525,
    "eval_f1": 0.8907504363001745,
    "eval_mcc": 0.7749446754509157,
    "eval_acc": 0.8802601377199694,
    "eval_threshold": 0.5
}