{
    "eval_recall": 0.28554882593859815,
    "eval_precision": 0.3423256986341822,
    "eval_f1": 0.28705313254321235,
    "eval_mcc": 0.7155824854175221,
    "eval_acc": 0.7285674604176662
}