{
    "eval_recall": 0.9682339990564555,
    "eval_precision": 0.9404307316328089,
    "eval_f1": 0.9541298620796528,
    "eval_mcc": 0.9077518195107753,
    "eval_acc": 0.9536739964003443,
    "eval_threshold": 0.5
}