{
    "eval_recall": 0.9196304849884527,
    "eval_precision": 0.9012545266425246,
    "eval_f1": 0.9103497828145922,
    "eval_mcc": 0.8190784353311129,
    "eval_acc": 0.9094537537933765,
    "eval_threshold": 0.5
}