{
    "eval_recall": 0.9941144114411441,
    "eval_precision": 0.9639961595903563,
    "eval_f1": 0.9788236568457539,
    "eval_mcc": 0.9574531133646885,
    "eval_acc": 0.9784928492849285,
    "eval_threshold": 0.5
}