{
    "eval_recall": 0.9002568100522792,
    "eval_precision": 0.8412324305793624,
    "eval_f1": 0.8697443622347261,
    "eval_mcc": 0.7321538695901713,
    "eval_acc": 0.8651747225534256,
    "eval_threshold": 0.5
}