{
    "eval_recall": 0.11931673502836344,
    "eval_precision": 0.26186319262614516,
    "eval_f1": 0.13801569495300384,
    "eval_mcc": 0.445092975006995,
    "eval_acc": 0.4672416045995035
}