{
    "eval_recall": 0.8319765846519711,
    "eval_precision": 0.85512832565573,
    "eval_f1": 0.843393602225313,
    "eval_mcc": 0.6912805666726789,
    "eval_acc": 0.8455135827311808,
    "eval_threshold": 0.5
}