{
    "eval_recall": 0.955720072635843,
    "eval_precision": 0.9320256095899742,
    "eval_f1": 0.9437241379310345,
    "eval_mcc": 0.8863770880864802,
    "eval_acc": 0.9430446011028129,
    "eval_threshold": 0.5
}