{
    "eval_recall": 0.9633929160345623,
    "eval_precision": 0.9582731924944233,
    "eval_f1": 0.9608262342531987,
    "eval_mcc": 0.9214563276751709,
    "eval_acc": 0.9607215882857332,
    "eval_threshold": 0.5
}