{
    "eval_recall": 0.27824033232336265,
    "eval_precision": 0.3645617044790099,
    "eval_f1": 0.2920785207764917,
    "eval_mcc": 0.7195589823963029,
    "eval_acc": 0.7357369255150554
}