{
    "eval_recall": 0.9772565742714996,
    "eval_precision": 0.8540372670807453,
    "eval_f1": 0.9115014915478953,
    "eval_mcc": 0.8188015759130478,
    "eval_acc": 0.9051172707889126,
    "eval_threshold": 0.5
}