{
    "eval_recall": 0.8317343173431734,
    "eval_precision": 0.6217073507102469,
    "eval_f1": 0.7115460500355142,
    "eval_mcc": 0.34598640005643266,
    "eval_acc": 0.6628228782287823,
    "eval_threshold": 0.5
}