{
    "eval_recall": 0.9118591982120408,
    "eval_precision": 0.9012839983432279,
    "eval_f1": 0.9065407582280238,
    "eval_mcc": 0.8121601700286415,
    "eval_acc": 0.9060515111328261,
    "eval_threshold": 0.5
}