{
    "eval_recall": 0.9902127893550338,
    "eval_precision": 0.9541697573381371,
    "eval_f1": 0.9718572083861742,
    "eval_mcc": 0.9433245961449338,
    "eval_acc": 0.9713256721834277,
    "eval_threshold": 0.5
}