{
    "eval_recall": 0.9791341832523158,
    "eval_precision": 0.9419004764425623,
    "eval_f1": 0.9601564959302065,
    "eval_mcc": 0.919456638680428,
    "eval_acc": 0.9593689810143997,
    "eval_threshold": 0.5
}