{
    "eval_recall": 0.921916468780556,
    "eval_precision": 0.9069671567953828,
    "eval_f1": 0.914380714879468,
    "eval_mcc": 0.8275726438952006,
    "eval_acc": 0.9137293222586724,
    "eval_threshold": 0.5
}