{
    "eval_recall": 0.9245161882050812,
    "eval_precision": 0.8337468982630273,
    "eval_f1": 0.876788587831079,
    "eval_mcc": 0.744589026122928,
    "eval_acc": 0.8700816289094745,
    "eval_threshold": 0.5
}