{
    "eval_recall": 0.9386924726452961,
    "eval_precision": 0.9110897641157008,
    "eval_f1": 0.924685172647258,
    "eval_mcc": 0.847477606079571,
    "eval_acc": 0.9235442898773849,
    "eval_threshold": 0.5
}