{
    "eval_recall": 0.916133617626155,
    "eval_precision": 0.833764553686934,
    "eval_f1": 0.8730104977988487,
    "eval_mcc": 0.7370811855828677,
    "eval_acc": 0.8667377398720683,
    "eval_threshold": 0.5
}