{
    "eval_recall": 0.21044205106128372,
    "eval_precision": 0.31068210076057984,
    "eval_f1": 0.23065742182123988,
    "eval_mcc": 0.67714022644099,
    "eval_acc": 0.6929831438651509
}