{
    "eval_recall": 0.318547745852467,
    "eval_precision": 0.4392540215111839,
    "eval_f1": 0.3405714562484624,
    "eval_mcc": 0.6498195307429557,
    "eval_acc": 0.6778824862248314
}