{
    "eval_recall": 0.697338333485777,
    "eval_precision": 0.8927400468384075,
    "eval_f1": 0.7830329173727726,
    "eval_mcc": 0.6288024340000268,
    "eval_acc": 0.8067776456599287,
    "eval_threshold": 0.5
}