{
    "eval_recall": 0.8371901582365316,
    "eval_precision": 0.8063606730684522,
    "eval_f1": 0.821486268174475,
    "eval_mcc": 0.6366128989489196,
    "eval_acc": 0.8180737217598097,
    "eval_threshold": 0.5
}