{
    "eval_recall": 0.9768831577292028,
    "eval_precision": 0.9316835395575553,
    "eval_f1": 0.95374812881434,
    "eval_mcc": 0.9067813661308729,
    "eval_acc": 0.9528523358635261,
    "eval_threshold": 0.5
}