{
    "eval_recall": 0.9604110280288086,
    "eval_precision": 0.9220876458929751,
    "eval_f1": 0.9408592486068668,
    "eval_mcc": 0.8799923828946831,
    "eval_acc": 0.9396164081857392,
    "eval_threshold": 0.5
}