{
    "eval_recall": 0.9765216913179744,
    "eval_precision": 0.9488193183032375,
    "eval_f1": 0.9624712098631623,
    "eval_mcc": 0.924240720357816,
    "eval_acc": 0.9619233518447242,
    "eval_threshold": 0.5
}