{
    "eval_recall": 0.33846894772239094,
    "eval_precision": 0.47472124587104536,
    "eval_f1": 0.3653709110143446,
    "eval_mcc": 0.8653466382809302,
    "eval_acc": 0.876478550603915
}