{
    "eval_recall": 0.9537644922475206,
    "eval_precision": 0.9288532172493539,
    "eval_f1": 0.9411440385940731,
    "eval_mcc": 0.8811030210093483,
    "eval_acc": 0.9403922663502478,
    "eval_threshold": 0.5
}