{
    "eval_recall": 0.9694385216773277,
    "eval_precision": 0.8551724137931035,
    "eval_f1": 0.9087275149900067,
    "eval_mcc": 0.8125455447095732,
    "eval_acc": 0.9026297085998578,
    "eval_threshold": 0.5
}