{
    "eval_recall": 0.9395877754086709,
    "eval_precision": 0.8463508322663252,
    "eval_f1": 0.8905355338497811,
    "eval_mcc": 0.7737213511676267,
    "eval_acc": 0.8845060412224591,
    "eval_threshold": 0.5
}