{
    "eval_recall": 0.6906680530283338,
    "eval_precision": 0.6705362776025237,
    "eval_f1": 0.6804532940649209,
    "eval_mcc": 0.3514711557119589,
    "eval_acc": 0.6756563556017676,
    "eval_threshold": 0.5
}