{
    "eval_recall": 0.9905976796612965,
    "eval_precision": 0.9618793379604912,
    "eval_f1": 0.9760273044938647,
    "eval_mcc": 0.9517631686262752,
    "eval_acc": 0.9756694342112497,
    "eval_threshold": 0.5
}