{
    "eval_recall": 0.6783207694307253,
    "eval_precision": 0.6281896966779008,
    "eval_f1": 0.6522934633170853,
    "eval_mcc": 0.2777248434675514,
    "eval_acc": 0.6384195476995062,
    "eval_threshold": 0.5
}