{
    "eval_recall": 0.9683290262275251,
    "eval_precision": 0.9426720907825714,
    "eval_f1": 0.95532832460875,
    "eval_mcc": 0.9097778436496515,
    "eval_acc": 0.9547204046846649,
    "eval_threshold": 0.5
}