{
    "eval_recall": 0.9909275856380931,
    "eval_precision": 0.9625080111087374,
    "eval_f1": 0.9765110671615508,
    "eval_mcc": 0.9527439871697939,
    "eval_acc": 0.9761642931764447,
    "eval_threshold": 0.5
}