{
    "eval_recall": 0.6625461254612546,
    "eval_precision": 0.7122173740579135,
    "eval_f1": 0.6864844198050086,
    "eval_mcc": 0.39579768268281573,
    "eval_acc": 0.6974169741697417,
    "eval_threshold": 0.5
}