{
    "eval_recall": 0.24807398487715396,
    "eval_precision": 0.3464367101153853,
    "eval_f1": 0.2638246466669691,
    "eval_mcc": 0.6386931548020668,
    "eval_acc": 0.6694606413994169
}