{
    "eval_recall": 0.9205124124761298,
    "eval_precision": 0.9027701911822084,
    "eval_f1": 0.9115549777410077,
    "eval_mcc": 0.8216892903012335,
    "eval_acc": 0.9107639716988631,
    "eval_threshold": 0.5
}