{
    "eval_recall": 0.23292446391081445,
    "eval_precision": 0.33416320514515097,
    "eval_f1": 0.24807994776334646,
    "eval_mcc": 0.6280231659158404,
    "eval_acc": 0.659704289879217
}