{
    "eval_recall": 0.23219276818140222,
    "eval_precision": 0.31842786884372104,
    "eval_f1": 0.24221382654606785,
    "eval_mcc": 0.581982412519686,
    "eval_acc": 0.6076597992604331
}