{
    "eval_recall": 0.9521996421854213,
    "eval_precision": 0.8926206244087039,
    "eval_f1": 0.921448072270437,
    "eval_mcc": 0.8394863448231973,
    "eval_acc": 0.9188079287877398,
    "eval_threshold": 0.5
}