{
    "eval_recall": 0.9923571782042118,
    "eval_precision": 0.9637421904202489,
    "eval_f1": 0.9778403857614996,
    "eval_mcc": 0.9554440650944771,
    "eval_acc": 0.9775114092483642,
    "eval_threshold": 0.5
}