{
    "eval_recall": 0.9752820324681281,
    "eval_precision": 0.9485303956112573,
    "eval_f1": 0.9617202161575509,
    "eval_mcc": 0.9227278706743716,
    "eval_acc": 0.9611804090617261,
    "eval_threshold": 0.5
}