{
    "eval_recall": 0.921977236487601,
    "eval_precision": 0.8797481636935992,
    "eval_f1": 0.9003678148575724,
    "eval_mcc": 0.7968717294938703,
    "eval_acc": 0.8979765766756475,
    "eval_threshold": 0.5
}