{
    "eval_recall": 0.23157695760269464,
    "eval_precision": 0.321732168408161,
    "eval_f1": 0.24676893130939795,
    "eval_mcc": 0.6069413013317048,
    "eval_acc": 0.6271811317896012
}