{
    "eval_recall": 0.3843745089650274,
    "eval_precision": 0.5106633991416739,
    "eval_f1": 0.41279695076720024,
    "eval_mcc": 0.8225848495271948,
    "eval_acc": 0.8367887120861013
}