{
    "eval_recall": 0.897471713926526,
    "eval_precision": 0.861491016358273,
    "eval_f1": 0.8791133611548196,
    "eval_mcc": 0.7539962873335113,
    "eval_acc": 0.8766664340057234,
    "eval_threshold": 0.5
}