{
    "eval_recall": 0.7131619866459343,
    "eval_precision": 0.8886482790061545,
    "eval_f1": 0.7912924341604506,
    "eval_mcc": 0.6363302382717737,
    "eval_acc": 0.8118997530412513,
    "eval_threshold": 0.5
}