{
    "eval_recall": 0.7813562584204786,
    "eval_precision": 0.8328660329617725,
    "eval_f1": 0.8062893081761007,
    "eval_mcc": 0.6257568270951076,
    "eval_acc": 0.8122794636556104,
    "eval_threshold": 0.5
}