{
    "eval_recall": 0.8081180811808119,
    "eval_precision": 0.6472587557263189,
    "eval_f1": 0.718798719947485,
    "eval_mcc": 0.3796225529028848,
    "eval_acc": 0.6838560885608856,
    "eval_threshold": 0.5
}