{
    "eval_recall": 0.9906490649064906,
    "eval_precision": 0.9479945257395516,
    "eval_f1": 0.9688525472053364,
    "eval_mcc": 0.9372528475592266,
    "eval_acc": 0.9681518151815182,
    "eval_threshold": 0.5
}