{
    "eval_recall": 0.9560626233873559,
    "eval_precision": 0.8983219015573098,
    "eval_f1": 0.9262933143543437,
    "eval_mcc": 0.8496967667298218,
    "eval_acc": 0.9239681556427375,
    "eval_threshold": 0.5
}