{
    "eval_recall": 0.9553192631974652,
    "eval_precision": 0.9482409381663113,
    "eval_f1": 0.9517669404242797,
    "eval_mcc": 0.9031990001901514,
    "eval_acc": 0.9515869179958112,
    "eval_threshold": 0.5
}