{
    "eval_recall": 0.9864781427512966,
    "eval_precision": 0.9572224552153855,
    "eval_f1": 0.9716301274059659,
    "eval_mcc": 0.9428209936712921,
    "eval_acc": 0.9711903659101436,
    "eval_threshold": 0.5
}