{
    "eval_recall": 0.6117754094099298,
    "eval_precision": 0.6497791275538377,
    "eval_f1": 0.630204846699692,
    "eval_mcc": 0.28252158270382527,
    "eval_acc": 0.6410189758253184,
    "eval_threshold": 0.5
}