{
    "eval_recall": 0.9502011740650352,
    "eval_precision": 0.9202171830086234,
    "eval_f1": 0.934968847352025,
    "eval_mcc": 0.8682797903597088,
    "eval_acc": 0.9339093727326694,
    "eval_threshold": 0.5
}