{
    "eval_recall": 0.9668866886688668,
    "eval_precision": 0.9430763452974945,
    "eval_f1": 0.954833102474266,
    "eval_mcc": 0.9088155553200215,
    "eval_acc": 0.9542629262926292,
    "eval_threshold": 0.5
}