{
    "eval_recall": 0.9755164498852333,
    "eval_precision": 0.8307993049522154,
    "eval_f1": 0.8973607038123168,
    "eval_mcc": 0.7889033846221879,
    "eval_acc": 0.8884213210915582,
    "eval_threshold": 0.5
}