{
    "eval_recall": 0.9699925907631514,
    "eval_precision": 0.9357317291083448,
    "eval_f1": 0.9525541912990754,
    "eval_mcc": 0.9039559361086338,
    "eval_acc": 0.9516751582522773,
    "eval_threshold": 0.5
}