{
    "eval_recall": 0.9687577179550506,
    "eval_precision": 0.948150833937636,
    "eval_f1": 0.9583435133154167,
    "eval_mcc": 0.9159795265481651,
    "eval_acc": 0.9578817353713138,
    "eval_threshold": 0.5
}