{
    "eval_recall": 0.9719253176751227,
    "eval_precision": 0.9092352587760707,
    "eval_f1": 0.9395357087425998,
    "eval_mcc": 0.8769598050953227,
    "eval_acc": 0.9374369092410755,
    "eval_threshold": 0.5
}