{
    "eval_recall": 0.947908275602814,
    "eval_precision": 0.9410353468038599,
    "eval_f1": 0.9444593076141045,
    "eval_mcc": 0.8885366678433874,
    "eval_acc": 0.9442564846141454,
    "eval_threshold": 0.5
}