{
    "eval_recall": 0.9233370026733764,
    "eval_precision": 0.8571532846715328,
    "eval_f1": 0.8890150654856539,
    "eval_mcc": 0.7729238951797459,
    "eval_acc": 0.8852805383832851,
    "eval_threshold": 0.5
}