{
    "eval_recall": 0.8199945120278057,
    "eval_precision": 0.8521053131831575,
    "eval_f1": 0.835741586650508,
    "eval_mcc": 0.6781547911324031,
    "eval_acc": 0.8388365498948138,
    "eval_threshold": 0.5
}