{
    "eval_recall": 0.7323410534419709,
    "eval_precision": 0.8412558036701304,
    "eval_f1": 0.7830292221155165,
    "eval_mcc": 0.5991919198915205,
    "eval_acc": 0.7970744851478796,
    "eval_threshold": 0.5
}