{
    "eval_recall": 0.9598993552445353,
    "eval_precision": 0.9240784194989025,
    "eval_f1": 0.9416483474102357,
    "eval_mcc": 0.8822783263130635,
    "eval_acc": 0.9408013146568589,
    "eval_threshold": 0.5
}