{
    "eval_recall": 0.2513085173451484,
    "eval_precision": 0.24018718333722455,
    "eval_f1": 0.22929463033721914,
    "eval_mcc": 0.5881750297696183,
    "eval_acc": 0.6122292657157951
}