{
    "eval_recall": 0.994899260392757,
    "eval_precision": 0.8010266940451746,
    "eval_f1": 0.8874985780912297,
    "eval_mcc": 0.7706817641031642,
    "eval_acc": 0.8738842132109156,
    "eval_threshold": 0.5
}