{
    "eval_recall": 0.7253269916765755,
    "eval_precision": 0.8890134529147982,
    "eval_f1": 0.7988717070467939,
    "eval_mcc": 0.6458166565715479,
    "eval_acc": 0.8173877252355255,
    "eval_threshold": 0.5
}