{
    "eval_recall": 0.9157703589886855,
    "eval_precision": 0.8585646935568361,
    "eval_f1": 0.8862453531598513,
    "eval_mcc": 0.7667703539951404,
    "eval_acc": 0.8825294897745516,
    "eval_threshold": 0.5
}