{
    "eval_recall": 0.9835144480118547,
    "eval_precision": 0.9618961352657005,
    "eval_f1": 0.9725851752350714,
    "eval_mcc": 0.9447806997347233,
    "eval_acc": 0.9722711131696773,
    "eval_threshold": 0.5
}