{
    "eval_recall": 0.6998154981549816,
    "eval_precision": 0.7089719626168224,
    "eval_f1": 0.7043639740018569,
    "eval_mcc": 0.41258053622869745,
    "eval_acc": 0.7062730627306273,
    "eval_threshold": 0.5
}