{
    "eval_recall": 0.9610029693170571,
    "eval_precision": 0.9230574217264546,
    "eval_f1": 0.94164807810429,
    "eval_mcc": 0.881666907574692,
    "eval_acc": 0.9404604829133131,
    "eval_threshold": 0.5
}