{
    "eval_recall": 0.8394833948339483,
    "eval_precision": 0.6343231562804963,
    "eval_f1": 0.7226236798221234,
    "eval_mcc": 0.3757299755627899,
    "eval_acc": 0.6777675276752767,
    "eval_threshold": 0.5
}