{
    "eval_recall": 0.7638376383763837,
    "eval_precision": 0.7080554130323242,
    "eval_f1": 0.7348895003106416,
    "eval_mcc": 0.45029256791386624,
    "eval_acc": 0.7244464944649447,
    "eval_threshold": 0.5
}