{
    "eval_recall": 0.3372822638490412,
    "eval_precision": 0.4513138527370245,
    "eval_f1": 0.3553531622826324,
    "eval_mcc": 0.6079573062972048,
    "eval_acc": 0.6318277865821448
}