{
    "eval_recall": 0.9437809303860112,
    "eval_precision": 0.9165652034604294,
    "eval_f1": 0.9299739921976593,
    "eval_mcc": 0.8582759429728335,
    "eval_acc": 0.9289484100804856,
    "eval_threshold": 0.5
}