{
    "eval_recall": 0.8435927924631849,
    "eval_precision": 0.8463797375424429,
    "eval_f1": 0.8449839670178653,
    "eval_mcc": 0.6904821115022886,
    "eval_acc": 0.8452391841214671,
    "eval_threshold": 0.5
}