{
    "eval_recall": 0.7212113335066286,
    "eval_precision": 0.6552131302396977,
    "eval_f1": 0.6866299573099054,
    "eval_mcc": 0.3434415649172922,
    "eval_acc": 0.6708474135690148,
    "eval_threshold": 0.5
}