{
    "eval_recall": 0.3789716059081512,
    "eval_precision": 0.48892719008223867,
    "eval_f1": 0.40038301796156966,
    "eval_mcc": 0.8397612716766789,
    "eval_acc": 0.847666036095915
}