{
    "eval_recall": 0.7357933579335794,
    "eval_precision": 0.6795024706082808,
    "eval_f1": 0.7065284790504032,
    "eval_mcc": 0.39008621135840266,
    "eval_acc": 0.6943726937269372,
    "eval_threshold": 0.5
}