{
    "eval_recall": 0.9139868801321162,
    "eval_precision": 0.8759727412618158,
    "eval_f1": 0.8945761494252873,
    "eval_mcc": 0.7852658254169617,
    "eval_acc": 0.8922639258511517,
    "eval_threshold": 0.5
}