{
    "eval_recall": 0.9271984953438231,
    "eval_precision": 0.8712444501918186,
    "eval_f1": 0.8983510378239032,
    "eval_mcc": 0.7917579515583331,
    "eval_acc": 0.895062861337983,
    "eval_threshold": 0.5
}