{
    "eval_recall": 0.7599281452492461,
    "eval_precision": 0.8515456506110711,
    "eval_f1": 0.8031325219513848,
    "eval_mcc": 0.6311092944126302,
    "eval_acc": 0.813722974273433,
    "eval_threshold": 0.5
}