{
    "eval_recall": 0.9596992282830947,
    "eval_precision": 0.9252782193958664,
    "eval_f1": 0.942174447969954,
    "eval_mcc": 0.8828088121660761,
    "eval_acc": 0.9410988721060616,
    "eval_threshold": 0.5
}