{
    "eval_recall": 0.9011637049850606,
    "eval_precision": 0.8691135208917874,
    "eval_f1": 0.8848484848484849,
    "eval_mcc": 0.767122379218975,
    "eval_acc": 0.8832850770795837,
    "eval_threshold": 0.5
}