{
    "eval_recall": 0.3599231336188065,
    "eval_precision": 0.4791985397425632,
    "eval_f1": 0.38622148215420526,
    "eval_mcc": 0.88682866980571,
    "eval_acc": 0.8961474385672636
}