{
    "eval_recall": 0.9886687073733956,
    "eval_precision": 0.9906904159715869,
    "eval_f1": 0.9896785291904096,
    "eval_mcc": 0.9793801607843583,
    "eval_acc": 0.9896890607378765,
    "eval_threshold": 0.5
}