{
    "eval_recall": 0.8483490350315558,
    "eval_precision": 0.7802641541179439,
    "eval_f1": 0.8128834355828221,
    "eval_mcc": 0.6117728093951497,
    "eval_acc": 0.8047196560870759,
    "eval_threshold": 0.5
}