{
    "eval_recall": 0.9910925386264915,
    "eval_precision": 0.9497339164339533,
    "eval_f1": 0.9699725555615347,
    "eval_mcc": 0.9395287687270507,
    "eval_acc": 0.969318744157915,
    "eval_threshold": 0.5
}