{
    "eval_recall": 0.97739154361185,
    "eval_precision": 0.9333070590296024,
    "eval_f1": 0.9548407329420725,
    "eval_mcc": 0.9085625019796102,
    "eval_acc": 0.953774190589746,
    "eval_threshold": 0.5
}