{
    "eval_recall": 0.9622056015276894,
    "eval_precision": 0.954233409610984,
    "eval_f1": 0.9582029238144288,
    "eval_mcc": 0.916162523738495,
    "eval_acc": 0.9580650290166149,
    "eval_threshold": 0.5
}