{
    "eval_recall": 0.907847145777638,
    "eval_precision": 0.8634460065809153,
    "eval_f1": 0.8850900728248371,
    "eval_mcc": 0.766452251529448,
    "eval_acc": 0.8826981766961421,
    "eval_threshold": 0.5
}