{
    "eval_recall": 0.9786755938732459,
    "eval_precision": 0.9287579423796675,
    "eval_f1": 0.9530635941407646,
    "eval_mcc": 0.9049124704120276,
    "eval_acc": 0.951802256259745,
    "eval_threshold": 0.5
}