{
    "eval_recall": 0.984952818158633,
    "eval_precision": 0.8203058623619371,
    "eval_f1": 0.8951211032564608,
    "eval_mcc": 0.7851698489457096,
    "eval_acc": 0.884595766386126,
    "eval_threshold": 0.5
}