{
    "eval_recall": 0.7304163726182075,
    "eval_precision": 0.8442088091353996,
    "eval_f1": 0.7832009080590239,
    "eval_mcc": 0.601110327236436,
    "eval_acc": 0.7978122794636556,
    "eval_threshold": 0.5
}