{
    "eval_recall": 0.9822316986496091,
    "eval_precision": 0.8396111786148238,
    "eval_f1": 0.9053390108090403,
    "eval_mcc": 0.8063163508764455,
    "eval_acc": 0.8972992181947406,
    "eval_threshold": 0.5
}