{
    "eval_recall": 0.6952170522485053,
    "eval_precision": 0.6211100789595912,
    "eval_f1": 0.6560775174782287,
    "eval_mcc": 0.2730710088756098,
    "eval_acc": 0.6355601767611125,
    "eval_threshold": 0.5
}