{
    "eval_recall": 0.9481564540597586,
    "eval_precision": 0.9092346616065781,
    "eval_f1": 0.9282877530593134,
    "eval_mcc": 0.8542887878988594,
    "eval_acc": 0.9267528527142009,
    "eval_threshold": 0.5
}