{
    "eval_recall": 0.9698568695996306,
    "eval_precision": 0.9385931316226223,
    "eval_f1": 0.9539689233464171,
    "eval_mcc": 0.9069078371907667,
    "eval_acc": 0.9532022953631027,
    "eval_threshold": 0.5
}