{
    "eval_recall": 0.9907590759075907,
    "eval_precision": 0.9570669500531349,
    "eval_f1": 0.9736216216216216,
    "eval_mcc": 0.9469015551553104,
    "eval_acc": 0.9731573157315732,
    "eval_threshold": 0.5
}