{
    "eval_recall": 0.7714022140221403,
    "eval_precision": 0.7199931117616669,
    "eval_f1": 0.744811614857041,
    "eval_mcc": 0.47260849779913683,
    "eval_acc": 0.7357011070110702,
    "eval_threshold": 0.5
}