{
    "eval_recall": 0.7417078334509527,
    "eval_precision": 0.8572593800978793,
    "eval_f1": 0.7953083617101777,
    "eval_mcc": 0.6239012401174383,
    "eval_acc": 0.8091037402964009,
    "eval_threshold": 0.5
}