{
    "eval_recall": 0.9640397857689365,
    "eval_precision": 0.7954545454545454,
    "eval_f1": 0.8716707021791767,
    "eval_mcc": 0.7327901917580536,
    "eval_acc": 0.8580719204284621,
    "eval_threshold": 0.5
}