{
    "eval_recall": 0.9440337909186906,
    "eval_precision": 0.8852628406595772,
    "eval_f1": 0.9137042303590472,
    "eval_mcc": 0.823603196508123,
    "eval_acc": 0.9108908619542524,
    "eval_threshold": 0.5
}