{
    "eval_recall": 0.9767825341336324,
    "eval_precision": 0.9376939150256443,
    "eval_f1": 0.9568391807197778,
    "eval_mcc": 0.9126724906135789,
    "eval_acc": 0.9559395818217795,
    "eval_threshold": 0.5
}