{
    "eval_recall": 0.3068183788992534,
    "eval_precision": 0.42099443520874713,
    "eval_f1": 0.33185703476327383,
    "eval_mcc": 0.6424621001689668,
    "eval_acc": 0.6716307464619369
}