{
    "eval_recall": 0.9452437491269731,
    "eval_precision": 0.915077755240027,
    "eval_f1": 0.9299161742476295,
    "eval_mcc": 0.8580801633849281,
    "eval_acc": 0.9288057513785161,
    "eval_threshold": 0.5
}