{
    "eval_recall": 0.6876787106836496,
    "eval_precision": 0.6580027359781122,
    "eval_f1": 0.6725135049253258,
    "eval_mcc": 0.3305937311664184,
    "eval_acc": 0.6651286716922277,
    "eval_threshold": 0.5
}