{
    "eval_recall": 0.29569801287727837,
    "eval_precision": 0.3954606301918929,
    "eval_f1": 0.3135506129599916,
    "eval_mcc": 0.6396369742283552,
    "eval_acc": 0.6578369233100174
}