{
    "eval_recall": 0.3594959892336415,
    "eval_precision": 0.45223928101964184,
    "eval_f1": 0.3772626792367459,
    "eval_mcc": 0.8212881735099479,
    "eval_acc": 0.8297970243877499
}