{
    "eval_recall": 0.9831675592960979,
    "eval_precision": 0.7730098255464207,
    "eval_f1": 0.8655141445891333,
    "eval_mcc": 0.7216471502272462,
    "eval_acc": 0.8472328487630707,
    "eval_threshold": 0.5
}