{
    "eval_recall": 0.5627412996132964,
    "eval_precision": 0.6688987286821442,
    "eval_f1": 0.5933965095479237,
    "eval_mcc": 0.9519467179358747,
    "eval_acc": 0.9556110545843226
}