{
    "eval_recall": 0.7577490774907749,
    "eval_precision": 0.7260031818985327,
    "eval_f1": 0.74153651710752,
    "eval_mcc": 0.4722228894371114,
    "eval_acc": 0.7358856088560886,
    "eval_threshold": 0.5
}