{
    "eval_recall": 0.6346503769170783,
    "eval_precision": 0.639554682383759,
    "eval_f1": 0.637093091525866,
    "eval_mcc": 0.2769772104737757,
    "eval_acc": 0.6384845334026514,
    "eval_threshold": 0.5
}