{
    "eval_recall": 0.6232116507345865,
    "eval_precision": 0.8977818853974122,
    "eval_f1": 0.7357140152232363,
    "eval_mcc": 0.5800477451099573,
    "eval_acc": 0.7761275421825881,
    "eval_threshold": 0.5
}