{
    "eval_recall": 0.735205341626269,
    "eval_precision": 0.9080433800271125,
    "eval_f1": 0.8125347485468788,
    "eval_mcc": 0.6730566715576795,
    "eval_acc": 0.8303759260953077,
    "eval_threshold": 0.5
}