{
    "eval_recall": 0.8042623250708864,
    "eval_precision": 0.8701632855022267,
    "eval_f1": 0.8359159615933074,
    "eval_mcc": 0.6862294795009943,
    "eval_acc": 0.8421293332113784,
    "eval_threshold": 0.5
}