{
    "eval_recall": 0.9552238805970149,
    "eval_precision": 0.8337468982630273,
    "eval_f1": 0.8903610467042066,
    "eval_mcc": 0.7729964844314989,
    "eval_acc": 0.8823738450604123,
    "eval_threshold": 0.5
}