{
    "eval_recall": 0.2787155553905116,
    "eval_precision": 0.39386860215988984,
    "eval_f1": 0.29477636421103565,
    "eval_mcc": 0.6203342092111753,
    "eval_acc": 0.6507647149698749
}