{
    "eval_recall": 0.3936512910191352,
    "eval_precision": 0.5456998813040128,
    "eval_f1": 0.4216257157503862,
    "eval_mcc": 0.8862466251944832,
    "eval_acc": 0.895076002836617
}