{
    "eval_recall": 0.7954815695600476,
    "eval_precision": 0.8256123030187963,
    "eval_f1": 0.8102669213210975,
    "eval_mcc": 0.6278764234789944,
    "eval_acc": 0.8137290771060093,
    "eval_threshold": 0.5
}