{
    "eval_recall": 0.7306273062730627,
    "eval_precision": 0.6931559600910204,
    "eval_f1": 0.7113985448666128,
    "eval_mcc": 0.4077918693012173,
    "eval_acc": 0.7035977859778598,
    "eval_threshold": 0.5
}