{
    "eval_recall": 0.9589328118452298,
    "eval_precision": 0.9346494213750851,
    "eval_f1": 0.9466354109211252,
    "eval_mcc": 0.8922547886022992,
    "eval_acc": 0.9459761289872269,
    "eval_threshold": 0.5
}