{
    "eval_recall": 0.9746058967086604,
    "eval_precision": 0.9412064462704631,
    "eval_f1": 0.9576150356448476,
    "eval_mcc": 0.9143018520477616,
    "eval_acc": 0.9568630037596465,
    "eval_threshold": 0.5
}