{
    "eval_recall": 0.9731548050920124,
    "eval_precision": 0.9395058583800305,
    "eval_f1": 0.9560343431070791,
    "eval_mcc": 0.9110785638748861,
    "eval_acc": 0.9552470153683794,
    "eval_threshold": 0.5
}