{
    "eval_recall": 0.3026313263320942,
    "eval_precision": 0.40640142542181473,
    "eval_f1": 0.32737673495035347,
    "eval_mcc": 0.6415736814173085,
    "eval_acc": 0.6702124379490025
}