{
    "eval_recall": 0.28448589525398343,
    "eval_precision": 0.36801975074822774,
    "eval_f1": 0.29998544541656613,
    "eval_mcc": 0.8023643064015008,
    "eval_acc": 0.811747178101563
}