{
    "eval_recall": 0.8182566541662856,
    "eval_precision": 0.8687967369136642,
    "eval_f1": 0.842769665567593,
    "eval_mcc": 0.6958642277056223,
    "eval_acc": 0.8473429067959389,
    "eval_threshold": 0.5
}