{
    "eval_recall": 0.9460818550076826,
    "eval_precision": 0.8894287590282337,
    "eval_f1": 0.9168810071747665,
    "eval_mcc": 0.8302659344921522,
    "eval_acc": 0.9142877085223704,
    "eval_threshold": 0.5
}