{
    "eval_recall": 0.9504120687246822,
    "eval_precision": 0.912186620190374,
    "eval_f1": 0.9309071008345875,
    "eval_mcc": 0.8597653625649967,
    "eval_acc": 0.9295037342081385,
    "eval_threshold": 0.5
}