{
    "eval_recall": 0.9785768936495792,
    "eval_precision": 0.8069400630914827,
    "eval_f1": 0.884508990318119,
    "eval_mcc": 0.7618869233303034,
    "eval_acc": 0.8722264728385616,
    "eval_threshold": 0.5
}