{
    "eval_recall": 0.694280442804428,
    "eval_precision": 0.7192278287461774,
    "eval_f1": 0.706533984228314,
    "eval_mcc": 0.42350207585539296,
    "eval_acc": 0.7116236162361623,
    "eval_threshold": 0.5
}