{
    "eval_recall": 0.6990774907749078,
    "eval_precision": 0.7265580057526366,
    "eval_f1": 0.7125528913963328,
    "eval_mcc": 0.43629004321782916,
    "eval_acc": 0.7179889298892989,
    "eval_threshold": 0.5
}