{
    "eval_recall": 0.96708660378603,
    "eval_precision": 0.9588646916486823,
    "eval_f1": 0.9629580979902798,
    "eval_mcc": 0.9256326041706792,
    "eval_acc": 0.9627992876459337,
    "eval_threshold": 0.5
}