{
    "eval_recall": 0.2648560970385379,
    "eval_precision": 0.294854029746979,
    "eval_f1": 0.25816320059161013,
    "eval_mcc": 0.6149954037823749,
    "eval_acc": 0.6342860064420471
}