{
    "eval_recall": 0.9189337946217959,
    "eval_precision": 0.8756930915630151,
    "eval_f1": 0.896792510742787,
    "eval_mcc": 0.790497686667248,
    "eval_acc": 0.8947491979028093,
    "eval_threshold": 0.5
}