{
    "eval_recall": 0.9214431765714662,
    "eval_precision": 0.8868152098013077,
    "eval_f1": 0.9037976321407777,
    "eval_mcc": 0.8044523097631737,
    "eval_acc": 0.9019193984565662,
    "eval_threshold": 0.5
}