{
    "eval_recall": 0.9758525852585258,
    "eval_precision": 0.9333929604882412,
    "eval_f1": 0.9541506440422728,
    "eval_mcc": 0.9071546948000598,
    "eval_acc": 0.9531078107810781,
    "eval_threshold": 0.5
}