{
    "eval_recall": 0.9186462441529855,
    "eval_precision": 0.8542430703624734,
    "eval_f1": 0.8852748806788051,
    "eval_mcc": 0.764074977650293,
    "eval_acc": 0.880950197193433,
    "eval_threshold": 0.5
}