{
    "eval_recall": 0.9858607063472462,
    "eval_precision": 0.960016835016835,
    "eval_f1": 0.9727671499939076,
    "eval_mcc": 0.9451316123763529,
    "eval_acc": 0.9723946271421955,
    "eval_threshold": 0.5
}