{
    "eval_recall": 0.9182261361849348,
    "eval_precision": 0.8764635244671269,
    "eval_f1": 0.8968589202058213,
    "eval_mcc": 0.7907434420056326,
    "eval_acc": 0.894905704671727,
    "eval_threshold": 0.5
}