{
    "eval_recall": 0.7422509225092251,
    "eval_precision": 0.7201933404940923,
    "eval_f1": 0.7310557877521352,
    "eval_mcc": 0.454087563020378,
    "eval_acc": 0.7269372693726938,
    "eval_threshold": 0.5
}