{
    "eval_recall": 0.8177121771217712,
    "eval_precision": 0.6352300415651426,
    "eval_f1": 0.7150116963781561,
    "eval_mcc": 0.3634755351193527,
    "eval_acc": 0.6740774907749078,
    "eval_threshold": 0.5
}