{
    "eval_recall": 0.8043537912741242,
    "eval_precision": 0.852214361856769,
    "eval_f1": 0.8275926971579145,
    "eval_mcc": 0.6659188058251926,
    "eval_acc": 0.8324339156681606,
    "eval_threshold": 0.5
}