{
    "eval_recall": 0.9905636317266003,
    "eval_precision": 0.8428819444444444,
    "eval_f1": 0.910775002931176,
    "eval_mcc": 0.8185794536011981,
    "eval_acc": 0.902958428972201,
    "eval_threshold": 0.5
}