{
    "eval_recall": 0.9184750346283227,
    "eval_precision": 0.8984450609716756,
    "eval_f1": 0.9083496412263536,
    "eval_mcc": 0.8148585527860206,
    "eval_acc": 0.9073280126640723,
    "eval_threshold": 0.5
}