{
    "eval_recall": 0.9329199920849548,
    "eval_precision": 0.906027800909615,
    "eval_f1": 0.9192772650461459,
    "eval_mcc": 0.8365271305529004,
    "eval_acc": 0.9180792823692369,
    "eval_threshold": 0.5
}