{
    "eval_recall": 0.33406568695845135,
    "eval_precision": 0.4427710207830493,
    "eval_f1": 0.35718726885356455,
    "eval_mcc": 0.847711615975071,
    "eval_acc": 0.8595977348174185
}