{
    "eval_recall": 0.7485239852398524,
    "eval_precision": 0.7186891054030116,
    "eval_f1": 0.7333032083145051,
    "eval_mcc": 0.45592808022414677,
    "eval_acc": 0.7277675276752767,
    "eval_threshold": 0.5
}