{
    "eval_recall": 0.23339929386804104,
    "eval_precision": 0.3398948374636998,
    "eval_f1": 0.2505092067905454,
    "eval_mcc": 0.6076310639992771,
    "eval_acc": 0.6274336506653873
}