{
    "eval_recall": 0.9018019276435256,
    "eval_precision": 0.8729042725797729,
    "eval_f1": 0.8871178289247682,
    "eval_mcc": 0.7710696140394903,
    "eval_acc": 0.8853214210930411,
    "eval_threshold": 0.5
}