{
    "eval_recall": 0.9874660409977772,
    "eval_precision": 0.9602521765235665,
    "eval_f1": 0.9736689902894891,
    "eval_mcc": 0.9469604098119185,
    "eval_acc": 0.973290103442952,
    "eval_threshold": 0.5
}