{
    "eval_recall": 0.958014324524574,
    "eval_precision": 0.924727337743608,
    "eval_f1": 0.941076573161486,
    "eval_mcc": 0.8805761807009614,
    "eval_acc": 0.940003087849313,
    "eval_threshold": 0.5
}