{
    "eval_recall": 0.3620174561413027,
    "eval_precision": 0.4828269417350755,
    "eval_f1": 0.38814059512107973,
    "eval_mcc": 0.8729027510676596,
    "eval_acc": 0.8828795494023208
}