{
    "eval_recall": 0.9689429488762658,
    "eval_precision": 0.9408837460279393,
    "eval_f1": 0.9547072243346008,
    "eval_mcc": 0.9084474896040016,
    "eval_acc": 0.954021923730122,
    "eval_threshold": 0.5
}