{
    "eval_recall": 0.9569029389972833,
    "eval_precision": 0.9371145241262547,
    "eval_f1": 0.9469053583430073,
    "eval_mcc": 0.8928650368693032,
    "eval_acc": 0.9463331789408677,
    "eval_threshold": 0.5
}