{
    "eval_recall": 0.9701492537313433,
    "eval_precision": 0.8333333333333334,
    "eval_f1": 0.896551724137931,
    "eval_mcc": 0.7867957924694431,
    "eval_acc": 0.8880597014925373,
    "eval_threshold": 0.5
}