{
    "eval_recall": 0.97985207855139,
    "eval_precision": 0.8296264305765494,
    "eval_f1": 0.8985032740879328,
    "eval_mcc": 0.7917157068935888,
    "eval_acc": 0.8893139505228258,
    "eval_threshold": 0.5
}