{
    "eval_recall": 0.7869752126589226,
    "eval_precision": 0.8721743537759756,
    "eval_f1": 0.8273872487739204,
    "eval_mcc": 0.6748640059379537,
    "eval_acc": 0.835818165187963,
    "eval_threshold": 0.5
}