{
    "eval_recall": 0.9742673338098642,
    "eval_precision": 0.9135388739946381,
    "eval_f1": 0.9429263230716014,
    "eval_mcc": 0.8840140340620491,
    "eval_acc": 0.9410293066476054,
    "eval_threshold": 0.5
}