{
    "eval_recall": 0.9722973418639932,
    "eval_precision": 0.9544807044807044,
    "eval_f1": 0.9633066492403203,
    "eval_mcc": 0.9260897222256934,
    "eval_acc": 0.9629641844205528,
    "eval_threshold": 0.5
}