{
    "eval_recall": 0.7794315775967152,
    "eval_precision": 0.8408776301218162,
    "eval_f1": 0.8089895122357249,
    "eval_mcc": 0.6336308557083834,
    "eval_acc": 0.8159684352344903,
    "eval_threshold": 0.5
}