{
    "eval_recall": 0.9853928360453251,
    "eval_precision": 0.9883119681137563,
    "eval_f1": 0.9868502433646166,
    "eval_mcc": 0.9737435740819143,
    "eval_acc": 0.9868696632833898,
    "eval_threshold": 0.5
}