{
    "eval_recall": 0.8638982895819994,
    "eval_precision": 0.8166882836143536,
    "eval_f1": 0.8396301893501645,
    "eval_mcc": 0.6711121738164959,
    "eval_acc": 0.8349949693588219,
    "eval_threshold": 0.5
}