{
    "eval_recall": 0.95046390941972,
    "eval_precision": 0.9203593726206791,
    "eval_f1": 0.9351694259631749,
    "eval_mcc": 0.8693253395408004,
    "eval_acc": 0.9344236638234603,
    "eval_threshold": 0.5
}