{
    "eval_recall": 0.5857445306986592,
    "eval_precision": 0.9219428456023427,
    "eval_f1": 0.7163593566104355,
    "eval_mcc": 0.5758018539137421,
    "eval_acc": 0.7680759607365112,
    "eval_threshold": 0.5
}