{
    "eval_recall": 0.792006158978636,
    "eval_precision": 0.8275237967555973,
    "eval_f1": 0.8093755122111129,
    "eval_mcc": 0.6275109543048635,
    "eval_acc": 0.8134663501635979,
    "eval_threshold": 0.5
}