{
    "eval_recall": 0.3372286500818644,
    "eval_precision": 0.4581817932851,
    "eval_f1": 0.3582182096470118,
    "eval_mcc": 0.6076755795881001,
    "eval_acc": 0.6320919175911252
}