{
    "eval_recall": 0.9846593720789575,
    "eval_precision": 0.9479144611475757,
    "eval_f1": 0.9659375927074624,
    "eval_mcc": 0.9312547270836581,
    "eval_acc": 0.9652773959421564,
    "eval_threshold": 0.5
}