{
    "eval_recall": 0.9241540792433772,
    "eval_precision": 0.862609813584744,
    "eval_f1": 0.8923220143629753,
    "eval_mcc": 0.7790815242360075,
    "eval_acc": 0.8885447495812971,
    "eval_threshold": 0.5
}