{
    "eval_recall": 0.6719060755758004,
    "eval_precision": 0.8624722062093387,
    "eval_f1": 0.7553552109628562,
    "eval_mcc": 0.5790777785791296,
    "eval_acc": 0.7823827548598191,
    "eval_threshold": 0.5
}