{
    "eval_recall": 0.9847493208199556,
    "eval_precision": 0.9632783716856919,
    "eval_f1": 0.9738955210209752,
    "eval_mcc": 0.9474330048642672,
    "eval_acc": 0.9735988883742474,
    "eval_threshold": 0.5
}