{
    "eval_recall": 0.9915324132622203,
    "eval_precision": 0.9616061430171172,
    "eval_f1": 0.9763400108283703,
    "eval_mcc": 0.9524050216986031,
    "eval_acc": 0.9759718480233134,
    "eval_threshold": 0.5
}