{
    "eval_recall": 0.9821474113746493,
    "eval_precision": 0.8283501828350183,
    "eval_f1": 0.8987164527421238,
    "eval_mcc": 0.792405665434558,
    "eval_acc": 0.8893139505228258,
    "eval_threshold": 0.5
}