{
    "eval_recall": 0.9615337120276611,
    "eval_precision": 0.9335771236736407,
    "eval_f1": 0.9473492106944064,
    "eval_mcc": 0.8934988474274871,
    "eval_acc": 0.9465493283927744,
    "eval_threshold": 0.5
}