{
    "eval_recall": 0.23957660303942643,
    "eval_precision": 0.33499930059851213,
    "eval_f1": 0.2583820443106534,
    "eval_mcc": 0.6234540422286291,
    "eval_acc": 0.653931937549464
}