{
    "eval_recall": 0.9790869676103034,
    "eval_precision": 0.77633973710819,
    "eval_f1": 0.8660049627791562,
    "eval_mcc": 0.7220748789679012,
    "eval_acc": 0.8485080336648814,
    "eval_threshold": 0.5
}