{
    "eval_recall": 0.9752614129048712,
    "eval_precision": 0.8342059336823735,
    "eval_f1": 0.8992357436801881,
    "eval_mcc": 0.7928497918204193,
    "eval_acc": 0.8907166539148177,
    "eval_threshold": 0.5
}