{
    "eval_recall": 0.7266701325708345,
    "eval_precision": 0.6279905649780972,
    "eval_f1": 0.6737362173886847,
    "eval_mcc": 0.2999308568920272,
    "eval_acc": 0.648102417468157,
    "eval_threshold": 0.5
}