{
    "eval_recall": 0.9925771155220762,
    "eval_precision": 0.9639557857638703,
    "eval_f1": 0.9780571057051525,
    "eval_mcc": 0.9558841337524744,
    "eval_acc": 0.9777313465662286,
    "eval_threshold": 0.5
}