{
    "eval_recall": 0.9733267473450234,
    "eval_precision": 0.9452539425556156,
    "eval_f1": 0.9590849633437776,
    "eval_mcc": 0.9173411387967093,
    "eval_acc": 0.958468426740775,
    "eval_threshold": 0.5
}