{
    "eval_recall": 0.9284816315127811,
    "eval_precision": 0.9057092246900122,
    "eval_f1": 0.9169540626293281,
    "eval_mcc": 0.8321910712587939,
    "eval_acc": 0.9159628673134641,
    "eval_threshold": 0.5
}