{
    "eval_recall": 0.9844427441979087,
    "eval_precision": 0.7738572574178028,
    "eval_f1": 0.8665394544842295,
    "eval_mcc": 0.7240865628993778,
    "eval_acc": 0.8483805151747004,
    "eval_threshold": 0.5
}