{
    "eval_recall": 0.6303613205094879,
    "eval_precision": 0.6323337679269883,
    "eval_f1": 0.631346003644884,
    "eval_mcc": 0.2638432383860311,
    "eval_acc": 0.6319209773849753,
    "eval_threshold": 0.5
}