{
    "eval_recall": 0.7988929889298892,
    "eval_precision": 0.7199866977053542,
    "eval_f1": 0.7573902396361728,
    "eval_mcc": 0.49115036279762636,
    "eval_acc": 0.7440959409594096,
    "eval_threshold": 0.5
}