{
    "eval_recall": 0.9742761031594221,
    "eval_precision": 0.9401693081280631,
    "eval_f1": 0.9569188909043793,
    "eval_mcc": 0.9128758050253176,
    "eval_acc": 0.9561374579513224,
    "eval_threshold": 0.5
}