{
    "eval_recall": 0.3093444718543321,
    "eval_precision": 0.4590199918444509,
    "eval_f1": 0.33768469395447365,
    "eval_mcc": 0.6366407539725123,
    "eval_acc": 0.6552737870034255
}