{
    "eval_recall": 0.7409594095940959,
    "eval_precision": 0.7267462902642056,
    "eval_f1": 0.7337840306961446,
    "eval_mcc": 0.4624500719277774,
    "eval_acc": 0.7311808118081181,
    "eval_threshold": 0.5
}