{
    "eval_recall": 0.9277752127168393,
    "eval_precision": 0.9106564806422375,
    "eval_f1": 0.9191361453262326,
    "eval_mcc": 0.8369000753629038,
    "eval_acc": 0.9183760965635512,
    "eval_threshold": 0.5
}