{
    "eval_recall": 0.985551988145221,
    "eval_precision": 0.9601203007518797,
    "eval_f1": 0.9726699369306238,
    "eval_mcc": 0.9449353594195229,
    "eval_acc": 0.9723019916628068,
    "eval_threshold": 0.5
}