{
    "eval_recall": 0.9913091309130914,
    "eval_precision": 0.96591274520313,
    "eval_f1": 0.9784461697160539,
    "eval_mcc": 0.9566563591274566,
    "eval_acc": 0.9781628162816282,
    "eval_threshold": 0.5
}