{
    "eval_recall": 0.9429457159817954,
    "eval_precision": 0.9115602882101639,
    "eval_f1": 0.9269874205680197,
    "eval_mcc": 0.8519661191953071,
    "eval_acc": 0.9257304927115626,
    "eval_threshold": 0.5
}