{
    "eval_recall": 0.7495348688009238,
    "eval_precision": 0.8529605022997737,
    "eval_f1": 0.7979101215680917,
    "eval_mcc": 0.6249357782864513,
    "eval_acc": 0.8101623147494708,
    "eval_threshold": 0.5
}