{
    "eval_recall": 0.6060819914030923,
    "eval_precision": 0.9140783744557329,
    "eval_f1": 0.7288789445258853,
    "eval_mcc": 0.5832158907111045,
    "eval_acc": 0.7745557195098479,
    "eval_threshold": 0.5
}