{
    "eval_recall": 0.9737029140014215,
    "eval_precision": 0.8551810237203495,
    "eval_f1": 0.910601528747092,
    "eval_mcc": 0.8166946230081508,
    "eval_acc": 0.904406538734897,
    "eval_threshold": 0.5
}