{
    "eval_recall": 0.9382382052128011,
    "eval_precision": 0.9086784253578732,
    "eval_f1": 0.923221764113885,
    "eval_mcc": 0.8444245113785777,
    "eval_acc": 0.9219883889695211,
    "eval_threshold": 0.5
}