{
    "eval_recall": 0.9068454157293053,
    "eval_precision": 0.820811170212766,
    "eval_f1": 0.8616861162613152,
    "eval_mcc": 0.712981459164889,
    "eval_acc": 0.8545208433707298,
    "eval_threshold": 0.5
}