{
    "eval_recall": 0.8027988658190799,
    "eval_precision": 0.8735071656050956,
    "eval_f1": 0.8366617415757114,
    "eval_mcc": 0.688805734460742,
    "eval_acc": 0.8432726607518521,
    "eval_threshold": 0.5
}