{
    "eval_recall": 0.2903967730719819,
    "eval_precision": 0.3738828397611256,
    "eval_f1": 0.309876573198391,
    "eval_mcc": 0.8001375645549782,
    "eval_acc": 0.8105056840454724
}