{
    "eval_recall": 0.9720884196634774,
    "eval_precision": 0.9282338857034843,
    "eval_f1": 0.9496551279571972,
    "eval_mcc": 0.8979553721938657,
    "eval_acc": 0.9484760522496372,
    "eval_threshold": 0.5
}