{
    "eval_recall": 0.9216760145166611,
    "eval_precision": 0.9040191573360947,
    "eval_f1": 0.9127622034895118,
    "eval_mcc": 0.8240131875196679,
    "eval_acc": 0.9119276949465629,
    "eval_threshold": 0.5
}