{
    "eval_recall": 0.9910891089108911,
    "eval_precision": 0.9659572186779607,
    "eval_f1": 0.9783617951293677,
    "eval_mcc": 0.9564844004711255,
    "eval_acc": 0.978080308030803,
    "eval_threshold": 0.5
}