{
    "eval_recall": 0.959641502171881,
    "eval_precision": 0.9367217689995706,
    "eval_f1": 0.9480431299057552,
    "eval_mcc": 0.8950829539132621,
    "eval_acc": 0.9474074888656733,
    "eval_threshold": 0.5
}