{
    "eval_recall": 0.968968809675366,
    "eval_precision": 0.9617753909335018,
    "eval_f1": 0.9653586999603646,
    "eval_mcc": 0.9305455020456926,
    "eval_acc": 0.9652595595834327,
    "eval_threshold": 0.5
}