{
    "eval_recall": 0.807382375877307,
    "eval_precision": 0.6318787508900418,
    "eval_f1": 0.7089300998573467,
    "eval_mcc": 0.35081929407430185,
    "eval_acc": 0.6685079282557838,
    "eval_threshold": 0.5
}