{
    "eval_recall": 0.9826574853353737,
    "eval_precision": 0.8250535331905782,
    "eval_f1": 0.89698521708765,
    "eval_mcc": 0.7888178645506015,
    "eval_acc": 0.8871461361897475,
    "eval_threshold": 0.5
}