{
    "eval_recall": 0.24543827843468852,
    "eval_precision": 0.3548099332191101,
    "eval_f1": 0.26527747323538375,
    "eval_mcc": 0.6373340956806508,
    "eval_acc": 0.6662966503242782
}