{
    "eval_recall": 0.976657800605338,
    "eval_precision": 0.9400988787852035,
    "eval_f1": 0.958029689608637,
    "eval_mcc": 0.9151194540238083,
    "eval_acc": 0.9572136109327708,
    "eval_threshold": 0.5
}