{
    "eval_recall": 0.9818923743942872,
    "eval_precision": 0.7730923694779116,
    "eval_f1": 0.8650713402988428,
    "eval_mcc": 0.7204758332250288,
    "eval_acc": 0.8468502932925274,
    "eval_threshold": 0.5
}