{
    "eval_recall": 0.7741697416974169,
    "eval_precision": 0.664765525982256,
    "eval_f1": 0.715308557790658,
    "eval_mcc": 0.3890690018256119,
    "eval_acc": 0.6918819188191881,
    "eval_threshold": 0.5
}