{
    "eval_recall": 0.9438521677327647,
    "eval_precision": 0.8274143302180685,
    "eval_f1": 0.8818061088977424,
    "eval_mcc": 0.7544874969534224,
    "eval_acc": 0.8734896943852167,
    "eval_threshold": 0.5
}