{
    "eval_recall": 0.984952818158633,
    "eval_precision": 0.7697827386884593,
    "eval_f1": 0.8641754307451333,
    "eval_mcc": 0.7190465041539678,
    "eval_acc": 0.8451925529201735,
    "eval_threshold": 0.5
}