{
    "eval_recall": 0.3090867116958247,
    "eval_precision": 0.42187323867208715,
    "eval_f1": 0.3312780493454031,
    "eval_mcc": 0.825069178380378,
    "eval_acc": 0.8342872076309944
}