{
    "eval_recall": 0.26536376228371017,
    "eval_precision": 0.4088402613041849,
    "eval_f1": 0.29119158489044494,
    "eval_mcc": 0.6219366284104184,
    "eval_acc": 0.642859009538743
}