{
    "eval_recall": 0.749805042890564,
    "eval_precision": 0.6031364349189754,
    "eval_f1": 0.6685207717712497,
    "eval_mcc": 0.264369410734961,
    "eval_acc": 0.6282167923056927,
    "eval_threshold": 0.5
}