{
    "eval_recall": 0.9681519765330353,
    "eval_precision": 0.9263565891472868,
    "eval_f1": 0.9467932518270609,
    "eval_mcc": 0.8921646441951049,
    "eval_acc": 0.9456271375724157,
    "eval_threshold": 0.5
}