{
    "eval_recall": 0.9844427441979087,
    "eval_precision": 0.7724634780868521,
    "eval_f1": 0.8656649472976005,
    "eval_mcc": 0.722190599805029,
    "eval_acc": 0.8472328487630707,
    "eval_threshold": 0.5
}