{
    "eval_recall": 0.9067076810063817,
    "eval_precision": 0.8232180075031263,
    "eval_f1": 0.8629481549452711,
    "eval_mcc": 0.7158649689047389,
    "eval_acc": 0.8560809415651456,
    "eval_threshold": 0.5
}