{
    "eval_recall": 0.7651291512915129,
    "eval_precision": 0.707679180887372,
    "eval_f1": 0.7352836879432625,
    "eval_mcc": 0.45056462849378703,
    "eval_acc": 0.7245387453874539,
    "eval_threshold": 0.5
}