{
    "eval_recall": 0.9719459321601632,
    "eval_precision": 0.7959482038429407,
    "eval_f1": 0.8751865885865198,
    "eval_mcc": 0.7411195312417638,
    "eval_acc": 0.8613874011731701,
    "eval_threshold": 0.5
}