{
    "eval_recall": 0.9738803509003364,
    "eval_precision": 0.9337844674930432,
    "eval_f1": 0.9534110354179447,
    "eval_mcc": 0.9056568774915258,
    "eval_acc": 0.9524107908449311,
    "eval_threshold": 0.5
}