{
    "eval_recall": 0.6768910839615284,
    "eval_precision": 0.6538606403013183,
    "eval_f1": 0.665176575771122,
    "eval_mcc": 0.31875770469714754,
    "eval_acc": 0.65927995840915,
    "eval_threshold": 0.5
}