{
    "eval_recall": 0.9916423819211525,
    "eval_precision": 0.962842346911537,
    "eval_f1": 0.9770301749823934,
    "eval_mcc": 0.9538000648113866,
    "eval_acc": 0.9766866443063726,
    "eval_threshold": 0.5
}