{
    "eval_recall": 0.9873425537169671,
    "eval_precision": 0.9590955436933966,
    "eval_f1": 0.9730140862210593,
    "eval_mcc": 0.9456315955910155,
    "eval_acc": 0.9726107765941022,
    "eval_threshold": 0.5
}