{
    "eval_recall": 0.9575210783523979,
    "eval_precision": 0.9504264392324094,
    "eval_f1": 0.9539605682030978,
    "eval_mcc": 0.9076027531938137,
    "eval_acc": 0.9537887331507438,
    "eval_threshold": 0.5
}