{
    "eval_recall": 0.7265682656826569,
    "eval_precision": 0.6787314719062393,
    "eval_f1": 0.7018356799144538,
    "eval_mcc": 0.38361078466871673,
    "eval_acc": 0.6913284132841329,
    "eval_threshold": 0.5
}