{
    "eval_recall": 0.8796194370183991,
    "eval_precision": 0.851434660172007,
    "eval_f1": 0.8652975983292724,
    "eval_mcc": 0.7278751099665614,
    "eval_acc": 0.8637217309648643,
    "eval_threshold": 0.5
}