{
    "eval_recall": 0.9077776758690269,
    "eval_precision": 0.8325972660357518,
    "eval_f1": 0.8685636559092604,
    "eval_mcc": 0.7282339752619047,
    "eval_acc": 0.8626295514995873,
    "eval_threshold": 0.5
}