{
    "eval_recall": 0.6117754094099298,
    "eval_precision": 0.6393643031784841,
    "eval_f1": 0.6252656748140277,
    "eval_mcc": 0.2669499674170694,
    "eval_acc": 0.6333506628541721,
    "eval_threshold": 0.5
}