{
    "eval_recall": 0.9579550216510686,
    "eval_precision": 0.9297722342733189,
    "eval_f1": 0.943653250773994,
    "eval_mcc": 0.8860791687707067,
    "eval_acc": 0.9428352062539261,
    "eval_threshold": 0.5
}