{
    "eval_recall": 0.7335586171042371,
    "eval_precision": 0.6098984223038686,
    "eval_f1": 0.6660372905357566,
    "eval_mcc": 0.26996925942095984,
    "eval_acc": 0.6321809201975566,
    "eval_threshold": 0.5
}