{
    "eval_recall": 0.3527032152602067,
    "eval_precision": 0.48366617451026483,
    "eval_f1": 0.3853803368407954,
    "eval_mcc": 0.8592265430371063,
    "eval_acc": 0.8703092719928464
}