{
    "eval_recall": 0.28593767046119095,
    "eval_precision": 0.38638580120835314,
    "eval_f1": 0.3010298076916402,
    "eval_mcc": 0.6252752968406489,
    "eval_acc": 0.6551624697461249
}