{
    "eval_recall": 0.9793420045906657,
    "eval_precision": 0.7721697164689323,
    "eval_f1": 0.8635034854958399,
    "eval_mcc": 0.7166609683255856,
    "eval_acc": 0.8451925529201735,
    "eval_threshold": 0.5
}