{
    "eval_recall": 0.3292971309489556,
    "eval_precision": 0.4634438166409848,
    "eval_f1": 0.3539919434647885,
    "eval_mcc": 0.8276429673527058,
    "eval_acc": 0.8421386922115786
}