{
    "eval_recall": 0.8120869955732342,
    "eval_precision": 0.8160134089736978,
    "eval_f1": 0.8140454676999261,
    "eval_mcc": 0.62899297462062,
    "eval_acc": 0.8144928466029383,
    "eval_threshold": 0.5
}