{
    "eval_recall": 0.9864830400408059,
    "eval_precision": 0.8452797202797203,
    "eval_f1": 0.9104389784629869,
    "eval_mcc": 0.8174025430480719,
    "eval_acc": 0.902958428972201,
    "eval_threshold": 0.5
}