{
    "eval_recall": 0.7228782287822878,
    "eval_precision": 0.737297704177644,
    "eval_f1": 0.7300167691447736,
    "eval_mcc": 0.46540266616195314,
    "eval_acc": 0.7326568265682657,
    "eval_threshold": 0.5
}