{
    "eval_recall": 0.9795970415710278,
    "eval_precision": 0.8313852813852813,
    "eval_f1": 0.8994262966865706,
    "eval_mcc": 0.7936361297185375,
    "eval_acc": 0.8904616169344555,
    "eval_threshold": 0.5
}