{
    "eval_recall": 0.9780723886416808,
    "eval_precision": 0.9448703744737426,
    "eval_f1": 0.9611847443873411,
    "eval_mcc": 0.9215561854582184,
    "eval_acc": 0.9604937138662017,
    "eval_threshold": 0.5
}