{
    "eval_recall": 0.9445453275597151,
    "eval_precision": 0.8996806812134114,
    "eval_f1": 0.9215672913117547,
    "eval_mcc": 0.8403734893971977,
    "eval_acc": 0.9196621763104628,
    "eval_threshold": 0.5
}