{
    "eval_recall": 0.9790869676103034,
    "eval_precision": 0.8149012948418595,
    "eval_f1": 0.8894810009267842,
    "eval_mcc": 0.7725373053025909,
    "eval_acc": 0.8783473603672532,
    "eval_threshold": 0.5
}