{
    "eval_recall": 0.9363906301550643,
    "eval_precision": 0.9133680890776855,
    "eval_f1": 0.9247360875798253,
    "eval_mcc": 0.8478752624783921,
    "eval_acc": 0.9238026124818578,
    "eval_threshold": 0.5
}