{
    "eval_recall": 0.9747621927750592,
    "eval_precision": 0.9416764049718475,
    "eval_f1": 0.9579336989706321,
    "eval_mcc": 0.9149543139983032,
    "eval_acc": 0.9571946995106395,
    "eval_threshold": 0.5
}