{
    "eval_recall": 0.9856613500886097,
    "eval_precision": 0.9891140331968097,
    "eval_f1": 0.9873846733195255,
    "eval_mcc": 0.9748193217788064,
    "eval_acc": 0.9874066913699586,
    "eval_threshold": 0.5
}