{
    "eval_recall": 0.9923021938747457,
    "eval_precision": 0.9475977946967709,
    "eval_f1": 0.9694348947142243,
    "eval_mcc": 0.9384727600990294,
    "eval_acc": 0.9687139165337879,
    "eval_threshold": 0.5
}