{
    "eval_recall": 0.9528181586330018,
    "eval_precision": 0.8416309979725163,
    "eval_f1": 0.8937799043062201,
    "eval_mcc": 0.78036694159386,
    "eval_acc": 0.8867635807192042,
    "eval_threshold": 0.5
}