{
    "eval_recall": 0.9658250446314716,
    "eval_precision": 0.7757066775911512,
    "eval_f1": 0.8603885039191185,
    "eval_mcc": 0.7081582393383724,
    "eval_acc": 0.8432797755674573,
    "eval_threshold": 0.5
}