{
    "eval_recall": 0.9854628921193573,
    "eval_precision": 0.8275862068965517,
    "eval_f1": 0.89965075669383,
    "eval_mcc": 0.7947536002773629,
    "eval_acc": 0.8900790614639122,
    "eval_threshold": 0.5
}