{
    "eval_recall": 0.9782662385774266,
    "eval_precision": 0.9133041272769196,
    "eval_f1": 0.9446696875745291,
    "eval_mcc": 0.8876265346806743,
    "eval_acc": 0.9426895167515825,
    "eval_threshold": 0.5
}