{
    "eval_recall": 0.9914774289327541,
    "eval_precision": 0.962271199103474,
    "eval_f1": 0.976656014732167,
    "eval_mcc": 0.9530425826715901,
    "eval_acc": 0.97630175400011,
    "eval_threshold": 0.5
}