{
    "eval_recall": 0.31101986255525904,
    "eval_precision": 0.42639968946899004,
    "eval_f1": 0.3354587152013629,
    "eval_mcc": 0.642548177028087,
    "eval_acc": 0.6714866882949688
}