{
    "eval_recall": 0.2875639520062286,
    "eval_precision": 0.41582260632543905,
    "eval_f1": 0.305564473552585,
    "eval_mcc": 0.6228719674700411,
    "eval_acc": 0.6530614346773779
}