{
    "eval_recall": 0.2866803726233527,
    "eval_precision": 0.3853319006482206,
    "eval_f1": 0.30491210060265456,
    "eval_mcc": 0.6314865201336268,
    "eval_acc": 0.6609625998211698
}