{
    "eval_recall": 0.31472474016251645,
    "eval_precision": 0.4567352986356161,
    "eval_f1": 0.34410669168240954,
    "eval_mcc": 0.6386475483566588,
    "eval_acc": 0.6570121171839051
}