{
    "eval_recall": 0.9844406026179303,
    "eval_precision": 0.9712475633528265,
    "eval_f1": 0.9777995829755918,
    "eval_mcc": 0.9553759914797164,
    "eval_acc": 0.9776439709742164,
    "eval_threshold": 0.5
}