{
    "eval_recall": 0.832068050855209,
    "eval_precision": 0.8366596155614826,
    "eval_f1": 0.8343575162799229,
    "eval_mcc": 0.669634157947434,
    "eval_acc": 0.8348120369523461,
    "eval_threshold": 0.5
}