{
    "eval_recall": 0.7276752767527676,
    "eval_precision": 0.68389110456043,
    "eval_f1": 0.7051041387324573,
    "eval_mcc": 0.3921328823583147,
    "eval_acc": 0.6956642066420664,
    "eval_threshold": 0.5
}