{
    "eval_recall": 0.8035055350553506,
    "eval_precision": 0.6625589532937776,
    "eval_f1": 0.7262569832402236,
    "eval_mcc": 0.40351658050487776,
    "eval_acc": 0.697140221402214,
    "eval_threshold": 0.5
}