{
    "eval_recall": 0.9784921581216179,
    "eval_precision": 0.9319095038434662,
    "eval_f1": 0.9546329023309919,
    "eval_mcc": 0.9081333255624477,
    "eval_acc": 0.953499036962304,
    "eval_threshold": 0.5
}