{
    "eval_recall": 0.9748597822500825,
    "eval_precision": 0.9390453187567533,
    "eval_f1": 0.9566174566174566,
    "eval_mcc": 0.9122619569545276,
    "eval_acc": 0.955798918063069,
    "eval_threshold": 0.5
}