{
    "eval_recall": 0.9255386066991665,
    "eval_precision": 0.8510592148073169,
    "eval_f1": 0.8867377302346605,
    "eval_mcc": 0.7676995265141321,
    "eval_acc": 0.8823460364660771,
    "eval_threshold": 0.5
}