{
    "eval_recall": 0.9429262660141859,
    "eval_precision": 0.9204057535422928,
    "eval_f1": 0.9315299166191369,
    "eval_mcc": 0.8616424699523881,
    "eval_acc": 0.9306922527079782,
    "eval_threshold": 0.5
}