{
    "eval_recall": 0.968063345430551,
    "eval_precision": 0.937923539189362,
    "eval_f1": 0.9527551384875151,
    "eval_mcc": 0.904478616922285,
    "eval_acc": 0.9520055416281832,
    "eval_threshold": 0.5
}