{
    "eval_recall": 0.976545842217484,
    "eval_precision": 0.8751592356687898,
    "eval_f1": 0.9230769230769231,
    "eval_mcc": 0.8429178952684068,
    "eval_acc": 0.9186211798152096,
    "eval_threshold": 0.5
}