{
    "eval_recall": 0.28488853336116227,
    "eval_precision": 0.37054511822047503,
    "eval_f1": 0.29691927791821027,
    "eval_mcc": 0.8103284839445957,
    "eval_acc": 0.8191459811620919
}