{
    "eval_recall": 0.9765686428683755,
    "eval_precision": 0.9488158899923606,
    "eval_f1": 0.962492250464972,
    "eval_mcc": 0.9246512927229937,
    "eval_acc": 0.9621253619219031,
    "eval_threshold": 0.5
}