{
    "eval_recall": 0.7005396505991036,
    "eval_precision": 0.9032904823682038,
    "eval_f1": 0.7890995260663507,
    "eval_mcc": 0.6419166704991128,
    "eval_acc": 0.8127686819720114,
    "eval_threshold": 0.5
}