{
    "eval_recall": 0.9883921956038528,
    "eval_precision": 0.9697704004361786,
    "eval_f1": 0.9789927529584442,
    "eval_mcc": 0.9577494406032755,
    "eval_acc": 0.9787864752200093,
    "eval_threshold": 0.5
}