{
    "eval_recall": 0.9304149172635219,
    "eval_precision": 0.9019572634225175,
    "eval_f1": 0.9159651095644774,
    "eval_mcc": 0.829653993365289,
    "eval_acc": 0.914620966496835,
    "eval_threshold": 0.5
}