{
    "eval_recall": 0.9346349185409933,
    "eval_precision": 0.9068219633943427,
    "eval_f1": 0.9205184006236399,
    "eval_mcc": 0.8389937497127818,
    "eval_acc": 0.9192995185014181,
    "eval_threshold": 0.5
}