{
    "eval_recall": 0.9828970116078044,
    "eval_precision": 0.9647294103387674,
    "eval_f1": 0.97372847661865,
    "eval_mcc": 0.9471185609196519,
    "eval_acc": 0.9734753744017292,
    "eval_threshold": 0.5
}