{
    "eval_recall": 0.8331656452940639,
    "eval_precision": 0.8327086570984551,
    "eval_f1": 0.8329370885149963,
    "eval_mcc": 0.665782593628372,
    "eval_acc": 0.8328912466843501,
    "eval_threshold": 0.5
}