{
    "eval_recall": 0.28556096804589176,
    "eval_precision": 0.406337084294614,
    "eval_f1": 0.3096799899675578,
    "eval_mcc": 0.6367517747579214,
    "eval_acc": 0.6570756566052528
}