{
    "eval_recall": 0.9758582366016301,
    "eval_precision": 0.9448795360793926,
    "eval_f1": 0.9601190656987517,
    "eval_mcc": 0.9194069936467294,
    "eval_acc": 0.9594565385209202,
    "eval_threshold": 0.5
}