{
    "eval_recall": 0.9752614129048712,
    "eval_precision": 0.7797716150081566,
    "eval_f1": 0.866628895184136,
    "eval_mcc": 0.7229079162658626,
    "eval_acc": 0.8499107370568733,
    "eval_threshold": 0.5
}