{
    "eval_recall": 0.7970479704797048,
    "eval_precision": 0.7078485990496477,
    "eval_f1": 0.7498047383493882,
    "eval_mcc": 0.4718425365150085,
    "eval_acc": 0.7340405904059041,
    "eval_threshold": 0.5
}