{
    "eval_recall": 0.9225302061122956,
    "eval_precision": 0.8325849903784477,
    "eval_f1": 0.8752528658125421,
    "eval_mcc": 0.7413679990368729,
    "eval_acc": 0.8685145700071073,
    "eval_threshold": 0.5
}