{
    "eval_recall": 0.9861076809088664,
    "eval_precision": 0.9546894614143104,
    "eval_f1": 0.9701442672741079,
    "eval_mcc": 0.939801727905761,
    "eval_acc": 0.9696464412536668,
    "eval_threshold": 0.5
}