{
    "eval_recall": 0.978446142849288,
    "eval_precision": 0.9442321978138597,
    "eval_f1": 0.9610347527880538,
    "eval_mcc": 0.9212625977961143,
    "eval_acc": 0.9603288062902073,
    "eval_threshold": 0.5
}