{
    "eval_recall": 0.7745387453874538,
    "eval_precision": 0.706496129249411,
    "eval_f1": 0.7389544094349586,
    "eval_mcc": 0.4548820968119346,
    "eval_acc": 0.7263837638376384,
    "eval_threshold": 0.5
}