{
    "eval_recall": 0.9596992282830947,
    "eval_precision": 0.916997542068444,
    "eval_f1": 0.9378625757380431,
    "eval_mcc": 0.8737795045147808,
    "eval_acc": 0.9364158037068795,
    "eval_threshold": 0.5
}