{
    "eval_recall": 0.9849095107674132,
    "eval_precision": 0.9877208099956916,
    "eval_f1": 0.9863131571163517,
    "eval_mcc": 0.9726692102627287,
    "eval_acc": 0.9863326351968208,
    "eval_threshold": 0.5
}