{
    "eval_recall": 0.9752282214780494,
    "eval_precision": 0.9439214989787763,
    "eval_f1": 0.9593195099388552,
    "eval_mcc": 0.917775341845108,
    "eval_acc": 0.958635404239699,
    "eval_threshold": 0.5
}