{
    "eval_recall": 0.9306114372402876,
    "eval_precision": 0.8993498215196328,
    "eval_f1": 0.9147136049790917,
    "eval_mcc": 0.8269623840893754,
    "eval_acc": 0.9132313171954357,
    "eval_threshold": 0.5
}