{
    "eval_recall": 0.964712090231515,
    "eval_precision": 0.944954128440367,
    "eval_f1": 0.9547308985280198,
    "eval_mcc": 0.9087139280969763,
    "eval_acc": 0.9542576347206648,
    "eval_threshold": 0.5
}