{
    "eval_recall": 0.9800406884038049,
    "eval_precision": 0.9476818375159507,
    "eval_f1": 0.9635896742803082,
    "eval_mcc": 0.9264763548215004,
    "eval_acc": 0.9629680541045802,
    "eval_threshold": 0.5
}