{
    "eval_recall": 0.9898122993331687,
    "eval_precision": 0.9597102490421456,
    "eval_f1": 0.9745288753799393,
    "eval_mcc": 0.9487142932442897,
    "eval_acc": 0.9741238227574495,
    "eval_threshold": 0.5
}