{
    "eval_recall": 0.6283441329312889,
    "eval_precision": 0.8977085242896425,
    "eval_f1": 0.7392535003962712,
    "eval_mcc": 0.5836395072272933,
    "eval_acc": 0.7783730031436453,
    "eval_threshold": 0.5
}