{
    "eval_recall": 0.969905636317266,
    "eval_precision": 0.8398851590106007,
    "eval_f1": 0.9002248786838679,
    "eval_mcc": 0.7945827899971806,
    "eval_acc": 0.8925019127773527,
    "eval_threshold": 0.5
}