{
    "eval_recall": 0.9551134914562611,
    "eval_precision": 0.7802083333333333,
    "eval_f1": 0.8588464625616329,
    "eval_mcc": 0.7039666034280715,
    "eval_acc": 0.8430247385870951,
    "eval_threshold": 0.5
}