{
    "eval_recall": 0.21910376503320314,
    "eval_precision": 0.31458743490947705,
    "eval_f1": 0.2289477235341568,
    "eval_mcc": 0.61340885765987,
    "eval_acc": 0.6462932111620159
}