{
    "eval_recall": 0.9841039686375598,
    "eval_precision": 0.9879238772979676,
    "eval_f1": 0.9860102232983589,
    "eval_mcc": 0.9720818061349,
    "eval_acc": 0.9860372697492079,
    "eval_threshold": 0.5
}