{
    "eval_recall": 0.9728515087590571,
    "eval_precision": 0.9235524597300827,
    "eval_f1": 0.947561193496516,
    "eval_mcc": 0.8935972315046045,
    "eval_acc": 0.9461616068971843,
    "eval_threshold": 0.5
}