{
    "eval_recall": 0.9688096753660089,
    "eval_precision": 0.967193581698308,
    "eval_f1": 0.9680009540088246,
    "eval_mcc": 0.9360058007043079,
    "eval_acc": 0.968002225932109,
    "eval_threshold": 0.5
}