{
    "eval_recall": 0.2590094449301634,
    "eval_precision": 0.37723143162947087,
    "eval_f1": 0.2808882010050694,
    "eval_mcc": 0.6490534214741512,
    "eval_acc": 0.6772326888882036
}