{
    "eval_recall": 0.625713735805479,
    "eval_precision": 0.8999723170619175,
    "eval_f1": 0.7381925522252498,
    "eval_mcc": 0.5839437600108922,
    "eval_acc": 0.7780843010200809,
    "eval_threshold": 0.5
}