{
    "eval_recall": 0.9915873975916863,
    "eval_precision": 0.9617620393579009,
    "eval_f1": 0.9764470193296876,
    "eval_mcc": 0.9526218080075721,
    "eval_acc": 0.9760818166822456,
    "eval_threshold": 0.5
}