{
    "eval_recall": 0.9651741293532339,
    "eval_precision": 0.8589500316255535,
    "eval_f1": 0.9089692101740294,
    "eval_mcc": 0.812921085239678,
    "eval_acc": 0.9033404406538735,
    "eval_threshold": 0.5
}