{
    "eval_recall": 0.9658848614072495,
    "eval_precision": 0.8612167300380228,
    "eval_f1": 0.9105527638190956,
    "eval_mcc": 0.8162855648430334,
    "eval_acc": 0.9051172707889126,
    "eval_threshold": 0.5
}