{
    "eval_recall": 0.9381663113006397,
    "eval_precision": 0.8275862068965517,
    "eval_f1": 0.8794137241838774,
    "eval_mcc": 0.7494352111398975,
    "eval_acc": 0.8713574982231699,
    "eval_threshold": 0.5
}