{
    "eval_recall": 0.9594491201224178,
    "eval_precision": 0.7817955112219451,
    "eval_f1": 0.861559601511508,
    "eval_mcc": 0.7102407096421236,
    "eval_acc": 0.8458301453710788,
    "eval_threshold": 0.5
}