{
    "eval_recall": 0.22541370415984832,
    "eval_precision": 0.31011592231135066,
    "eval_f1": 0.24181600397291733,
    "eval_mcc": 0.6045013406997494,
    "eval_acc": 0.6237216231913335
}