{
    "eval_recall": 0.9693291999208495,
    "eval_precision": 0.9568954290923297,
    "eval_f1": 0.9630721845407779,
    "eval_mcc": 0.9257426887528942,
    "eval_acc": 0.9628322670008574,
    "eval_threshold": 0.5
}