{
    "eval_recall": 0.9768831577292028,
    "eval_precision": 0.9263346257083209,
    "eval_f1": 0.950937619594336,
    "eval_mcc": 0.9010319544017329,
    "eval_acc": 0.9498395805618594,
    "eval_threshold": 0.5
}