{
    "eval_recall": 0.9815209665955935,
    "eval_precision": 0.8415600243753809,
    "eval_f1": 0.9061679790026247,
    "eval_mcc": 0.8079831724936543,
    "eval_acc": 0.898365316275764,
    "eval_threshold": 0.5
}