{
    "eval_recall": 0.9604692680438663,
    "eval_precision": 0.7792261535278295,
    "eval_f1": 0.8604066712360064,
    "eval_mcc": 0.7077557283893017,
    "eval_acc": 0.8441724049987248,
    "eval_threshold": 0.5
}