{
    "eval_recall": 0.9400469251667078,
    "eval_precision": 0.9121682343778084,
    "eval_f1": 0.9258977711557759,
    "eval_mcc": 0.8498944372726747,
    "eval_acc": 0.9247491122433226,
    "eval_threshold": 0.5
}