{
    "eval_recall": 0.300930290256899,
    "eval_precision": 0.3774656391769307,
    "eval_f1": 0.31242485831098765,
    "eval_mcc": 0.8219777706841737,
    "eval_acc": 0.8302820635842529
}