{
    "eval_recall": 0.6036440623596587,
    "eval_precision": 0.921999020088192,
    "eval_f1": 0.7296060794044664,
    "eval_mcc": 0.5887881799240815,
    "eval_acc": 0.776287932251235,
    "eval_threshold": 0.5
}