{
    "eval_recall": 0.7774907749077491,
    "eval_precision": 0.653434641029617,
    "eval_f1": 0.7100850956272644,
    "eval_mcc": 0.37189290007564496,
    "eval_acc": 0.6825645756457565,
    "eval_threshold": 0.5
}