{
    "eval_recall": 0.9908176169791609,
    "eval_precision": 0.9639972182100252,
    "eval_f1": 0.9772234273318872,
    "eval_mcc": 0.9541825356436445,
    "eval_acc": 0.976906581624237,
    "eval_threshold": 0.5
}