{
    "eval_recall": 0.9576756530241654,
    "eval_precision": 0.9259859535386278,
    "eval_f1": 0.9415642381377464,
    "eval_mcc": 0.8817216402852813,
    "eval_acc": 0.9406016611991345,
    "eval_threshold": 0.5
}