{
    "eval_recall": 0.2500821385704576,
    "eval_precision": 0.3757767726877039,
    "eval_f1": 0.2764272879655109,
    "eval_mcc": 0.7629367172150624,
    "eval_acc": 0.7831528529779259
}