{
    "eval_recall": 0.7732472324723247,
    "eval_precision": 0.7129976182374957,
    "eval_f1": 0.7419012214551248,
    "eval_mcc": 0.46365094971408566,
    "eval_acc": 0.7309963099630996,
    "eval_threshold": 0.5
}