{
    "eval_recall": 0.9535832695740882,
    "eval_precision": 0.7973981659202388,
    "eval_f1": 0.8685249709639953,
    "eval_mcc": 0.7253479910062485,
    "eval_acc": 0.8556490691150217,
    "eval_threshold": 0.5
}