{
    "eval_recall": 0.975006375924509,
    "eval_precision": 0.7748277259829752,
    "eval_f1": 0.8634669678147939,
    "eval_mcc": 0.7159668451063161,
    "eval_acc": 0.8458301453710788,
    "eval_threshold": 0.5
}