{
    "eval_recall": 0.9535932259306098,
    "eval_precision": 0.9302188371594079,
    "eval_f1": 0.9417610165349841,
    "eval_mcc": 0.8823372147875904,
    "eval_acc": 0.9410293066476054,
    "eval_threshold": 0.5
}