{
    "eval_recall": 0.11660917737817977,
    "eval_precision": 0.28283485154428245,
    "eval_f1": 0.13675173584080208,
    "eval_mcc": 0.4305163717416385,
    "eval_acc": 0.4525022866849601
}