{
    "eval_recall": 0.989772914719305,
    "eval_precision": 0.9376497551828316,
    "eval_f1": 0.9630065534305203,
    "eval_mcc": 0.9253875738654033,
    "eval_acc": 0.9619783361741904,
    "eval_threshold": 0.5
}