{
    "eval_recall": 0.9482224127696062,
    "eval_precision": 0.9008647700213059,
    "eval_f1": 0.9239371445097849,
    "eval_mcc": 0.8450441853838099,
    "eval_acc": 0.9219378668953235,
    "eval_threshold": 0.5
}