{
    "eval_recall": 0.31737658861909424,
    "eval_precision": 0.4392713996085041,
    "eval_f1": 0.33599009110744615,
    "eval_mcc": 0.6075263680189906,
    "eval_acc": 0.6316957210776545
}