{
    "eval_recall": 0.9767916347870441,
    "eval_precision": 0.8168052889741949,
    "eval_f1": 0.8896631823461092,
    "eval_mcc": 0.7726815637431209,
    "eval_acc": 0.8788574343279776,
    "eval_threshold": 0.5
}