{
    "eval_recall": 0.9881188118811881,
    "eval_precision": 0.9518863925392115,
    "eval_f1": 0.9696642556407211,
    "eval_mcc": 0.9388541949385455,
    "eval_acc": 0.9690869086908691,
    "eval_threshold": 0.5
}