{
    "eval_recall": 0.9832297795128389,
    "eval_precision": 0.9462877705455892,
    "eval_f1": 0.9644051342897206,
    "eval_mcc": 0.9281282040980416,
    "eval_acc": 0.9637103425523725,
    "eval_threshold": 0.5
}