{
    "eval_recall": 0.7119394367100789,
    "eval_precision": 0.8546014632268002,
    "eval_f1": 0.7767744645107098,
    "eval_mcc": 0.5992210820736881,
    "eval_acc": 0.7954064284339514,
    "eval_threshold": 0.5
}