{
    "eval_recall": 0.23579088608363466,
    "eval_precision": 0.33718730374910383,
    "eval_f1": 0.2529664128992233,
    "eval_mcc": 0.6321016120339075,
    "eval_acc": 0.6633486047480217
}