{
    "eval_recall": 0.8978612989463752,
    "eval_precision": 0.8396940951540555,
    "eval_f1": 0.8678040810122735,
    "eval_mcc": 0.7295746348081547,
    "eval_acc": 0.863878237733782,
    "eval_threshold": 0.5
}