{
    "eval_recall": 0.975832339723012,
    "eval_precision": 0.927634160163913,
    "eval_f1": 0.9511230305062017,
    "eval_mcc": 0.9009234145654035,
    "eval_acc": 0.9498532513986976,
    "eval_threshold": 0.5
}