{
    "eval_recall": 0.9788319306299413,
    "eval_precision": 0.8429606852624643,
    "eval_f1": 0.905829596412556,
    "eval_mcc": 0.8070328675466089,
    "eval_acc": 0.8982402448355011,
    "eval_threshold": 0.5
}