{
    "eval_recall": 0.28134902567381953,
    "eval_precision": 0.4063018287794182,
    "eval_f1": 0.30493401212098015,
    "eval_mcc": 0.6351555383983266,
    "eval_acc": 0.6556383117731609
}