{
    "eval_recall": 0.9867487765986693,
    "eval_precision": 0.9448246814783616,
    "eval_f1": 0.9653317554665016,
    "eval_mcc": 0.9300412322189342,
    "eval_acc": 0.9645625996590972,
    "eval_threshold": 0.5
}