{
    "eval_recall": 0.8084697704198299,
    "eval_precision": 0.8153306890508256,
    "eval_f1": 0.81188573528061,
    "eval_mcc": 0.6253765735076372,
    "eval_acc": 0.8126772157687734,
    "eval_threshold": 0.5
}