{
    "eval_recall": 0.3242994694329224,
    "eval_precision": 0.4415017520678533,
    "eval_f1": 0.34858144355937454,
    "eval_mcc": 0.6540936054801113,
    "eval_acc": 0.6817549822338946
}