{
    "eval_recall": 0.510144336435541,
    "eval_precision": 0.6052370197777089,
    "eval_f1": 0.539703077388004,
    "eval_mcc": 0.9367296153448915,
    "eval_acc": 0.9415821334237762
}