{
    "eval_recall": 0.9635357929219698,
    "eval_precision": 0.9659219380888291,
    "eval_f1": 0.9647273900419401,
    "eval_mcc": 0.9295447513321519,
    "eval_acc": 0.9647709575210783,
    "eval_threshold": 0.5
}