{
    "eval_recall": 0.7790486093059527,
    "eval_precision": 0.6405899326707278,
    "eval_f1": 0.7030672687818896,
    "eval_mcc": 0.3502336491151826,
    "eval_acc": 0.6709773849753055,
    "eval_threshold": 0.5
}