{
    "eval_recall": 0.9502487562189055,
    "eval_precision": 0.8319850653391413,
    "eval_f1": 0.8871930988719311,
    "eval_mcc": 0.7661306655616531,
    "eval_acc": 0.8791755508173419,
    "eval_threshold": 0.5
}