{
    "eval_recall": 0.9701997169366252,
    "eval_precision": 0.9383983572895277,
    "eval_f1": 0.9540340974987437,
    "eval_mcc": 0.9074857313799101,
    "eval_acc": 0.9534783629391971,
    "eval_threshold": 0.5
}