{
    "eval_recall": 0.8955223880597015,
    "eval_precision": 0.8229915088177662,
    "eval_f1": 0.8577263444520082,
    "eval_mcc": 0.7056597850398999,
    "eval_acc": 0.851457000710732,
    "eval_threshold": 0.5
}