{
    "eval_recall": 0.9282160625444208,
    "eval_precision": 0.8339719029374202,
    "eval_f1": 0.8785738311469895,
    "eval_mcc": 0.7482186221463007,
    "eval_acc": 0.8717128642501777,
    "eval_threshold": 0.5
}