{
    "eval_recall": 0.2474438500211182,
    "eval_precision": 0.35442603243563575,
    "eval_f1": 0.26555891540771936,
    "eval_mcc": 0.6155003803779062,
    "eval_acc": 0.63687442832876
}