{
    "eval_recall": 0.5528983623602808,
    "eval_precision": 0.6567855488652153,
    "eval_f1": 0.600381059911086,
    "eval_mcc": 0.2673374203475648,
    "eval_acc": 0.6319859630881206,
    "eval_threshold": 0.5
}