{
    "eval_recall": 0.9254094224505711,
    "eval_precision": 0.8678052138002237,
    "eval_f1": 0.8956820956820957,
    "eval_mcc": 0.7861215683920356,
    "eval_acc": 0.8921950995686886,
    "eval_threshold": 0.5
}