{
    "eval_recall": 0.9916973662506186,
    "eval_precision": 0.9634100742481705,
    "eval_f1": 0.9773490842093856,
    "eval_mcc": 0.9544446052138972,
    "eval_acc": 0.9770165502831692,
    "eval_threshold": 0.5
}