{
    "eval_recall": 0.2898425467921966,
    "eval_precision": 0.4079400437454944,
    "eval_f1": 0.3149076866475439,
    "eval_mcc": 0.7509055594836975,
    "eval_acc": 0.7689067408208455
}