{
    "eval_recall": 0.720021951888777,
    "eval_precision": 0.888186844183685,
    "eval_f1": 0.7953121842796524,
    "eval_mcc": 0.6409725070541983,
    "eval_acc": 0.8146894722400073,
    "eval_threshold": 0.5
}