{
    "eval_recall": 0.9353233830845771,
    "eval_precision": 0.8255959849435383,
    "eval_f1": 0.8770409863378873,
    "eval_mcc": 0.7443432933222134,
    "eval_acc": 0.8688699360341151,
    "eval_threshold": 0.5
}