{
    "eval_recall": 0.974777584151151,
    "eval_precision": 0.9336320112443449,
    "eval_f1": 0.9537612455971104,
    "eval_mcc": 0.9063653297714527,
    "eval_acc": 0.9527423644868385,
    "eval_threshold": 0.5
}