{
    "eval_recall": 0.25620642732080195,
    "eval_precision": 0.34160313213427745,
    "eval_f1": 0.27431403082760925,
    "eval_mcc": 0.6396128153527367,
    "eval_acc": 0.6688353735623324
}