{
    "eval_recall": 0.9790869676103034,
    "eval_precision": 0.8085509688289806,
    "eval_f1": 0.8856846233706309,
    "eval_mcc": 0.7644553256017819,
    "eval_acc": 0.8736291762305535,
    "eval_threshold": 0.5
}