{
    "eval_recall": 0.9656878917848895,
    "eval_precision": 0.9352035273819413,
    "eval_f1": 0.950201272562005,
    "eval_mcc": 0.8992776499712305,
    "eval_acc": 0.9493996569468267,
    "eval_threshold": 0.5
}