{
    "eval_recall": 0.927365700775279,
    "eval_precision": 0.9103961999352261,
    "eval_f1": 0.9188026039822406,
    "eval_mcc": 0.8362369967187545,
    "eval_acc": 0.9180458569307748,
    "eval_threshold": 0.5
}