{
    "eval_recall": 0.7949327723406201,
    "eval_precision": 0.845017015070491,
    "eval_f1": 0.8192101046281458,
    "eval_mcc": 0.6502788460826618,
    "eval_acc": 0.8245678221897009,
    "eval_threshold": 0.5
}