{
    "eval_recall": 0.956418494203101,
    "eval_precision": 0.9038943894389438,
    "eval_f1": 0.9294149585991585,
    "eval_mcc": 0.8562697573754856,
    "eval_acc": 0.9274097857192714,
    "eval_threshold": 0.5
}