{
    "eval_recall": 0.9795392299017238,
    "eval_precision": 0.9808560980856098,
    "eval_f1": 0.9801972216997609,
    "eval_mcc": 0.9604218955979896,
    "eval_acc": 0.9802105150099351,
    "eval_threshold": 0.5
}