{
    "eval_recall": 0.8487148998445074,
    "eval_precision": 0.841861731083288,
    "eval_f1": 0.8452744249601457,
    "eval_mcc": 0.6893121475140097,
    "eval_acc": 0.8446446538004208,
    "eval_threshold": 0.5
}