{
    "eval_recall": 0.9318350209928378,
    "eval_precision": 0.9179490298643634,
    "eval_f1": 0.9248399056285811,
    "eval_mcc": 0.8486067525336622,
    "eval_acc": 0.92425505635325,
    "eval_threshold": 0.5
}