{
    "eval_recall": 0.9516702203269367,
    "eval_precision": 0.8306451612903226,
    "eval_f1": 0.8870486916197418,
    "eval_mcc": 0.7658125022341802,
    "eval_acc": 0.8788201847903341,
    "eval_threshold": 0.5
}