{
    "eval_recall": 0.7112411963779384,
    "eval_precision": 0.8976105275308784,
    "eval_f1": 0.7936313533374157,
    "eval_mcc": 0.6441480789241274,
    "eval_acc": 0.815055337052959,
    "eval_threshold": 0.5
}