{
    "eval_recall": 0.6945671952170522,
    "eval_precision": 0.6226986716383127,
    "eval_f1": 0.6566724010813467,
    "eval_mcc": 0.27556124571172497,
    "eval_acc": 0.6368598908240187,
    "eval_threshold": 0.5
}