{
    "eval_recall": 0.9720335070246026,
    "eval_precision": 0.9327215189873418,
    "eval_f1": 0.951971835535028,
    "eval_mcc": 0.9027215618555567,
    "eval_acc": 0.950959699228283,
    "eval_threshold": 0.5
}