{
    "eval_recall": 0.6122409700391351,
    "eval_precision": 0.9105916030534351,
    "eval_f1": 0.7321901254459661,
    "eval_mcc": 0.5843842170208813,
    "eval_acc": 0.7760633861551293,
    "eval_threshold": 0.5
}