{
    "eval_recall": 0.9770466717674062,
    "eval_precision": 0.8319218241042345,
    "eval_f1": 0.8986629134412385,
    "eval_mcc": 0.7917886495437241,
    "eval_acc": 0.8898240244835501,
    "eval_threshold": 0.5
}