{
    "eval_recall": 0.9634045675502155,
    "eval_precision": 0.9268098998544139,
    "eval_f1": 0.9447529961999415,
    "eval_mcc": 0.8880170819126921,
    "eval_acc": 0.9436622947812529,
    "eval_threshold": 0.5
}