{
    "eval_recall": 0.2973429712027934,
    "eval_precision": 0.3997499951755857,
    "eval_f1": 0.3192206747529216,
    "eval_mcc": 0.6400574844009994,
    "eval_acc": 0.6694313405070966
}