{
    "eval_recall": 0.9624941028463595,
    "eval_precision": 0.9372176709287191,
    "eval_f1": 0.9496877303231313,
    "eval_mcc": 0.8988398181924231,
    "eval_acc": 0.9492526801784177,
    "eval_threshold": 0.5
}