{
    "eval_recall": 0.37449467094404454,
    "eval_precision": 0.499743323124243,
    "eval_f1": 0.4051935380591686,
    "eval_mcc": 0.8720308282762174,
    "eval_acc": 0.8821189602540779
}