{
    "eval_recall": 0.98993399339934,
    "eval_precision": 0.9673206127385111,
    "eval_f1": 0.9784966698382492,
    "eval_mcc": 0.9567521172704208,
    "eval_acc": 0.9782453245324533,
    "eval_threshold": 0.5
}