{
    "eval_recall": 0.9526878255732775,
    "eval_precision": 0.9460324232081911,
    "eval_f1": 0.9493484601182671,
    "eval_mcc": 0.8983628144550085,
    "eval_acc": 0.949170291606251,
    "eval_threshold": 0.5
}