{
    "eval_recall": 0.9760265238459577,
    "eval_precision": 0.8317757009345794,
    "eval_f1": 0.8981459751232106,
    "eval_mcc": 0.7906079409890822,
    "eval_acc": 0.8893139505228258,
    "eval_threshold": 0.5
}