{
    "eval_recall": 0.9665955934612651,
    "eval_precision": 0.8602150537634409,
    "eval_f1": 0.9103078982597056,
    "eval_mcc": 0.8157860053638707,
    "eval_acc": 0.9047619047619048,
    "eval_threshold": 0.5
}