{
    "eval_recall": 0.981637337413925,
    "eval_precision": 0.7718066974132746,
    "eval_f1": 0.8641670408621464,
    "eval_mcc": 0.7184669204061934,
    "eval_acc": 0.8457026268808977,
    "eval_threshold": 0.5
}