{
    "eval_recall": 0.9899975302543838,
    "eval_precision": 0.9667189195707223,
    "eval_f1": 0.9782197547434568,
    "eval_mcc": 0.956182663187892,
    "eval_acc": 0.9779527559055118,
    "eval_threshold": 0.5
}