{
    "eval_recall": 0.9232409381663113,
    "eval_precision": 0.8164676304211188,
    "eval_f1": 0.8665777184789859,
    "eval_mcc": 0.7219068324860002,
    "eval_acc": 0.8578535891968728,
    "eval_threshold": 0.5
}