{
    "eval_recall": 0.9522045002953654,
    "eval_precision": 0.9641653072321914,
    "eval_f1": 0.9581475777471562,
    "eval_mcc": 0.9168849030419602,
    "eval_acc": 0.9584071746952365,
    "eval_threshold": 0.5
}