{
    "eval_recall": 0.975006375924509,
    "eval_precision": 0.8358111062527328,
    "eval_f1": 0.900058858151854,
    "eval_mcc": 0.7945698968217776,
    "eval_acc": 0.8917368018362662,
    "eval_threshold": 0.5
}