{
    "eval_recall": 0.9021370265064661,
    "eval_precision": 0.8437848503045381,
    "eval_f1": 0.8719858156028369,
    "eval_mcc": 0.7368829402760612,
    "eval_acc": 0.8675593873245896,
    "eval_threshold": 0.5
}