{
    "eval_recall": 0.9351313099543953,
    "eval_precision": 0.9147054299338563,
    "eval_f1": 0.9248055987558319,
    "eval_mcc": 0.8488801838942952,
    "eval_acc": 0.9243289772282651,
    "eval_threshold": 0.5
}