{
    "eval_recall": 0.9757037270011008,
    "eval_precision": 0.9487728419603946,
    "eval_f1": 0.96204985075784,
    "eval_mcc": 0.9237671098069504,
    "eval_acc": 0.9616949683073793,
    "eval_threshold": 0.5
}