{
    "eval_recall": 0.8029817982255557,
    "eval_precision": 0.8531584062196307,
    "eval_f1": 0.8273099938745702,
    "eval_mcc": 0.6659290677100639,
    "eval_acc": 0.8323881825665417,
    "eval_threshold": 0.5
}