{
    "eval_recall": 0.9760265238459577,
    "eval_precision": 0.8126990868549586,
    "eval_f1": 0.8869061413673233,
    "eval_mcc": 0.7667269989764088,
    "eval_acc": 0.8755419535832696,
    "eval_threshold": 0.5
}