{
    "eval_recall": 0.6636299480336177,
    "eval_precision": 0.8987748718394301,
    "eval_f1": 0.7635075287865368,
    "eval_mcc": 0.6101401429270973,
    "eval_acc": 0.7944440880220697,
    "eval_threshold": 0.5
}