{
    "eval_recall": 0.9395166922754574,
    "eval_precision": 0.8982371794871795,
    "eval_f1": 0.9184133269611524,
    "eval_mcc": 0.8340669194053766,
    "eval_acc": 0.9165910518601242,
    "eval_threshold": 0.5
}