{
    "eval_recall": 0.9926842684268427,
    "eval_precision": 0.9483945556781754,
    "eval_f1": 0.9700341315273187,
    "eval_mcc": 0.9396940964080172,
    "eval_acc": 0.9693344334433444,
    "eval_threshold": 0.5
}