{
    "eval_recall": 0.9623981229933317,
    "eval_precision": 0.9452395391146149,
    "eval_f1": 0.9537416630973506,
    "eval_mcc": 0.9067725429836163,
    "eval_acc": 0.9533117183881427,
    "eval_threshold": 0.5
}