{
    "eval_recall": 0.6084557644190671,
    "eval_precision": 0.9107845961778546,
    "eval_f1": 0.7295384615384615,
    "eval_mcc": 0.5818458558760635,
    "eval_acc": 0.7744274074549304,
    "eval_threshold": 0.5
}