{
    "eval_recall": 0.9538157569770314,
    "eval_precision": 0.9302661688546309,
    "eval_f1": 0.9418937869642096,
    "eval_mcc": 0.8825735010911904,
    "eval_acc": 0.9411455920951057,
    "eval_threshold": 0.5
}