{
    "eval_recall": 0.9120930963988049,
    "eval_precision": 0.8558990629380949,
    "eval_f1": 0.8831030413764228,
    "eval_mcc": 0.7613794764618721,
    "eval_acc": 0.879841928163393,
    "eval_threshold": 0.5
}