{
    "eval_recall": 0.7218512759535352,
    "eval_precision": 0.8963089153889835,
    "eval_f1": 0.7996757523558617,
    "eval_mcc": 0.6507891495626931,
    "eval_acc": 0.8191713161986646,
    "eval_threshold": 0.5
}