{
    "eval_recall": 0.9923571782042118,
    "eval_precision": 0.9596937147718814,
    "eval_f1": 0.9757521693293325,
    "eval_mcc": 0.9512301694127598,
    "eval_acc": 0.9753395282344531,
    "eval_threshold": 0.5
}