{
    "eval_recall": 0.2884787905742851,
    "eval_precision": 0.4164936596993551,
    "eval_f1": 0.30524337744706,
    "eval_mcc": 0.6267512029517838,
    "eval_acc": 0.65633657757866
}