{
    "eval_recall": 0.3007394395054706,
    "eval_precision": 0.422043147095358,
    "eval_f1": 0.3213964003773303,
    "eval_mcc": 0.8084317544033865,
    "eval_acc": 0.8186854828171959
}