{
    "eval_recall": 0.6839483394833948,
    "eval_precision": 0.7227529732891402,
    "eval_f1": 0.7028154327424402,
    "eval_mcc": 0.4221956698837629,
    "eval_acc": 0.7107933579335793,
    "eval_threshold": 0.5
}