{
    "eval_recall": 0.9321944462766308,
    "eval_precision": 0.8934757870780123,
    "eval_f1": 0.9124245456599631,
    "eval_mcc": 0.8218260409485895,
    "eval_acc": 0.9105270100916826,
    "eval_threshold": 0.5
}