{
    "eval_recall": 0.6749077490774907,
    "eval_precision": 0.7189465408805031,
    "eval_f1": 0.696231442710316,
    "eval_mcc": 0.4118434814675547,
    "eval_acc": 0.7055350553505535,
    "eval_threshold": 0.5
}