{
    "eval_recall": 0.9915873975916863,
    "eval_precision": 0.9623265741728922,
    "eval_f1": 0.9767378882660384,
    "eval_mcc": 0.9532092053624386,
    "eval_acc": 0.9763842304943091,
    "eval_threshold": 0.5
}