{
    "eval_recall": 0.8792992754287811,
    "eval_precision": 0.8396023996146604,
    "eval_f1": 0.8589924512241561,
    "eval_mcc": 0.7121143798946595,
    "eval_acc": 0.8556589929377235,
    "eval_threshold": 0.5
}