{
    "eval_recall": 0.9680170575692963,
    "eval_precision": 0.8587641866330391,
    "eval_f1": 0.9101236217841631,
    "eval_mcc": 0.8154390160558829,
    "eval_acc": 0.904406538734897,
    "eval_threshold": 0.5
}