{
    "eval_recall": 0.9457819405052437,
    "eval_precision": 0.9185189930177439,
    "eval_f1": 0.9319511243988041,
    "eval_mcc": 0.8622623660909323,
    "eval_acc": 0.9309412307895257,
    "eval_threshold": 0.5
}