{
    "eval_recall": 0.275943860162878,
    "eval_precision": 0.3899490017706996,
    "eval_f1": 0.29934923158557547,
    "eval_mcc": 0.6361449652136949,
    "eval_acc": 0.6560564484515876
}