{
    "eval_recall": 0.9872190664361571,
    "eval_precision": 0.9699708808541616,
    "eval_f1": 0.9785189718482251,
    "eval_mcc": 0.956797777867701,
    "eval_acc": 0.9783232978230663,
    "eval_threshold": 0.5
}