{
    "eval_recall": 0.326145605455132,
    "eval_precision": 0.430174921482249,
    "eval_f1": 0.34877933032774827,
    "eval_mcc": 0.7911924531554893,
    "eval_acc": 0.8031431590068674
}