{
    "eval_recall": 0.9692870782940802,
    "eval_precision": 0.9659054868379321,
    "eval_f1": 0.9675933280381255,
    "eval_mcc": 0.9351358481595954,
    "eval_acc": 0.9675649892678273,
    "eval_threshold": 0.5
}