{
    "eval_recall": 0.9779697909108898,
    "eval_precision": 0.9433734173188267,
    "eval_f1": 0.9603601269512275,
    "eval_mcc": 0.9198853297076567,
    "eval_acc": 0.9596332695732471,
    "eval_threshold": 0.5
}