{
    "eval_recall": 0.9788319306299413,
    "eval_precision": 0.8348923210789645,
    "eval_f1": 0.9011505048133365,
    "eval_mcc": 0.7971959550938243,
    "eval_acc": 0.8926294312675338,
    "eval_threshold": 0.5
}