{
    "eval_recall": 0.9078612348822406,
    "eval_precision": 0.8852509892156102,
    "eval_f1": 0.8964135601209883,
    "eval_mcc": 0.7906268725373229,
    "eval_acc": 0.8951824469353685,
    "eval_threshold": 0.5
}