{
    "eval_recall": 0.9616209380326607,
    "eval_precision": 0.9402688172043011,
    "eval_f1": 0.950825019708049,
    "eval_mcc": 0.9007656301155363,
    "eval_acc": 0.9502666739979106,
    "eval_threshold": 0.5
}