{
    "eval_recall": 0.9832674734502346,
    "eval_precision": 0.9515984463698834,
    "eval_f1": 0.9671737876165314,
    "eval_mcc": 0.9337576788916684,
    "eval_acc": 0.9666203489269724,
    "eval_threshold": 0.5
}