{
    "eval_recall": 0.3815768596349069,
    "eval_precision": 0.4730425896614854,
    "eval_f1": 0.3997887125137255,
    "eval_mcc": 0.840087390079195,
    "eval_acc": 0.8476915997750396
}