{
    "eval_recall": 0.9886138613861386,
    "eval_precision": 0.9616886938841029,
    "eval_f1": 0.9749654181019285,
    "eval_mcc": 0.9496021815139124,
    "eval_acc": 0.9746149614961496,
    "eval_threshold": 0.5
}