{
    "eval_recall": 0.9083604976814655,
    "eval_precision": 0.8268901241275547,
    "eval_f1": 0.8657127855080075,
    "eval_mcc": 0.7218801126540273,
    "eval_acc": 0.859178195333471,
    "eval_threshold": 0.5
}