{
    "eval_recall": 0.8967732923592681,
    "eval_precision": 0.8698008399945807,
    "eval_f1": 0.8830811554332875,
    "eval_mcc": 0.7630568608565004,
    "eval_acc": 0.8813429189641935,
    "eval_threshold": 0.5
}