{
    "eval_recall": 0.9097370291400142,
    "eval_precision": 0.8268733850129198,
    "eval_f1": 0.8663282571912014,
    "eval_mcc": 0.7228999279965608,
    "eval_acc": 0.8596304193319119,
    "eval_threshold": 0.5
}