{
    "eval_recall": 0.9791570476881473,
    "eval_precision": 0.9357665153807363,
    "eval_f1": 0.9569701853344078,
    "eval_mcc": 0.9129270843521745,
    "eval_acc": 0.9559725611767034,
    "eval_threshold": 0.5
}