{
    "eval_recall": 0.9771265189421015,
    "eval_precision": 0.9434593331917605,
    "eval_f1": 0.9599978391810496,
    "eval_mcc": 0.9191536228531657,
    "eval_acc": 0.9592841040303514,
    "eval_threshold": 0.5
}