{
    "eval_recall": 0.7852056200680054,
    "eval_precision": 0.8353695993447546,
    "eval_f1": 0.8095112110589324,
    "eval_mcc": 0.6316010894395214,
    "eval_acc": 0.8152306409187143,
    "eval_threshold": 0.5
}