{
    "eval_recall": 0.9731876081144835,
    "eval_precision": 0.9324242880819648,
    "eval_f1": 0.9523699599876887,
    "eval_mcc": 0.9039959507529107,
    "eval_acc": 0.9515611550199546,
    "eval_threshold": 0.5
}