{
    "eval_recall": 0.7369378736677931,
    "eval_precision": 0.6253446564464542,
    "eval_f1": 0.6765706103454449,
    "eval_mcc": 0.30024427333093995,
    "eval_acc": 0.6477125032492852,
    "eval_threshold": 0.5
}