{
    "eval_recall": 0.9423520875931667,
    "eval_precision": 0.9037257258523625,
    "eval_f1": 0.9226348078785922,
    "eval_mcc": 0.842733041310355,
    "eval_acc": 0.9209814656025328,
    "eval_threshold": 0.5
}