{
    "eval_recall": 0.7874510810290627,
    "eval_precision": 0.8253093060785368,
    "eval_f1": 0.8059358481893693,
    "eval_mcc": 0.6214278702442624,
    "eval_acc": 0.8103868608455764,
    "eval_threshold": 0.5
}