{
    "eval_recall": 0.4219973240294136,
    "eval_precision": 0.5479766815201127,
    "eval_f1": 0.4516533466379764,
    "eval_mcc": 0.8752991861214378,
    "eval_acc": 0.885164014624852
}