{
    "eval_recall": 0.26589287237461906,
    "eval_precision": 0.3597289193438465,
    "eval_f1": 0.2828845669873737,
    "eval_mcc": 0.6237351304771984,
    "eval_acc": 0.6429635615262241
}