{
    "eval_recall": 0.7278880453672368,
    "eval_precision": 0.8903557842917879,
    "eval_f1": 0.800966232197675,
    "eval_mcc": 0.6491500849058767,
    "eval_acc": 0.8191255830970456,
    "eval_threshold": 0.5
}