{
    "eval_recall": 0.7137358054789248,
    "eval_precision": 0.8660283356686906,
    "eval_f1": 0.7825414131466958,
    "eval_mcc": 0.6128738954134197,
    "eval_acc": 0.8016616411111824,
    "eval_threshold": 0.5
}