{
    "eval_recall": 0.7664413828957629,
    "eval_precision": 0.647808414808305,
    "eval_f1": 0.7021491933083288,
    "eval_mcc": 0.35576955895199486,
    "eval_acc": 0.6748765271640239,
    "eval_threshold": 0.5
}