{
    "eval_recall": 0.9453185925959906,
    "eval_precision": 0.8770802298361353,
    "eval_f1": 0.9099218439528414,
    "eval_mcc": 0.8152615630414523,
    "eval_acc": 0.906396255850234,
    "eval_threshold": 0.5
}