{
    "eval_recall": 0.9438132872314151,
    "eval_precision": 0.9169766046790642,
    "eval_f1": 0.9302014239639749,
    "eval_mcc": 0.8586965615105878,
    "eval_acc": 0.9291647367608461,
    "eval_threshold": 0.5
}