{
    "eval_recall": 0.3630473002781637,
    "eval_precision": 0.47379162009891124,
    "eval_f1": 0.3804987967692642,
    "eval_mcc": 0.8023674216259692,
    "eval_acc": 0.8116723758883378
}