{
    "eval_recall": 0.7903561216532363,
    "eval_precision": 0.6333055613413872,
    "eval_f1": 0.703168362627197,
    "eval_mcc": 0.3434550447963206,
    "eval_acc": 0.6663634000519886,
    "eval_threshold": 0.5
}