{
    "eval_recall": 0.9675845887873549,
    "eval_precision": 0.9375411307209094,
    "eval_f1": 0.9523259700404121,
    "eval_mcc": 0.9035668658661272,
    "eval_acc": 0.9515516442797591,
    "eval_threshold": 0.5
}