{
    "eval_recall": 0.8470685081862251,
    "eval_precision": 0.8308810335546384,
    "eval_f1": 0.8388966891616467,
    "eval_mcc": 0.6747827875355843,
    "eval_acc": 0.8373273575413884,
    "eval_threshold": 0.5
}