{
    "eval_recall": 0.9286282622533418,
    "eval_precision": 0.9213704902502565,
    "eval_f1": 0.9249851396869426,
    "eval_mcc": 0.8495383212500256,
    "eval_acc": 0.9247555449558789,
    "eval_threshold": 0.5
}