{
    "eval_recall": 0.9717037134753644,
    "eval_precision": 0.9414621676891616,
    "eval_f1": 0.9563439254763219,
    "eval_mcc": 0.911756038855343,
    "eval_acc": 0.9556427676274653,
    "eval_threshold": 0.5
}