{
    "eval_recall": 0.7571955719557195,
    "eval_precision": 0.6674255976581558,
    "eval_f1": 0.7094822370127064,
    "eval_mcc": 0.38337287665834957,
    "eval_acc": 0.6899446494464945,
    "eval_threshold": 0.5
}