{
    "eval_recall": 0.9776488021733761,
    "eval_precision": 0.9486549637529207,
    "eval_f1": 0.9629336820020068,
    "eval_mcc": 0.9251501192497465,
    "eval_acc": 0.9623591168750965,
    "eval_threshold": 0.5
}