{
    "eval_recall": 0.3073331284667125,
    "eval_precision": 0.4213205273053704,
    "eval_f1": 0.32568687931777823,
    "eval_mcc": 0.6062853638465141,
    "eval_acc": 0.6305335446381405
}