{
    "eval_recall": 0.9867380770211681,
    "eval_precision": 0.845128877238969,
    "eval_f1": 0.9104600541240147,
    "eval_mcc": 0.8174743100520422,
    "eval_acc": 0.902958428972201,
    "eval_threshold": 0.5
}