{
    "eval_recall": 0.9751995250972891,
    "eval_precision": 0.9414199299586119,
    "eval_f1": 0.9580120520961576,
    "eval_mcc": 0.9151067948071361,
    "eval_acc": 0.9572587560187322,
    "eval_threshold": 0.5
}