{
    "eval_recall": 0.9666116793137578,
    "eval_precision": 0.938978270623678,
    "eval_f1": 0.9525946156847445,
    "eval_mcc": 0.9042052064328159,
    "eval_acc": 0.9519065839820556,
    "eval_threshold": 0.5
}