{
    "eval_recall": 0.3782454252268946,
    "eval_precision": 0.5040132472278949,
    "eval_f1": 0.3972449445032878,
    "eval_mcc": 0.8222182758528684,
    "eval_acc": 0.8311007720231096
}