{
    "eval_recall": 0.9800449561906509,
    "eval_precision": 0.9446409621506898,
    "eval_f1": 0.9620173364854216,
    "eval_mcc": 0.9232416613288394,
    "eval_acc": 0.9612966871616041,
    "eval_threshold": 0.5
}