{
    "eval_recall": 0.9429676172063799,
    "eval_precision": 0.9404927691483663,
    "eval_f1": 0.9417285672146093,
    "eval_mcc": 0.8833068550071123,
    "eval_acc": 0.941651898394286,
    "eval_threshold": 0.5
}