{
    "eval_recall": 0.7209366139211562,
    "eval_precision": 0.8805720031281421,
    "eval_f1": 0.7927982297324483,
    "eval_mcc": 0.6336587045271307,
    "eval_acc": 0.8115796213299186,
    "eval_threshold": 0.5
}