{
    "eval_recall": 0.9732183802623131,
    "eval_precision": 0.9286308143350982,
    "eval_f1": 0.9504019346604268,
    "eval_mcc": 0.8994598463453076,
    "eval_acc": 0.9492112262679996,
    "eval_threshold": 0.5
}