{
    "eval_recall": 0.8075319176236607,
    "eval_precision": 0.8138497349023665,
    "eval_f1": 0.8106785173735227,
    "eval_mcc": 0.6228454819017807,
    "eval_acc": 0.8114133572849169,
    "eval_threshold": 0.5
}