{
    "eval_recall": 0.6301405017001347,
    "eval_precision": 0.8970682254087131,
    "eval_f1": 0.7402773590593911,
    "eval_mcc": 0.5843029693091689,
    "eval_acc": 0.778918329377045,
    "eval_threshold": 0.5
}