{
    "eval_recall": 0.73690036900369,
    "eval_precision": 0.7239441725575494,
    "eval_f1": 0.7303648166773339,
    "eval_mcc": 0.45597708759425115,
    "eval_acc": 0.7279520295202953,
    "eval_threshold": 0.5
}