{
    "eval_recall": 0.963044503852807,
    "eval_precision": 0.9096850861556743,
    "eval_f1": 0.9356046138568482,
    "eval_mcc": 0.8695807614052371,
    "eval_acc": 0.934032396901166,
    "eval_threshold": 0.5
}