{
    "eval_recall": 0.6661034572394073,
    "eval_precision": 0.6265281173594132,
    "eval_f1": 0.6457099659821091,
    "eval_mcc": 0.26957915311278,
    "eval_acc": 0.6345204055107876,
    "eval_threshold": 0.5
}