{
    "eval_recall": 0.9713558243157224,
    "eval_precision": 0.9569648036372188,
    "eval_f1": 0.964106614017769,
    "eval_mcc": 0.9278423326211488,
    "eval_acc": 0.9638683520152636,
    "eval_threshold": 0.5
}