{
    "eval_recall": 0.8353608341717735,
    "eval_precision": 0.8418287399760347,
    "eval_f1": 0.8385823156734918,
    "eval_mcc": 0.6784248537476281,
    "eval_acc": 0.8392024147077655,
    "eval_threshold": 0.5
}