{
    "eval_recall": 0.9252688923033944,
    "eval_precision": 0.9188514357053683,
    "eval_f1": 0.9220489977728286,
    "eval_mcc": 0.8436730211106372,
    "eval_acc": 0.9218259230822922,
    "eval_threshold": 0.5
}