{
    "eval_recall": 0.3196777115295095,
    "eval_precision": 0.4329596542152773,
    "eval_f1": 0.3398451633288194,
    "eval_mcc": 0.8492854686149764,
    "eval_acc": 0.8612027586773972
}