{
    "eval_recall": 0.9417199715707179,
    "eval_precision": 0.8229813664596274,
    "eval_f1": 0.8783559827643356,
    "eval_mcc": 0.7469768762715524,
    "eval_acc": 0.8695806680881307,
    "eval_threshold": 0.5
}