{
    "eval_recall": 0.9625646039949713,
    "eval_precision": 0.9284559417946645,
    "eval_f1": 0.9452026609971881,
    "eval_mcc": 0.8890642364113618,
    "eval_acc": 0.944231171913171,
    "eval_threshold": 0.5
}