{
    "eval_recall": 0.9752614129048712,
    "eval_precision": 0.7796126401630988,
    "eval_f1": 0.8665307047360071,
    "eval_mcc": 0.7226937992835563,
    "eval_acc": 0.8497832185666921,
    "eval_threshold": 0.5
}