{
    "eval_recall": 0.8915894707878566,
    "eval_precision": 0.838812667184399,
    "eval_f1": 0.864396229770585,
    "eval_mcc": 0.7216903850829167,
    "eval_acc": 0.8601302393836558,
    "eval_threshold": 0.5
}