{
    "eval_recall": 0.2747972505022688,
    "eval_precision": 0.3678264807702454,
    "eval_f1": 0.29253025049840936,
    "eval_mcc": 0.7032039180881842,
    "eval_acc": 0.7204701531959852
}