{
    "eval_recall": 0.900220160402579,
    "eval_precision": 0.8466942759946754,
    "eval_f1": 0.8726371951219513,
    "eval_mcc": 0.740015023217943,
    "eval_acc": 0.8692385945692152,
    "eval_threshold": 0.5
}