{
    "eval_recall": 0.9194021511384272,
    "eval_precision": 0.8761980830670927,
    "eval_f1": 0.8972803489877991,
    "eval_mcc": 0.7905948218420826,
    "eval_acc": 0.8948139875759056,
    "eval_threshold": 0.5
}