{
    "eval_recall": 0.2982380332917193,
    "eval_precision": 0.3863434335970322,
    "eval_f1": 0.3111591695916923,
    "eval_mcc": 0.80268721717907,
    "eval_acc": 0.811191636574834
}