{
    "eval_recall": 0.9644633972992182,
    "eval_precision": 0.8670926517571885,
    "eval_f1": 0.9131897711978465,
    "eval_mcc": 0.8218293337143777,
    "eval_acc": 0.908315565031983,
    "eval_threshold": 0.5
}