{
    "eval_recall": 0.9893880244130423,
    "eval_precision": 0.9641536730429191,
    "eval_f1": 0.976607869742198,
    "eval_mcc": 0.9529299433196688,
    "eval_acc": 0.97630175400011,
    "eval_threshold": 0.5
}