{
    "eval_recall": 0.9708599857853589,
    "eval_precision": 0.8784565916398713,
    "eval_f1": 0.9223497636731938,
    "eval_mcc": 0.8411983286087862,
    "eval_acc": 0.9182658137882018,
    "eval_threshold": 0.5
}