{
    "eval_recall": 0.929726162982514,
    "eval_precision": 0.9004345603271984,
    "eval_f1": 0.9148459565626724,
    "eval_mcc": 0.8273948957740117,
    "eval_acc": 0.9134780314025597,
    "eval_threshold": 0.5
}