{
    "eval_recall": 0.23837550798721005,
    "eval_precision": 0.33860036135304894,
    "eval_f1": 0.24399456737880074,
    "eval_mcc": 0.7214960731926804,
    "eval_acc": 0.7358954041204437
}