{
    "eval_recall": 0.9727110431012497,
    "eval_precision": 0.8002517834662191,
    "eval_f1": 0.8780937032347185,
    "eval_mcc": 0.7474797726931364,
    "eval_acc": 0.8649579188982403,
    "eval_threshold": 0.5
}