{
    "eval_recall": 0.9779877098046409,
    "eval_precision": 0.9369947275922671,
    "eval_f1": 0.9570524615177489,
    "eval_mcc": 0.9131002539608487,
    "eval_acc": 0.9561129964230028,
    "eval_threshold": 0.5
}