{
    "eval_recall": 0.33552070840308007,
    "eval_precision": 0.4585222745592382,
    "eval_f1": 0.3634895825947783,
    "eval_mcc": 0.8651818853008852,
    "eval_acc": 0.8763327780091629
}