{
    "eval_recall": 0.92181947405828,
    "eval_precision": 0.8324775353016688,
    "eval_f1": 0.8748735244519392,
    "eval_mcc": 0.7405957390387625,
    "eval_acc": 0.8681592039800995,
    "eval_threshold": 0.5
}