{
    "eval_recall": 0.9289624694940967,
    "eval_precision": 0.8941654498127103,
    "eval_f1": 0.9112318840579708,
    "eval_mcc": 0.8196301703398172,
    "eval_acc": 0.9095046500890442,
    "eval_threshold": 0.5
}