{
    "eval_recall": 0.9580044036303099,
    "eval_precision": 0.9562071183533448,
    "eval_f1": 0.9571049172411943,
    "eval_mcc": 0.9141308237207773,
    "eval_acc": 0.9570646044788143,
    "eval_threshold": 0.5
}