{
    "eval_recall": 0.2705952507157032,
    "eval_precision": 0.35833113700713226,
    "eval_f1": 0.2871907476086183,
    "eval_mcc": 0.6290096526949388,
    "eval_acc": 0.6478876796040504
}