{
    "eval_recall": 0.9929070214988728,
    "eval_precision": 0.9644821876835977,
    "eval_f1": 0.9784882145759957,
    "eval_mcc": 0.956758040841368,
    "eval_acc": 0.9781712212019574,
    "eval_threshold": 0.5
}