{
    "eval_recall": 0.2215474381981788,
    "eval_precision": 0.27187310113884644,
    "eval_f1": 0.22020814597726268,
    "eval_mcc": 0.6339674539774182,
    "eval_acc": 0.6629945855893378
}