{
    "eval_recall": 0.9895529774014405,
    "eval_precision": 0.9543429844097996,
    "eval_f1": 0.9716290997435552,
    "eval_mcc": 0.942853395702339,
    "eval_acc": 0.9711057348655633,
    "eval_threshold": 0.5
}