{
    "eval_recall": 0.7722461025213319,
    "eval_precision": 0.8334718183077137,
    "eval_f1": 0.8016916980252422,
    "eval_mcc": 0.6196249196987078,
    "eval_acc": 0.8089754282414833,
    "eval_threshold": 0.5
}