{
    "eval_recall": 0.2775718750575102,
    "eval_precision": 0.37373828036352286,
    "eval_f1": 0.2939264685460103,
    "eval_mcc": 0.6344455377987577,
    "eval_acc": 0.6528875533446125
}