{
    "eval_recall": 0.975969916536733,
    "eval_precision": 0.9330936513504033,
    "eval_f1": 0.9540502981127,
    "eval_mcc": 0.9069471758491084,
    "eval_acc": 0.9529945886453269,
    "eval_threshold": 0.5
}