{
    "eval_recall": 0.6511070110701107,
    "eval_precision": 0.713794498381877,
    "eval_f1": 0.6810111925897336,
    "eval_mcc": 0.3915498072446903,
    "eval_acc": 0.6950184501845018,
    "eval_threshold": 0.5
}