{
    "eval_recall": 0.9154228855721394,
    "eval_precision": 0.8288288288288288,
    "eval_f1": 0.8699763593380614,
    "eval_mcc": 0.7303652739783248,
    "eval_acc": 0.8631840796019901,
    "eval_threshold": 0.5
}