{
    "eval_recall": 0.9872190664361571,
    "eval_precision": 0.9683847132214887,
    "eval_f1": 0.9777111933225303,
    "eval_mcc": 0.9551597180127078,
    "eval_acc": 0.9774895785085688,
    "eval_threshold": 0.5
}