{
    "eval_recall": 0.9301400381922342,
    "eval_precision": 0.9169346615420817,
    "eval_f1": 0.9234901449618832,
    "eval_mcc": 0.8461026095697626,
    "eval_acc": 0.9230065982987519,
    "eval_threshold": 0.5
}