{
    "eval_recall": 0.26109201165844015,
    "eval_precision": 0.36711851646372423,
    "eval_f1": 0.2837682649427104,
    "eval_mcc": 0.6433121882265136,
    "eval_acc": 0.6719907907043672
}