{
    "eval_recall": 0.9905532230180292,
    "eval_precision": 0.9221174847683642,
    "eval_f1": 0.955111031731857,
    "eval_mcc": 0.9093780147993035,
    "eval_acc": 0.9534352323606607,
    "eval_threshold": 0.5
}