{
    "eval_recall": 0.9590724961586814,
    "eval_precision": 0.9440395985150557,
    "eval_f1": 0.9514966740576497,
    "eval_mcc": 0.9023976158553687,
    "eval_acc": 0.9511412019264326,
    "eval_threshold": 0.5
}