{
    "eval_recall": 0.9538024164889837,
    "eval_precision": 0.8748370273794003,
    "eval_f1": 0.9126147568854132,
    "eval_mcc": 0.8206919541291726,
    "eval_acc": 0.9086709310589908,
    "eval_threshold": 0.5
}