{
    "eval_recall": 0.23699868645106434,
    "eval_precision": 0.3367238914597442,
    "eval_f1": 0.2547545568934287,
    "eval_mcc": 0.6114764428660049,
    "eval_acc": 0.6309941668139694
}