{
    "eval_recall": 0.9603755569700827,
    "eval_precision": 0.9431161118924832,
    "eval_f1": 0.9516675865331545,
    "eval_mcc": 0.9026883582562294,
    "eval_acc": 0.9512679863264171,
    "eval_threshold": 0.5
}