{
    "eval_recall": 0.23096662588884487,
    "eval_precision": 0.3233099173972166,
    "eval_f1": 0.24616243377988223,
    "eval_mcc": 0.6274085851157911,
    "eval_acc": 0.6586630570595585
}