{
    "eval_recall": 0.9809829587552482,
    "eval_precision": 0.9490472492682636,
    "eval_f1": 0.9647508880590219,
    "eval_mcc": 0.9288258722207926,
    "eval_acc": 0.9641500694766095,
    "eval_threshold": 0.5
}