{
    "eval_recall": 0.28094750921643796,
    "eval_precision": 0.40924923889191483,
    "eval_f1": 0.303804524614197,
    "eval_mcc": 0.6134513783899544,
    "eval_acc": 0.6332378955979344
}