{
    "eval_recall": 0.9168894480264193,
    "eval_precision": 0.8726333907056799,
    "eval_f1": 0.8942141789041831,
    "eval_mcc": 0.785146307749177,
    "eval_acc": 0.892049456138978,
    "eval_threshold": 0.5
}