{
    "eval_recall": 0.9576638612598827,
    "eval_precision": 0.8342590535436569,
    "eval_f1": 0.8917121823794822,
    "eval_mcc": 0.7759423279639848,
    "eval_acc": 0.8837031369548585,
    "eval_threshold": 0.5
}