{
    "eval_recall": 0.6064465817520146,
    "eval_precision": 0.648596052265777,
    "eval_f1": 0.6268135411069318,
    "eval_mcc": 0.27846749259751014,
    "eval_acc": 0.6389394333246686,
    "eval_threshold": 0.5
}