{
    "eval_recall": 0.9883388338833884,
    "eval_precision": 0.961421156830221,
    "eval_f1": 0.9746941875288183,
    "eval_mcc": 0.9490519107939067,
    "eval_acc": 0.9743399339933994,
    "eval_threshold": 0.5
}