{
    "eval_recall": 0.9586935045690294,
    "eval_precision": 0.9317131713171317,
    "eval_f1": 0.9450108030796385,
    "eval_mcc": 0.8887773091252621,
    "eval_acc": 0.9442025629149298,
    "eval_threshold": 0.5
}