{
    "eval_recall": 0.9942794279427942,
    "eval_precision": 0.9652373578255994,
    "eval_f1": 0.9795431760912563,
    "eval_mcc": 0.9589049880832498,
    "eval_acc": 0.9792354235423543,
    "eval_threshold": 0.5
}