{
    "eval_recall": 0.9365833216929739,
    "eval_precision": 0.9035170462201859,
    "eval_f1": 0.919753086419753,
    "eval_mcc": 0.8372358445358127,
    "eval_acc": 0.9183360089341802,
    "eval_threshold": 0.5
}