{
    "eval_recall": 0.9715707178393745,
    "eval_precision": 0.8651898734177215,
    "eval_f1": 0.9152996317375292,
    "eval_mcc": 0.8264559020671765,
    "eval_acc": 0.910092395167022,
    "eval_threshold": 0.5
}