{
    "eval_recall": 0.9883921956038528,
    "eval_precision": 0.969887912753711,
    "eval_f1": 0.979052628359989,
    "eval_mcc": 0.9578707131369705,
    "eval_acc": 0.9788482322062684,
    "eval_threshold": 0.5
}