{
    "eval_recall": 0.9510586372930545,
    "eval_precision": 0.9135200202736948,
    "eval_f1": 0.9319114558086928,
    "eval_mcc": 0.8617528729989818,
    "eval_acc": 0.9305124991755162,
    "eval_threshold": 0.5
}