{
    "eval_recall": 0.8009695417543218,
    "eval_precision": 0.8187938288920056,
    "eval_f1": 0.8097836138339191,
    "eval_mcc": 0.623855876134508,
    "eval_acc": 0.8118540199396324,
    "eval_threshold": 0.5
}