{
    "eval_recall": 0.749805042890564,
    "eval_precision": 0.6563139931740615,
    "eval_f1": 0.6999514680902694,
    "eval_mcc": 0.36084121397679897,
    "eval_acc": 0.6785807122433065,
    "eval_threshold": 0.5
}