{
    "eval_recall": 0.9649066470939034,
    "eval_precision": 0.9381801962533453,
    "eval_f1": 0.9513557520522853,
    "eval_mcc": 0.901668577769302,
    "eval_acc": 0.9506515554739836,
    "eval_threshold": 0.5
}