{
    "eval_recall": 0.2594146770601342,
    "eval_precision": 0.3522046306706794,
    "eval_f1": 0.27714703209006103,
    "eval_mcc": 0.6204139567848825,
    "eval_acc": 0.6396808161410066
}