{
    "eval_recall": 0.2759643217231752,
    "eval_precision": 0.37507759881667196,
    "eval_f1": 0.2910297261434127,
    "eval_mcc": 0.6193944982386924,
    "eval_acc": 0.6497244966270148
}