{
    "eval_recall": 0.7981340894539468,
    "eval_precision": 0.826795527761986,
    "eval_f1": 0.8122120351840648,
    "eval_mcc": 0.6313133117664631,
    "eval_acc": 0.8154669349675295,
    "eval_threshold": 0.5
}