{
    "eval_recall": 0.23653029511013773,
    "eval_precision": 0.3395634102539005,
    "eval_f1": 0.25305288915260876,
    "eval_mcc": 0.6258318096312512,
    "eval_acc": 0.6562959308480569
}