{
    "eval_recall": 0.9675263406195943,
    "eval_precision": 0.9087216601432686,
    "eval_f1": 0.9372024829582238,
    "eval_mcc": 0.872807803336876,
    "eval_acc": 0.9354800845136552,
    "eval_threshold": 0.5
}