{
    "eval_recall": 0.2438611631258135,
    "eval_precision": 0.3691048507960894,
    "eval_f1": 0.2694606489198921,
    "eval_mcc": 0.7604776241890234,
    "eval_acc": 0.7808933777592669
}