{
    "eval_recall": 0.96345887474441,
    "eval_precision": 0.9238504838403643,
    "eval_f1": 0.9432390546299882,
    "eval_mcc": 0.8848581945831996,
    "eval_acc": 0.9420222940439285,
    "eval_threshold": 0.5
}