{
    "eval_recall": 0.925317675122712,
    "eval_precision": 0.8603540200469183,
    "eval_f1": 0.8916541419856776,
    "eval_mcc": 0.7772919158022122,
    "eval_acc": 0.8875378544553547,
    "eval_threshold": 0.5
}