{
    "eval_recall": 0.9688551633124382,
    "eval_precision": 0.9379112104758863,
    "eval_f1": 0.953132099967543,
    "eval_mcc": 0.9052299945653757,
    "eval_acc": 0.9523683863306505,
    "eval_threshold": 0.5
}