{
    "eval_recall": 0.9505690878099742,
    "eval_precision": 0.9224202326325899,
    "eval_f1": 0.9362831379132931,
    "eval_mcc": 0.8710275371375776,
    "eval_acc": 0.9353109363831308,
    "eval_threshold": 0.5
}