{
    "eval_recall": 0.9621455510546165,
    "eval_precision": 0.9362511893434824,
    "eval_f1": 0.9490217690823919,
    "eval_mcc": 0.897043007663448,
    "eval_acc": 0.948349270607943,
    "eval_threshold": 0.5
}