{
    "eval_recall": 0.3392353582991121,
    "eval_precision": 0.4607108289107478,
    "eval_f1": 0.3607588081649674,
    "eval_mcc": 0.6088502720780982,
    "eval_acc": 0.6330692023243529
}