{
    "eval_recall": 0.6164990796260559,
    "eval_precision": 0.7040450292117424,
    "eval_f1": 0.6351297757571295,
    "eval_mcc": 0.9323780882619821,
    "eval_acc": 0.9362123613312203
}