{
    "eval_recall": 0.9646098490951077,
    "eval_precision": 0.9687196634667242,
    "eval_f1": 0.9666603880203428,
    "eval_mcc": 0.9334706208770001,
    "eval_acc": 0.9667311100370549,
    "eval_threshold": 0.5
}