{
    "eval_recall": 0.268379762029893,
    "eval_precision": 0.3524266770274227,
    "eval_f1": 0.28107732806592384,
    "eval_mcc": 0.7202419032230003,
    "eval_acc": 0.7434194085797584
}