{
    "eval_recall": 0.9790869676103034,
    "eval_precision": 0.8060046189376443,
    "eval_f1": 0.8841547673883002,
    "eval_mcc": 0.7611906129258211,
    "eval_acc": 0.8717163988778373,
    "eval_threshold": 0.5
}