{
    "eval_recall": 0.2594385686377563,
    "eval_precision": 0.3735743333821555,
    "eval_f1": 0.281543317942175,
    "eval_mcc": 0.6499651275390218,
    "eval_acc": 0.6798937942523948
}