{
    "eval_recall": 0.9367038842585312,
    "eval_precision": 0.8649531692441734,
    "eval_f1": 0.8993997961571856,
    "eval_mcc": 0.7942414061368078,
    "eval_acc": 0.8957273652085452,
    "eval_threshold": 0.5
}