{
    "eval_recall": 0.6873676781933663,
    "eval_precision": 0.8561610995684833,
    "eval_f1": 0.7625351410981815,
    "eval_mcc": 0.583335940115455,
    "eval_acc": 0.7859434143837813,
    "eval_threshold": 0.5
}