{
    "eval_recall": 0.9612360477263979,
    "eval_precision": 0.9312310232781121,
    "eval_f1": 0.945995670995671,
    "eval_mcc": 0.8907137595257787,
    "eval_acc": 0.94512563919283,
    "eval_threshold": 0.5
}