{
    "eval_recall": 0.9235072915711272,
    "eval_precision": 0.8586168670589238,
    "eval_f1": 0.8898806893504199,
    "eval_mcc": 0.773651635189081,
    "eval_acc": 0.8857195267357608,
    "eval_threshold": 0.5
}