{
    "eval_recall": 0.9643025632961157,
    "eval_precision": 0.9518044237485448,
    "eval_f1": 0.9580127328828653,
    "eval_mcc": 0.9159591537058974,
    "eval_acc": 0.9579388058533531,
    "eval_threshold": 0.5
}