{
    "eval_recall": 0.8494464944649447,
    "eval_precision": 0.6209873212840572,
    "eval_f1": 0.7174692223780582,
    "eval_mcc": 0.3559610412965955,
    "eval_acc": 0.6654981549815498,
    "eval_threshold": 0.5
}