{
    "eval_recall": 0.6285977859778598,
    "eval_precision": 0.7486266754559437,
    "eval_f1": 0.6833818072409988,
    "eval_mcc": 0.4229999722043849,
    "eval_acc": 0.7087638376383764,
    "eval_threshold": 0.5
}