{
    "eval_recall": 0.9644633972992182,
    "eval_precision": 0.8643312101910828,
    "eval_f1": 0.9116560295599597,
    "eval_mcc": 0.8185891954049723,
    "eval_acc": 0.9065387348969438,
    "eval_threshold": 0.5
}