{
    "eval_recall": 0.7511070110701107,
    "eval_precision": 0.6604477611940298,
    "eval_f1": 0.7028660220994475,
    "eval_mcc": 0.3684323201430641,
    "eval_acc": 0.6824723247232473,
    "eval_threshold": 0.5
}