{
    "eval_recall": 0.9683168316831683,
    "eval_precision": 0.9310344827586207,
    "eval_f1": 0.9493097497842968,
    "eval_mcc": 0.8973093753935117,
    "eval_acc": 0.9482948294829483,
    "eval_threshold": 0.5
}