{
    "eval_recall": 0.29869012635540265,
    "eval_precision": 0.36936375188212145,
    "eval_f1": 0.3108751818120008,
    "eval_mcc": 0.8170645878363203,
    "eval_acc": 0.8258882351455771
}