{
    "eval_recall": 0.6770385577725028,
    "eval_precision": 0.8639377814162914,
    "eval_f1": 0.7591540176965687,
    "eval_mcc": 0.5842465564040563,
    "eval_acc": 0.7852056200680054,
    "eval_threshold": 0.5
}