{
    "eval_recall": 0.7416168442942552,
    "eval_precision": 0.6138123924268503,
    "eval_f1": 0.6716892289582107,
    "eval_mcc": 0.28118209248051107,
    "eval_acc": 0.6375097478554718,
    "eval_threshold": 0.5
}