{
    "eval_recall": 0.8029817982255557,
    "eval_precision": 0.8648409023741503,
    "eval_f1": 0.8327641813697592,
    "eval_mcc": 0.6792298824927219,
    "eval_acc": 0.838745083691576,
    "eval_threshold": 0.5
}