{
    "eval_recall": 0.9918073349095508,
    "eval_precision": 0.960796846702887,
    "eval_f1": 0.97605584264495,
    "eval_mcc": 0.9518347737667063,
    "eval_acc": 0.9756694342112497,
    "eval_threshold": 0.5
}