{
    "eval_recall": 0.9633860212398123,
    "eval_precision": 0.931077694235589,
    "eval_f1": 0.9469563634156704,
    "eval_mcc": 0.8925857500650551,
    "eval_acc": 0.9460243940095723,
    "eval_threshold": 0.5
}