{
    "eval_recall": 0.9672567183344034,
    "eval_precision": 0.9422381058744695,
    "eval_f1": 0.9545835124799168,
    "eval_mcc": 0.9082813490420413,
    "eval_acc": 0.9539805558103275,
    "eval_threshold": 0.5
}