{
    "eval_recall": 0.948391600880726,
    "eval_precision": 0.9468153549217242,
    "eval_f1": 0.9476028224183726,
    "eval_mcc": 0.8951196551131634,
    "eval_acc": 0.9475592073465442,
    "eval_threshold": 0.5
}