{
    "eval_recall": 0.9111584932480455,
    "eval_precision": 0.8340923877683799,
    "eval_f1": 0.8709239130434783,
    "eval_mcc": 0.7330575334035925,
    "eval_acc": 0.8649609097370291,
    "eval_threshold": 0.5
}