{
    "eval_recall": 0.8157870666788621,
    "eval_precision": 0.8510496183206107,
    "eval_f1": 0.8330453462849671,
    "eval_mcc": 0.6735867760319247,
    "eval_acc": 0.8365041617122473,
    "eval_threshold": 0.5
}