{
    "eval_recall": 0.9594006766553891,
    "eval_precision": 0.961052235192856,
    "eval_f1": 0.9602257457672669,
    "eval_mcc": 0.9205212024338422,
    "eval_acc": 0.9602599215938994,
    "eval_threshold": 0.5
}