{
    "eval_recall": 0.9786780383795309,
    "eval_precision": 0.8463429625076828,
    "eval_f1": 0.9077125906394198,
    "eval_mcc": 0.8109699838171147,
    "eval_acc": 0.900497512437811,
    "eval_threshold": 0.5
}