{
    "eval_recall": 0.8581180811808118,
    "eval_precision": 0.6179088614321775,
    "eval_f1": 0.7184675986715069,
    "eval_mcc": 0.3554484963959885,
    "eval_acc": 0.6637453874538746,
    "eval_threshold": 0.5
}