{
    "eval_recall": 0.6875487392773589,
    "eval_precision": 0.645673135603564,
    "eval_f1": 0.6659532951469755,
    "eval_mcc": 0.31089629208091485,
    "eval_acc": 0.6551208734078503,
    "eval_threshold": 0.5
}