{
    "eval_recall": 0.8173419921339066,
    "eval_precision": 0.8051901243467291,
    "eval_f1": 0.8112205528573373,
    "eval_mcc": 0.6196626338403812,
    "eval_acc": 0.8097960303667795,
    "eval_threshold": 0.5
}