{
    "eval_recall": 0.7509375285831885,
    "eval_precision": 0.8970716783216783,
    "eval_f1": 0.8175255165546428,
    "eval_mcc": 0.6737764221074234,
    "eval_acc": 0.8323881825665417,
    "eval_threshold": 0.5
}