{
    "eval_recall": 0.7535055350553506,
    "eval_precision": 0.6544871794871795,
    "eval_f1": 0.7005145797598626,
    "eval_mcc": 0.3598618587925107,
    "eval_acc": 0.677859778597786,
    "eval_threshold": 0.5
}