{
    "eval_recall": 0.9694462126034373,
    "eval_precision": 0.9562078166692827,
    "eval_f1": 0.9627815092848677,
    "eval_mcc": 0.9252026490815006,
    "eval_acc": 0.9625566420224183,
    "eval_threshold": 0.5
}