{
    "eval_recall": 0.9802806566999909,
    "eval_precision": 0.9422136025036364,
    "eval_f1": 0.9608702492526913,
    "eval_mcc": 0.9209114976727151,
    "eval_acc": 0.9600797945519581,
    "eval_threshold": 0.5
}