{
    "eval_recall": 0.9916423819211525,
    "eval_precision": 0.9627395505258101,
    "eval_f1": 0.9769772481040087,
    "eval_mcc": 0.9536931925179166,
    "eval_acc": 0.9766316599769066,
    "eval_threshold": 0.5
}