{
    "eval_recall": 0.6326425867710271,
    "eval_precision": 0.8929638685139908,
    "eval_f1": 0.7405933158092377,
    "eval_mcc": 0.5820944759412837,
    "eval_acc": 0.7784050811573747,
    "eval_threshold": 0.5
}