{
    "eval_recall": 0.9709073753734864,
    "eval_precision": 0.9287003610108303,
    "eval_f1": 0.9493349734758206,
    "eval_mcc": 0.8978004260579903,
    "eval_acc": 0.9484310196415995,
    "eval_threshold": 0.5
}