{
    "eval_recall": 0.9255482609302975,
    "eval_precision": 0.9076712328767124,
    "eval_f1": 0.9165225810913618,
    "eval_mcc": 0.8316700784284239,
    "eval_acc": 0.9157534724645774,
    "eval_threshold": 0.5
}