{
    "eval_recall": 0.6094359240966988,
    "eval_precision": 0.6386543176246254,
    "eval_f1": 0.6237031125299282,
    "eval_mcc": 0.2648991528753319,
    "eval_acc": 0.6323108916038471,
    "eval_threshold": 0.5
}