{
    "eval_recall": 0.9571081242258819,
    "eval_precision": 0.9235945108455068,
    "eval_f1": 0.9400527157629142,
    "eval_mcc": 0.8784799555170196,
    "eval_acc": 0.9389510874552629,
    "eval_threshold": 0.5
}