{
    "eval_recall": 0.9899975302543838,
    "eval_precision": 0.9697592838998428,
    "eval_f1": 0.9797739077299115,
    "eval_mcc": 0.959325711185228,
    "eval_acc": 0.9795584375482477,
    "eval_threshold": 0.5
}