{
    "eval_recall": 0.9706383680651014,
    "eval_precision": 0.9449202440852157,
    "eval_f1": 0.9576066614228756,
    "eval_mcc": 0.9143982389862035,
    "eval_acc": 0.9570297465222412,
    "eval_threshold": 0.5
}