{
    "eval_recall": 0.9651741293532339,
    "eval_precision": 0.8362068965517241,
    "eval_f1": 0.8960739030023095,
    "eval_mcc": 0.7855180071479918,
    "eval_acc": 0.8880597014925373,
    "eval_threshold": 0.5
}