{
    "eval_recall": 0.711618656572785,
    "eval_precision": 0.8710538715250511,
    "eval_f1": 0.7833056742346668,
    "eval_mcc": 0.6166928701435352,
    "eval_acc": 0.8031372297427344,
    "eval_threshold": 0.5
}