{
    "eval_recall": 0.6610262508003293,
    "eval_precision": 0.9265384615384615,
    "eval_f1": 0.7715795654726954,
    "eval_mcc": 0.635258066828904,
    "eval_acc": 0.8043080581725053,
    "eval_threshold": 0.5
}