{
    "eval_recall": 0.9018303591907886,
    "eval_precision": 0.8723763035278456,
    "eval_f1": 0.8868588442279064,
    "eval_mcc": 0.7702824881808582,
    "eval_acc": 0.8849224557217583,
    "eval_threshold": 0.5
}