{
    "eval_recall": 0.5214452820379516,
    "eval_precision": 0.6745124411566913,
    "eval_f1": 0.5881835507990031,
    "eval_mcc": 0.2770485439938047,
    "eval_acc": 0.6349103197296595,
    "eval_threshold": 0.5
}