{
    "eval_recall": 0.28828201344861354,
    "eval_precision": 0.3989822307741101,
    "eval_f1": 0.31217010825216457,
    "eval_mcc": 0.6415333637860654,
    "eval_acc": 0.6615706258983405
}