{
    "eval_recall": 0.9617264981142618,
    "eval_precision": 0.9405737704918032,
    "eval_f1": 0.9510325298708475,
    "eval_mcc": 0.9012550400107977,
    "eval_acc": 0.9505130173797725,
    "eval_threshold": 0.5
}