{
    "eval_recall": 0.768450184501845,
    "eval_precision": 0.658810503005378,
    "eval_f1": 0.7094191790154999,
    "eval_mcc": 0.3757191658144898,
    "eval_acc": 0.685239852398524,
    "eval_threshold": 0.5
}