{
    "eval_recall": 0.9203491114955181,
    "eval_precision": 0.8445775308463814,
    "eval_f1": 0.8808368137863566,
    "eval_mcc": 0.7552856975289878,
    "eval_acc": 0.8760857657093669,
    "eval_threshold": 0.5
}