{
    "eval_recall": 0.688929889298893,
    "eval_precision": 0.7067953814120764,
    "eval_f1": 0.6977482948705971,
    "eval_mcc": 0.4032653779433921,
    "eval_acc": 0.7015682656826568,
    "eval_threshold": 0.5
}