{
    "eval_recall": 0.9270384297899661,
    "eval_precision": 0.8602859817856839,
    "eval_f1": 0.8924156807345931,
    "eval_mcc": 0.7788316413856503,
    "eval_acc": 0.8882417683206457,
    "eval_threshold": 0.5
}