{
    "eval_recall": 0.3477374595851004,
    "eval_precision": 0.4659157264557467,
    "eval_f1": 0.37389635357930523,
    "eval_mcc": 0.8710849493972996,
    "eval_acc": 0.8817680133277801
}