{
    "eval_recall": 0.22356823195102238,
    "eval_precision": 0.3203711287607428,
    "eval_f1": 0.24191341485280227,
    "eval_mcc": 0.6008997255267896,
    "eval_acc": 0.6212216863210525
}