{
    "eval_recall": 0.9655700076511095,
    "eval_precision": 0.7798146240988671,
    "eval_f1": 0.8628076572470375,
    "eval_mcc": 0.7134727819360198,
    "eval_acc": 0.8464677378219841,
    "eval_threshold": 0.5
}