{
    "eval_recall": 0.7267527675276753,
    "eval_precision": 0.720900439238653,
    "eval_f1": 0.7238147739801543,
    "eval_mcc": 0.4454021308385786,
    "eval_acc": 0.7226937269372694,
    "eval_threshold": 0.5
}