{
    "eval_recall": 0.6563556017676111,
    "eval_precision": 0.6477680861980503,
    "eval_f1": 0.6520335700451904,
    "eval_mcc": 0.2994804381326206,
    "eval_acc": 0.6497270600467897,
    "eval_threshold": 0.5
}