{
    "eval_recall": 0.9489745422554572,
    "eval_precision": 0.9191564147627417,
    "eval_f1": 0.9338275078454713,
    "eval_mcc": 0.8659641214991834,
    "eval_acc": 0.932754165062957,
    "eval_threshold": 0.5
}