{
    "eval_recall": 0.25848197506746357,
    "eval_precision": 0.3757116346150184,
    "eval_f1": 0.2795566310576839,
    "eval_mcc": 0.6514407504110654,
    "eval_acc": 0.6811016243231987
}