{
    "eval_recall": 0.898365316275764,
    "eval_precision": 0.773561811505508,
    "eval_f1": 0.8313054916146004,
    "eval_mcc": 0.6438289322824341,
    "eval_acc": 0.8176972281449894,
    "eval_threshold": 0.5
}