{
    "eval_recall": 0.9716908951798011,
    "eval_precision": 0.7796193984039288,
    "eval_f1": 0.8651226158038147,
    "eval_mcc": 0.7191835076368273,
    "eval_acc": 0.8485080336648814,
    "eval_threshold": 0.5
}