{
    "eval_recall": 0.9856137317856261,
    "eval_precision": 0.95712915217652,
    "eval_f1": 0.9711626209162255,
    "eval_mcc": 0.9418713757737974,
    "eval_acc": 0.9707271885132005,
    "eval_threshold": 0.5
}