{
    "eval_recall": 0.9635297118082122,
    "eval_precision": 0.7815473727761688,
    "eval_f1": 0.8630496858937751,
    "eval_mcc": 0.7138317847732853,
    "eval_acc": 0.8471053302728896,
    "eval_threshold": 0.5
}