{
    "eval_recall": 0.978255883297399,
    "eval_precision": 0.9482413624438615,
    "eval_f1": 0.9630148121387283,
    "eval_mcc": 0.9253050177041405,
    "eval_acc": 0.9624208497751675,
    "eval_threshold": 0.5
}