{
    "eval_recall": 0.3422798160518726,
    "eval_precision": 0.46700392366329435,
    "eval_f1": 0.36720078994745914,
    "eval_mcc": 0.8710952736246808,
    "eval_acc": 0.8817992503123698
}