{
    "eval_recall": 0.9719801889388242,
    "eval_precision": 0.9306256860592755,
    "eval_f1": 0.9508535026132209,
    "eval_mcc": 0.9004125172173328,
    "eval_acc": 0.9497615335228836,
    "eval_threshold": 0.5
}