{
    "eval_recall": 0.9821474113746493,
    "eval_precision": 0.8476777459828307,
    "eval_f1": 0.9099716446124765,
    "eval_mcc": 0.8159942523823585,
    "eval_acc": 0.9028309104820199,
    "eval_threshold": 0.5
}