{
    "eval_recall": 0.9911475229559575,
    "eval_precision": 0.943670819809444,
    "eval_f1": 0.9668266781088256,
    "eval_mcc": 0.9331661303528248,
    "eval_acc": 0.9659921922252158,
    "eval_threshold": 0.5
}