{
    "eval_recall": 0.9643805000698421,
    "eval_precision": 0.9351212244345117,
    "eval_f1": 0.9495255123091735,
    "eval_mcc": 0.8979771997851085,
    "eval_acc": 0.9487680603057165,
    "eval_threshold": 0.5
}