{
    "eval_recall": 0.6538140758324245,
    "eval_precision": 0.8846354166666667,
    "eval_f1": 0.7519091009702291,
    "eval_mcc": 0.5889521754384638,
    "eval_acc": 0.7842753576698531,
    "eval_threshold": 0.5
}