{
    "eval_recall": 0.24002223502367276,
    "eval_precision": 0.3333584361017811,
    "eval_f1": 0.25666364215178905,
    "eval_mcc": 0.6326426908091749,
    "eval_acc": 0.6619181236060149
}