{
    "eval_recall": 0.7316090460098779,
    "eval_precision": 0.6546871365433822,
    "eval_f1": 0.691013994598576,
    "eval_mcc": 0.3481352737631076,
    "eval_acc": 0.6728619703665194,
    "eval_threshold": 0.5
}