{
    "eval_recall": 0.9885075989474249,
    "eval_precision": 0.9904756780025828,
    "eval_f1": 0.9894906598575459,
    "eval_mcc": 0.9790041344615759,
    "eval_acc": 0.9895011009075775,
    "eval_threshold": 0.5
}