{
    "eval_recall": 0.7559136989862231,
    "eval_precision": 0.6401056570548096,
    "eval_f1": 0.6932061978545889,
    "eval_mcc": 0.336459529794178,
    "eval_acc": 0.6654536002079543,
    "eval_threshold": 0.5
}