{
    "eval_recall": 0.22691392372160796,
    "eval_precision": 0.3239376681745467,
    "eval_f1": 0.24229127035710987,
    "eval_mcc": 0.617639416827385,
    "eval_acc": 0.648227518937642
}