{
    "eval_recall": 0.964101131442939,
    "eval_precision": 0.9380266376732808,
    "eval_f1": 0.9508851691120755,
    "eval_mcc": 0.9008169872662933,
    "eval_acc": 0.9502338242479235,
    "eval_threshold": 0.5
}