{
    "eval_recall": 0.9698852020757981,
    "eval_precision": 0.9319280749471139,
    "eval_f1": 0.9505278569777299,
    "eval_mcc": 0.9002794827070344,
    "eval_acc": 0.9497613271774005,
    "eval_threshold": 0.5
}