{
    "eval_recall": 0.9779673063255153,
    "eval_precision": 0.867044738500315,
    "eval_f1": 0.9191716766867067,
    "eval_mcc": 0.834862935573599,
    "eval_acc": 0.914001421464108,
    "eval_threshold": 0.5
}