{
    "eval_recall": 0.9278325907065563,
    "eval_precision": 0.9163130598774163,
    "eval_f1": 0.9220368466830078,
    "eval_mcc": 0.8432989080219645,
    "eval_acc": 0.9216153907305827,
    "eval_threshold": 0.5
}