{
    "eval_recall": 0.8879540808303192,
    "eval_precision": 0.8478864779638111,
    "eval_f1": 0.8674578484464417,
    "eval_mcc": 0.730810373512481,
    "eval_acc": 0.8649737851162063,
    "eval_threshold": 0.5
}