{
    "eval_recall": 0.9689871329594193,
    "eval_precision": 0.9370214395099541,
    "eval_f1": 0.9527362377136925,
    "eval_mcc": 0.9044059852937274,
    "eval_acc": 0.9519395698640981,
    "eval_threshold": 0.5
}