{
    "eval_recall": 0.9792159234618134,
    "eval_precision": 0.9467836257309942,
    "eval_f1": 0.9627267075708842,
    "eval_mcc": 0.9247193115763801,
    "eval_acc": 0.9620883048331226,
    "eval_threshold": 0.5
}