{
    "eval_recall": 0.977483261487664,
    "eval_precision": 0.9328227571115973,
    "eval_f1": 0.9546309566463633,
    "eval_mcc": 0.9081311896163101,
    "eval_acc": 0.953544895900211,
    "eval_threshold": 0.5
}