{
    "eval_recall": 0.7507148427345984,
    "eval_precision": 0.6129032258064516,
    "eval_f1": 0.67484519219535,
    "eval_mcc": 0.28384756143779255,
    "eval_acc": 0.6382895762932155,
    "eval_threshold": 0.5
}