{
    "eval_recall": 0.7437269372693727,
    "eval_precision": 0.7114366396046594,
    "eval_f1": 0.7272235251668772,
    "eval_mcc": 0.4425224584189663,
    "eval_acc": 0.7210332103321033,
    "eval_threshold": 0.5
}