{
    "eval_recall": 0.9064318289039157,
    "eval_precision": 0.8811434686234044,
    "eval_f1": 0.893608774853688,
    "eval_mcc": 0.7855392694974656,
    "eval_acc": 0.8925972298301902,
    "eval_threshold": 0.5
}