{
    "eval_recall": 0.9386583998416991,
    "eval_precision": 0.9025240994419077,
    "eval_f1": 0.9202366710853892,
    "eval_mcc": 0.8379517321683531,
    "eval_acc": 0.9186399314029418,
    "eval_threshold": 0.5
}