{
    "eval_recall": 0.7309591889784247,
    "eval_precision": 0.6071467127280579,
    "eval_f1": 0.6633248805802914,
    "eval_mcc": 0.26353095299914026,
    "eval_acc": 0.6289966207434364,
    "eval_threshold": 0.5
}