{
    "eval_recall": 0.3090687367845476,
    "eval_precision": 0.4133486314387554,
    "eval_f1": 0.32962552467243983,
    "eval_mcc": 0.6403673421289091,
    "eval_acc": 0.6690251815232504
}