{
    "eval_recall": 0.6141148947231609,
    "eval_precision": 0.6399837464445347,
    "eval_f1": 0.6267825164157326,
    "eval_mcc": 0.2688706358798582,
    "eval_acc": 0.6343254484013517,
    "eval_threshold": 0.5
}