{
    "eval_recall": 0.2611321354472879,
    "eval_precision": 0.34415141187047066,
    "eval_f1": 0.27527047059324256,
    "eval_mcc": 0.7047159532995197,
    "eval_acc": 0.7217908082408875
}