{
    "eval_recall": 0.9850706191933838,
    "eval_precision": 0.9906032294648162,
    "eval_f1": 0.9878291776616942,
    "eval_mcc": 0.9757415488826369,
    "eval_acc": 0.9878631652435422,
    "eval_threshold": 0.5
}