{
    "eval_recall": 0.9775253148925661,
    "eval_precision": 0.9127176294246512,
    "eval_f1": 0.9440104943056467,
    "eval_mcc": 0.886256590526353,
    "eval_acc": 0.9420101899027328,
    "eval_threshold": 0.5
}