{
    "eval_recall": 0.9729660800816118,
    "eval_precision": 0.839568661971831,
    "eval_f1": 0.9013585351447135,
    "eval_mcc": 0.7971708961992793,
    "eval_acc": 0.8935220606988014,
    "eval_threshold": 0.5
}