{
    "eval_recall": 0.9895489548954896,
    "eval_precision": 0.9682454251883746,
    "eval_f1": 0.9787812840043526,
    "eval_mcc": 0.9573274572076699,
    "eval_acc": 0.9785478547854786,
    "eval_threshold": 0.5
}