{
    "eval_recall": 0.9793420045906657,
    "eval_precision": 0.8358728776665215,
    "eval_f1": 0.901937756899589,
    "eval_mcc": 0.7988999905345856,
    "eval_acc": 0.8935220606988014,
    "eval_threshold": 0.5
}