{
    "eval_recall": 0.9875895282785873,
    "eval_precision": 0.9599687912615532,
    "eval_f1": 0.9735832978270131,
    "eval_mcc": 0.9467867584371853,
    "eval_acc": 0.9731974679635633,
    "eval_threshold": 0.5
}