{
    "eval_recall": 0.28956953655948536,
    "eval_precision": 0.4206895685303606,
    "eval_f1": 0.30913909353200963,
    "eval_mcc": 0.625310539365418,
    "eval_acc": 0.6555126422575828
}