{
    "eval_recall": 0.6902214022140222,
    "eval_precision": 0.7172162576687117,
    "eval_f1": 0.7034599473486273,
    "eval_mcc": 0.41837763262882977,
    "eval_acc": 0.7090405904059041,
    "eval_threshold": 0.5
}