{
    "eval_recall": 0.32790808728662685,
    "eval_precision": 0.4604679013118119,
    "eval_f1": 0.34956024208131403,
    "eval_mcc": 0.609710640610634,
    "eval_acc": 0.6338615953512943
}