{
    "eval_recall": 0.9601899706662942,
    "eval_precision": 0.9251682368775236,
    "eval_f1": 0.9423538282267462,
    "eval_mcc": 0.8832342529496983,
    "eval_acc": 0.9412996440287569,
    "eval_threshold": 0.5
}