{
    "eval_recall": 0.9685252391949851,
    "eval_precision": 0.9412594587661921,
    "eval_f1": 0.9546977137467885,
    "eval_mcc": 0.9084829375484325,
    "eval_acc": 0.9540506663148173,
    "eval_threshold": 0.5
}