{
    "eval_recall": 0.9682738605632873,
    "eval_precision": 0.9586625742832887,
    "eval_f1": 0.963444247555293,
    "eval_mcc": 0.9265685654843473,
    "eval_acc": 0.9632609986148671,
    "eval_threshold": 0.5
}