{
    "eval_recall": 0.9780668196888549,
    "eval_precision": 0.7761586723335357,
    "eval_f1": 0.8654931166779508,
    "eval_mcc": 0.720812392037246,
    "eval_acc": 0.8479979597041571,
    "eval_threshold": 0.5
}