{
    "eval_recall": 0.9629217059197963,
    "eval_precision": 0.9459121463185869,
    "eval_f1": 0.9543411402886208,
    "eval_mcc": 0.9080897538364577,
    "eval_acc": 0.9539709038874314,
    "eval_threshold": 0.5
}