{
    "eval_recall": 0.7765480654898015,
    "eval_precision": 0.8492547764329299,
    "eval_f1": 0.8112756808408983,
    "eval_mcc": 0.6410621430877189,
    "eval_acc": 0.8193542486051404,
    "eval_threshold": 0.5
}