{
    "eval_recall": 0.9658848614072495,
    "eval_precision": 0.8623096446700508,
    "eval_f1": 0.9111632584646329,
    "eval_mcc": 0.8175751354594164,
    "eval_acc": 0.9058280028429282,
    "eval_threshold": 0.5
}