{
    "eval_recall": 0.29079145758955344,
    "eval_precision": 0.36666216464327916,
    "eval_f1": 0.3031670103751846,
    "eval_mcc": 0.8062092320736927,
    "eval_acc": 0.8153329461377238
}