{
    "eval_recall": 0.9912574916148897,
    "eval_precision": 0.9475952693823916,
    "eval_f1": 0.9689347522304632,
    "eval_mcc": 0.9374337662756995,
    "eval_acc": 0.968219057568593,
    "eval_threshold": 0.5
}