{
    "eval_recall": 0.9538024164889837,
    "eval_precision": 0.8192918192918193,
    "eval_f1": 0.8814449917898194,
    "eval_mcc": 0.7536523799661515,
    "eval_acc": 0.8717128642501777,
    "eval_threshold": 0.5
}