{
    "eval_recall": 0.7391473875747335,
    "eval_precision": 0.6162097735399285,
    "eval_f1": 0.6721030550138863,
    "eval_mcc": 0.2845082546885449,
    "eval_acc": 0.6393943332466857,
    "eval_threshold": 0.5
}