{
    "eval_recall": 0.830147260587213,
    "eval_precision": 0.8504497751124438,
    "eval_f1": 0.8401758852117566,
    "eval_mcc": 0.6843622386758367,
    "eval_acc": 0.8420836001097595,
    "eval_threshold": 0.5
}