{
    "eval_recall": 0.9699638307910049,
    "eval_precision": 0.9316516879389775,
    "eval_f1": 0.9504218190223044,
    "eval_mcc": 0.9000591177215524,
    "eval_acc": 0.9496439471007121,
    "eval_threshold": 0.5
}