{
    "eval_recall": 0.22489808404225747,
    "eval_precision": 0.3172227865874126,
    "eval_f1": 0.2381016943156719,
    "eval_mcc": 0.6208654612438255,
    "eval_acc": 0.6528529779258643
}