{
    "eval_recall": 0.7803896460257934,
    "eval_precision": 0.8324714606303054,
    "eval_f1": 0.8055896515909735,
    "eval_mcc": 0.6245656842265048,
    "eval_acc": 0.8116710875331565,
    "eval_threshold": 0.5
}