{
    "eval_recall": 0.9821474113746493,
    "eval_precision": 0.7759419705823091,
    "eval_f1": 0.8669518235029265,
    "eval_mcc": 0.7246012221725687,
    "eval_acc": 0.8492731446059678,
    "eval_threshold": 0.5
}