{
    "eval_recall": 0.8187139851824751,
    "eval_precision": 0.8467505439409706,
    "eval_f1": 0.8324962797619049,
    "eval_mcc": 0.6709066018907572,
    "eval_acc": 0.8352693679685357,
    "eval_threshold": 0.5
}