{
    "eval_recall": 0.9599630631224854,
    "eval_precision": 0.91511569416499,
    "eval_f1": 0.9370030581039756,
    "eval_mcc": 0.8719665429748373,
    "eval_acc": 0.9354594024140888,
    "eval_threshold": 0.5
}