{
    "eval_recall": 0.9603296549797458,
    "eval_precision": 0.9428140427866155,
    "eval_f1": 0.9514912462805343,
    "eval_mcc": 0.9022994352887662,
    "eval_acc": 0.9510714036434704,
    "eval_threshold": 0.5
}