{
    "eval_recall": 0.2503183714853396,
    "eval_precision": 0.36422527264838717,
    "eval_f1": 0.27225428668802487,
    "eval_mcc": 0.7586258766481175,
    "eval_acc": 0.771592839409382
}