{
    "eval_recall": 0.8699360341151386,
    "eval_precision": 0.8116710875331565,
    "eval_f1": 0.839794168096055,
    "eval_mcc": 0.6698161187192505,
    "eval_acc": 0.834044065387349,
    "eval_threshold": 0.5
}