{
    "eval_recall": 0.9866388079397371,
    "eval_precision": 0.9428826651253218,
    "eval_f1": 0.964264603149014,
    "eval_mcc": 0.927870506025477,
    "eval_acc": 0.9634354209050421,
    "eval_threshold": 0.5
}