{
    "eval_recall": 0.9251273074474857,
    "eval_precision": 0.8756589847868655,
    "eval_f1": 0.899713688771957,
    "eval_mcc": 0.7952199076967209,
    "eval_acc": 0.8969711423801574,
    "eval_threshold": 0.5
}