{
    "eval_recall": 0.9160322846922865,
    "eval_precision": 0.8505066848335179,
    "eval_f1": 0.8820542259118609,
    "eval_mcc": 0.7572723414304801,
    "eval_acc": 0.8775107768504081,
    "eval_threshold": 0.5
}