{
    "eval_recall": 0.9611450066516812,
    "eval_precision": 0.9148945460896905,
    "eval_f1": 0.9374496644295301,
    "eval_mcc": 0.872822852182845,
    "eval_acc": 0.9358539047444251,
    "eval_threshold": 0.5
}