{
    "eval_recall": 0.9598971044126376,
    "eval_precision": 0.9241173482346965,
    "eval_f1": 0.941667475492575,
    "eval_mcc": 0.8817375850514831,
    "eval_acc": 0.9405382230723567,
    "eval_threshold": 0.5
}