{
    "eval_recall": 0.9343450228023275,
    "eval_precision": 0.8556307603686636,
    "eval_f1": 0.893257160039089,
    "eval_mcc": 0.7811305282162557,
    "eval_acc": 0.8888801940683935,
    "eval_threshold": 0.5
}