{
    "eval_recall": 0.6996249885667246,
    "eval_precision": 0.9014731879787861,
    "eval_f1": 0.787825728705325,
    "eval_mcc": 0.6393934459555848,
    "eval_acc": 0.8115796213299186,
    "eval_threshold": 0.5
}