{
    "eval_recall": 0.2810031841455262,
    "eval_precision": 0.37982783180426577,
    "eval_f1": 0.29674262724388495,
    "eval_mcc": 0.8009155216480763,
    "eval_acc": 0.8104340799474761
}