{
    "eval_recall": 0.9154228855721394,
    "eval_precision": 0.8320413436692506,
    "eval_f1": 0.8717428087986464,
    "eval_mcc": 0.7343291758700242,
    "eval_acc": 0.8653162757640369,
    "eval_threshold": 0.5
}