{
    "eval_recall": 0.7422509225092251,
    "eval_precision": 0.7231709509257594,
    "eval_f1": 0.7325867249385414,
    "eval_mcc": 0.45827761315767274,
    "eval_acc": 0.7290590405904059,
    "eval_threshold": 0.5
}