{
    "eval_recall": 0.7723102585487907,
    "eval_precision": 0.8319856244384546,
    "eval_f1": 0.801038062283737,
    "eval_mcc": 0.6179385541840787,
    "eval_acc": 0.8081734778982486,
    "eval_threshold": 0.5
}