{
    "eval_recall": 0.9620223305551188,
    "eval_precision": 0.9039527151828592,
    "eval_f1": 0.9320839523102122,
    "eval_mcc": 0.8622766613151978,
    "eval_acc": 0.9302371077549104,
    "eval_threshold": 0.5
}