{
    "eval_recall": 0.2868384081056354,
    "eval_precision": 0.3856053696210975,
    "eval_f1": 0.29836938022923276,
    "eval_mcc": 0.8090223783503513,
    "eval_acc": 0.8181611575465266
}