{
    "eval_recall": 0.34122405652035454,
    "eval_precision": 0.4399906056263586,
    "eval_f1": 0.367218509808492,
    "eval_mcc": 0.8539839122221997,
    "eval_acc": 0.8654065554561993
}