{
    "eval_recall": 0.7783773895545596,
    "eval_precision": 0.8561368209255533,
    "eval_f1": 0.8154074641881857,
    "eval_mcc": 0.6502684196808505,
    "eval_acc": 0.8237903594621787,
    "eval_threshold": 0.5
}