{
    "eval_recall": 0.9742761031594221,
    "eval_precision": 0.9399300031816735,
    "eval_f1": 0.9567949216219718,
    "eval_mcc": 0.9126205746494537,
    "eval_acc": 0.9560055405316272,
    "eval_threshold": 0.5
}