{
    "eval_recall": 0.9717380546544235,
    "eval_precision": 0.9439696613609657,
    "eval_f1": 0.9576526050556775,
    "eval_mcc": 0.9144552347931502,
    "eval_acc": 0.9570297465222412,
    "eval_threshold": 0.5
}