{
    "eval_recall": 0.9744136460554371,
    "eval_precision": 0.8721374045801527,
    "eval_f1": 0.9204431017119838,
    "eval_mcc": 0.8373341288947214,
    "eval_acc": 0.9157782515991472,
    "eval_threshold": 0.5
}