{
    "eval_recall": 0.7420067585131271,
    "eval_precision": 0.656508739650414,
    "eval_f1": 0.6966442953020134,
    "eval_mcc": 0.3568209861780207,
    "eval_acc": 0.6768910839615284,
    "eval_threshold": 0.5
}