{
    "eval_recall": 0.9656516555076584,
    "eval_precision": 0.9034237171786511,
    "eval_f1": 0.9335017954515228,
    "eval_mcc": 0.864476366265231,
    "eval_acc": 0.9312115931395029,
    "eval_threshold": 0.5
}