{
    "eval_recall": 0.6948271380296335,
    "eval_precision": 0.6595114729829755,
    "eval_f1": 0.6767088607594937,
    "eval_mcc": 0.3365889726918537,
    "eval_acc": 0.6680530283337666,
    "eval_threshold": 0.5
}