{
    "eval_recall": 0.5721086820899023,
    "eval_precision": 0.6440422054510588,
    "eval_f1": 0.5893300393091933,
    "eval_mcc": 0.8978648118113346,
    "eval_acc": 0.9036978341257264
}