{
    "eval_recall": 0.9646598686967454,
    "eval_precision": 0.9366607893666079,
    "eval_f1": 0.9504541701073493,
    "eval_mcc": 0.8998939427014352,
    "eval_acc": 0.9497452362671879,
    "eval_threshold": 0.5
}