{
    "eval_recall": 0.9004861047418142,
    "eval_precision": 0.8284882494409519,
    "eval_f1": 0.8629881117190762,
    "eval_mcc": 0.7167812452399298,
    "eval_acc": 0.8570347610749335,
    "eval_threshold": 0.5
}