{
    "eval_recall": 0.970363446417771,
    "eval_precision": 0.934547765303961,
    "eval_f1": 0.9521189069623155,
    "eval_mcc": 0.9030662413514116,
    "eval_acc": 0.9512014075988343,
    "eval_threshold": 0.5
}