{
    "eval_recall": 0.9144519578550087,
    "eval_precision": 0.9005032907471932,
    "eval_f1": 0.9074240237194242,
    "eval_mcc": 0.8144109202595159,
    "eval_acc": 0.9071523593395414,
    "eval_threshold": 0.5
}