{
    "eval_recall": 0.9410092395167022,
    "eval_precision": 0.8300940438871474,
    "eval_f1": 0.8820786142571619,
    "eval_mcc": 0.7551725141916863,
    "eval_acc": 0.8742004264392325,
    "eval_threshold": 0.5
}