{
    "eval_recall": 0.7526785141464041,
    "eval_precision": 0.8528642047106717,
    "eval_f1": 0.7996455713458064,
    "eval_mcc": 0.6271689383065954,
    "eval_acc": 0.8114133572849169,
    "eval_threshold": 0.5
}