{
    "eval_recall": 0.993511849123,
    "eval_precision": 0.962243050378102,
    "eval_f1": 0.9776274854592182,
    "eval_mcc": 0.9550323369164097,
    "eval_acc": 0.9772639797657667,
    "eval_threshold": 0.5
}