{
    "eval_recall": 0.3148137474603664,
    "eval_precision": 0.43814704771482055,
    "eval_f1": 0.3370039427371395,
    "eval_mcc": 0.6454251622915346,
    "eval_acc": 0.6735053298316083
}