{
    "eval_recall": 0.9485346676197284,
    "eval_precision": 0.912172165820643,
    "eval_f1": 0.9299981131566889,
    "eval_mcc": 0.8578876061512817,
    "eval_acc": 0.9286028481882663,
    "eval_threshold": 0.5
}