{
    "eval_recall": 0.9912541254125412,
    "eval_precision": 0.9652900530290857,
    "eval_f1": 0.9780998127493283,
    "eval_mcc": 0.9559564340380157,
    "eval_acc": 0.9778052805280528,
    "eval_threshold": 0.5
}