{
    "eval_recall": 0.17396653341348894,
    "eval_precision": 0.18620009605274596,
    "eval_f1": 0.1683207166625408,
    "eval_mcc": 0.6093693296442381,
    "eval_acc": 0.6302887756435385
}