{
    "eval_recall": 0.9132560413465568,
    "eval_precision": 0.8766425315097881,
    "eval_f1": 0.894574810152562,
    "eval_mcc": 0.7855718121096199,
    "eval_acc": 0.8924408459551895,
    "eval_threshold": 0.5
}