{
    "eval_recall": 0.7872496112686362,
    "eval_precision": 0.8550566262666401,
    "eval_f1": 0.8197533215867422,
    "eval_mcc": 0.655865938729413,
    "eval_acc": 0.8269002103722675,
    "eval_threshold": 0.5
}