{
    "eval_recall": 0.9892566065695233,
    "eval_precision": 0.9587696726706959,
    "eval_f1": 0.9737745768377548,
    "eval_mcc": 0.9471825402881853,
    "eval_acc": 0.9733518604292111,
    "eval_threshold": 0.5
}