{
    "eval_recall": 0.25825860129970934,
    "eval_precision": 0.3558247624723098,
    "eval_f1": 0.2786438774626449,
    "eval_mcc": 0.7938214032383523,
    "eval_acc": 0.8099672144626358
}