{
    "eval_recall": 0.8194457148083784,
    "eval_precision": 0.8626865671641791,
    "eval_f1": 0.8405103668261563,
    "eval_mcc": 0.6898820711488546,
    "eval_acc": 0.8445074544955639,
    "eval_threshold": 0.5
}