{
    "eval_recall": 0.9175862550635564,
    "eval_precision": 0.8590296848437295,
    "eval_f1": 0.8873429690665947,
    "eval_mcc": 0.7689489772590359,
    "eval_acc": 0.8835764640189852,
    "eval_threshold": 0.5
}