{
    "eval_recall": 0.7310893624805634,
    "eval_precision": 0.8769061985737795,
    "eval_f1": 0.7973862729449323,
    "eval_mcc": 0.6373375244968895,
    "eval_acc": 0.8142321412238178,
    "eval_threshold": 0.5
}