{
    "eval_recall": 0.9801071155317521,
    "eval_precision": 0.8357981731187473,
    "eval_f1": 0.9022185702547247,
    "eval_mcc": 0.799562441448308,
    "eval_acc": 0.8937770976791635,
    "eval_threshold": 0.5
}