{
    "eval_recall": 0.34506352543882407,
    "eval_precision": 0.473120662520751,
    "eval_f1": 0.3669376539332155,
    "eval_mcc": 0.6134790796062267,
    "eval_acc": 0.6374009508716323
}