{
    "eval_recall": 0.9218105108685682,
    "eval_precision": 0.829146557769253,
    "eval_f1": 0.873026558665769,
    "eval_mcc": 0.7364765013162453,
    "eval_acc": 0.8659313950288912,
    "eval_threshold": 0.5
}