{
    "eval_recall": 0.8099630996309963,
    "eval_precision": 0.703976908274535,
    "eval_f1": 0.7532601235415238,
    "eval_mcc": 0.4747843511807845,
    "eval_acc": 0.7346863468634687,
    "eval_threshold": 0.5
}