{
    "eval_recall": 0.24847894256982617,
    "eval_precision": 0.34951766501896825,
    "eval_f1": 0.2673689747511692,
    "eval_mcc": 0.6296850589528976,
    "eval_acc": 0.6595952432343539
}