{
    "eval_recall": 0.9790869676103034,
    "eval_precision": 0.8266580534022394,
    "eval_f1": 0.8964389959136019,
    "eval_mcc": 0.7872818534120684,
    "eval_acc": 0.8868910992093854,
    "eval_threshold": 0.5
}