{
    "eval_recall": 0.9644633972992182,
    "eval_precision": 0.850250626566416,
    "eval_f1": 0.9037629037629037,
    "eval_mcc": 0.8018658459975878,
    "eval_acc": 0.8972992181947406,
    "eval_threshold": 0.5
}