{
    "eval_recall": 0.903558653581583,
    "eval_precision": 0.8338482373354776,
    "eval_f1": 0.8673049411246837,
    "eval_mcc": 0.7260581591215995,
    "eval_acc": 0.8617582316793543,
    "eval_threshold": 0.5
}