{
    "eval_recall": 0.666883285677151,
    "eval_precision": 0.6385812072184194,
    "eval_f1": 0.652425456163774,
    "eval_mcc": 0.2897310187618999,
    "eval_acc": 0.644723160904601,
    "eval_threshold": 0.5
}