{
    "eval_recall": 0.9214499135084133,
    "eval_precision": 0.8615644758123805,
    "eval_f1": 0.8905015197568389,
    "eval_mcc": 0.7764018046002481,
    "eval_acc": 0.8872368729947571,
    "eval_threshold": 0.5
}