{
    "eval_recall": 0.24432739721233726,
    "eval_precision": 0.3556589868355888,
    "eval_f1": 0.2629496197623105,
    "eval_mcc": 0.6359240411807324,
    "eval_acc": 0.6650632625163166
}