{
    "eval_recall": 0.681549815498155,
    "eval_precision": 0.7164468580294803,
    "eval_f1": 0.6985627836611196,
    "eval_mcc": 0.4122974998749892,
    "eval_acc": 0.7059040590405904,
    "eval_threshold": 0.5
}