{
    "eval_recall": 0.9371164632134609,
    "eval_precision": 0.9182129695480701,
    "eval_f1": 0.9275684148651298,
    "eval_mcc": 0.8538561109561313,
    "eval_acc": 0.9268373136297665,
    "eval_threshold": 0.5
}