{
    "eval_recall": 0.6706229550266247,
    "eval_precision": 0.8647418927862343,
    "eval_f1": 0.7554110207768744,
    "eval_mcc": 0.5805443584527387,
    "eval_acc": 0.78286392506576,
    "eval_threshold": 0.5
}