{
    "eval_recall": 0.9696589934700878,
    "eval_precision": 0.9409242191500256,
    "eval_f1": 0.9550755237940555,
    "eval_mcc": 0.9092031752358212,
    "eval_acc": 0.9543895521403601,
    "eval_threshold": 0.5
}