{
    "eval_recall": 0.9885156828846628,
    "eval_precision": 0.9700678623364033,
    "eval_f1": 0.9792048929663608,
    "eval_mcc": 0.9581784283433162,
    "eval_acc": 0.979002624671916,
    "eval_threshold": 0.5
}