{
    "eval_recall": 0.9818190165740783,
    "eval_precision": 0.9426103054612773,
    "eval_f1": 0.9618152379239003,
    "eval_mcc": 0.9228864818754606,
    "eval_acc": 0.9610434303806181,
    "eval_threshold": 0.5
}