{
    "eval_recall": 0.9672183322724379,
    "eval_precision": 0.9679114579186241,
    "eval_f1": 0.9675647709635055,
    "eval_mcc": 0.9352096253998596,
    "eval_acc": 0.9676047380554893,
    "eval_threshold": 0.5
}