{
    "eval_recall": 0.9729660800816118,
    "eval_precision": 0.7766693811074918,
    "eval_f1": 0.8638061813653345,
    "eval_mcc": 0.7164509504514888,
    "eval_acc": 0.8465952563121653,
    "eval_threshold": 0.5
}