{
    "eval_recall": 0.6983383588888176,
    "eval_precision": 0.8622465145754119,
    "eval_f1": 0.7716848037999362,
    "eval_mcc": 0.5976690230931705,
    "eval_acc": 0.7933855135689998,
    "eval_threshold": 0.5
}