{
    "eval_recall": 0.969905636317266,
    "eval_precision": 0.7859061789625956,
    "eval_f1": 0.8682648401826485,
    "eval_mcc": 0.7258613665176924,
    "eval_acc": 0.852843662331038,
    "eval_threshold": 0.5
}