{
    "eval_recall": 0.9927970528399406,
    "eval_precision": 0.9640149492792311,
    "eval_f1": 0.9781943278164531,
    "eval_mcc": 0.9561638768386265,
    "eval_acc": 0.9778688073898939,
    "eval_threshold": 0.5
}