{
    "eval_recall": 0.8004207445348943,
    "eval_precision": 0.8356569900687548,
    "eval_f1": 0.8176594253679046,
    "eval_mcc": 0.6435797944009454,
    "eval_acc": 0.8215037043812311,
    "eval_threshold": 0.5
}