{
    "eval_recall": 0.9363039530660707,
    "eval_precision": 0.8831357048748353,
    "eval_f1": 0.9089429791850295,
    "eval_mcc": 0.8140033795501552,
    "eval_acc": 0.9062609059817128,
    "eval_threshold": 0.5
}