{
    "eval_recall": 0.9727110431012497,
    "eval_precision": 0.7783673469387755,
    "eval_f1": 0.8647545629747194,
    "eval_mcc": 0.7184970540097241,
    "eval_acc": 0.847870441213976,
    "eval_threshold": 0.5
}