{
    "eval_recall": 0.9545131485429993,
    "eval_precision": 0.8305504019789735,
    "eval_f1": 0.8882275132275133,
    "eval_mcc": 0.7683792354579291,
    "eval_acc": 0.8798862828713575,
    "eval_threshold": 0.5
}