{
    "eval_recall": 0.9736165160609459,
    "eval_precision": 0.9491383744855967,
    "eval_f1": 0.9612216325334549,
    "eval_mcc": 0.9217497631158734,
    "eval_acc": 0.9607215882857332,
    "eval_threshold": 0.5
}