{
    "eval_recall": 0.9498054218059495,
    "eval_precision": 0.9210694639887425,
    "eval_f1": 0.9352167559668777,
    "eval_mcc": 0.868835314840017,
    "eval_acc": 0.9342061869269838,
    "eval_threshold": 0.5
}