{
    "eval_recall": 0.980185563767888,
    "eval_precision": 0.953641370869033,
    "eval_f1": 0.9667312911981388,
    "eval_mcc": 0.9332240046979372,
    "eval_acc": 0.9664292980671414,
    "eval_threshold": 0.5
}