{
    "eval_recall": 0.9673375123721544,
    "eval_precision": 0.9406480590311197,
    "eval_f1": 0.9538061158100195,
    "eval_mcc": 0.9066855076044812,
    "eval_acc": 0.9531600474996701,
    "eval_threshold": 0.5
}