{
    "eval_recall": 0.8240190249702735,
    "eval_precision": 0.853044219297415,
    "eval_f1": 0.8382804503582395,
    "eval_mcc": 0.6824586432801993,
    "eval_acc": 0.8410317387725236,
    "eval_threshold": 0.5
}