{
    "eval_recall": 0.9740122683200316,
    "eval_precision": 0.943096180866011,
    "eval_f1": 0.9583049417567084,
    "eval_mcc": 0.9157352262503881,
    "eval_acc": 0.9576215289228943,
    "eval_threshold": 0.5
}