{
    "eval_recall": 0.967377466581795,
    "eval_precision": 0.9656870532168388,
    "eval_f1": 0.9665315207886159,
    "eval_mcc": 0.9330645197986338,
    "eval_acc": 0.9665315207886159,
    "eval_threshold": 0.5
}