{
    "eval_recall": 0.9147121535181236,
    "eval_precision": 0.8114754098360656,
    "eval_f1": 0.8600066822586034,
    "eval_mcc": 0.707955841707568,
    "eval_acc": 0.8511016346837242,
    "eval_threshold": 0.5
}