{
    "eval_recall": 0.9502487562189055,
    "eval_precision": 0.8548593350383632,
    "eval_f1": 0.9000336587007742,
    "eval_mcc": 0.7938703792358882,
    "eval_acc": 0.894456289978678,
    "eval_threshold": 0.5
}