{
    "eval_recall": 0.8492636970639349,
    "eval_precision": 0.8268768367619557,
    "eval_f1": 0.8379207652738923,
    "eval_mcc": 0.6716996214353589,
    "eval_acc": 0.8357266989847252,
    "eval_threshold": 0.5
}