{
    "eval_recall": 0.26284743476600414,
    "eval_precision": 0.36232006121592136,
    "eval_f1": 0.2823279621614758,
    "eval_mcc": 0.7959283203300365,
    "eval_acc": 0.8115294093464476
}