{
    "eval_recall": 0.9732207638018601,
    "eval_precision": 0.9360527818308697,
    "eval_f1": 0.9542749967662657,
    "eval_mcc": 0.9074500353009066,
    "eval_acc": 0.9533671921377218,
    "eval_threshold": 0.5
}