{
    "eval_recall": 0.7381918819188192,
    "eval_precision": 0.7224629830263634,
    "eval_f1": 0.7302427450264647,
    "eval_mcc": 0.45472032441413046,
    "eval_acc": 0.7273062730627307,
    "eval_threshold": 0.5
}