{
    "eval_recall": 0.712243306472576,
    "eval_precision": 0.6604796914547427,
    "eval_f1": 0.6853855293602652,
    "eval_mcc": 0.3471817426297796,
    "eval_acc": 0.6730569274759552,
    "eval_threshold": 0.5
}