{
    "eval_recall": 0.9779575203754013,
    "eval_precision": 0.9460637916616892,
    "eval_f1": 0.961746311251442,
    "eval_mcc": 0.9227103406402442,
    "eval_acc": 0.9610930986567855,
    "eval_threshold": 0.5
}