{
    "eval_recall": 0.9232817593315275,
    "eval_precision": 0.8493474680069265,
    "eval_f1": 0.8847727572704475,
    "eval_mcc": 0.7625560032611364,
    "eval_acc": 0.8798265537889738,
    "eval_threshold": 0.5
}