{
    "eval_recall": 0.9446569752614129,
    "eval_precision": 0.7874149659863946,
    "eval_f1": 0.8588985507246377,
    "eval_mcc": 0.7037956222521886,
    "eval_acc": 0.8448099974496301,
    "eval_threshold": 0.5
}