{
    "eval_recall": 0.9828970116078044,
    "eval_precision": 0.9567856713547301,
    "eval_f1": 0.9696655905463849,
    "eval_mcc": 0.938839511634195,
    "eval_acc": 0.9692450208429828,
    "eval_threshold": 0.5
}