{
    "eval_recall": 0.6268043882722781,
    "eval_precision": 0.8959193030719853,
    "eval_f1": 0.7375811565755699,
    "eval_mcc": 0.580809010958573,
    "eval_acc": 0.7769936485532816,
    "eval_threshold": 0.5
}