{
    "eval_recall": 0.9625095638867636,
    "eval_precision": 0.7828251400124455,
    "eval_f1": 0.8634179821551132,
    "eval_mcc": 0.7145641267958401,
    "eval_acc": 0.8477429227237949,
    "eval_threshold": 0.5
}