{
    "eval_recall": 0.9716908951798011,
    "eval_precision": 0.83994708994709,
    "eval_f1": 0.9010287335934729,
    "eval_mcc": 0.7963911437475807,
    "eval_acc": 0.8932670237184391,
    "eval_threshold": 0.5
}