{
    "eval_recall": 0.6723420847413569,
    "eval_precision": 0.6340237774237039,
    "eval_f1": 0.6526209550242857,
    "eval_mcc": 0.28476801246426847,
    "eval_acc": 0.6421237327787886,
    "eval_threshold": 0.5
}