{
    "eval_recall": 0.7231667415153654,
    "eval_precision": 0.8358297493697168,
    "eval_f1": 0.7754273724761808,
    "eval_mcc": 0.586477525216247,
    "eval_acc": 0.7905626483608135,
    "eval_threshold": 0.5
}