{
    "eval_recall": 0.32494333272948744,
    "eval_precision": 0.45689131378020353,
    "eval_f1": 0.35177389894077865,
    "eval_mcc": 0.645382892804306,
    "eval_acc": 0.6635052916815788
}