{
    "eval_recall": 0.880950197193433,
    "eval_precision": 0.8409210295920154,
    "eval_f1": 0.8604703247480404,
    "eval_mcc": 0.7151094632208576,
    "eval_acc": 0.857149408419701,
    "eval_threshold": 0.5
}