{
    "eval_recall": 0.9346595376631546,
    "eval_precision": 0.8760409757535559,
    "eval_f1": 0.9044014151481722,
    "eval_mcc": 0.8051935874617495,
    "eval_acc": 0.90167462242742,
    "eval_threshold": 0.5
}