{
    "eval_recall": 0.9824024483550114,
    "eval_precision": 0.7731834604576475,
    "eval_f1": 0.8653262945074695,
    "eval_mcc": 0.7211128634230618,
    "eval_acc": 0.8471053302728896,
    "eval_threshold": 0.5
}