{
    "eval_recall": 0.7442162724200676,
    "eval_precision": 0.6609719496710147,
    "eval_f1": 0.7001283854007458,
    "eval_mcc": 0.3653997221081547,
    "eval_acc": 0.6812451260722641,
    "eval_threshold": 0.5
}