{
    "eval_recall": 0.9240117334823299,
    "eval_precision": 0.8909090909090909,
    "eval_f1": 0.9071585298957762,
    "eval_mcc": 0.8115502488551943,
    "eval_acc": 0.9054931248691283,
    "eval_threshold": 0.5
}