{
    "eval_recall": 0.95159298592245,
    "eval_precision": 0.9235378715244487,
    "eval_f1": 0.937355552852451,
    "eval_mcc": 0.8731829326058627,
    "eval_acc": 0.9363903041531573,
    "eval_threshold": 0.5
}