{
    "eval_recall": 0.8505535055350554,
    "eval_precision": 0.6235628297037739,
    "eval_f1": 0.719581674861469,
    "eval_mcc": 0.3619158076861062,
    "eval_acc": 0.6685424354243542,
    "eval_threshold": 0.5
}