{
    "eval_recall": 0.7671586715867159,
    "eval_precision": 0.7237597911227154,
    "eval_f1": 0.7448275862068965,
    "eval_mcc": 0.475209337880923,
    "eval_acc": 0.7371771217712177,
    "eval_threshold": 0.5
}