{
    "eval_recall": 0.7245387453874539,
    "eval_precision": 0.7065491183879093,
    "eval_f1": 0.7154308617234468,
    "eval_mcc": 0.423753612970266,
    "eval_acc": 0.7118081180811808,
    "eval_threshold": 0.5
}