{
    "eval_recall": 0.9679550506297852,
    "eval_precision": 0.9430341674687199,
    "eval_f1": 0.95533211456429,
    "eval_mcc": 0.9097816053538695,
    "eval_acc": 0.9547321290721013,
    "eval_threshold": 0.5
}