{
    "eval_recall": 0.9770463689730229,
    "eval_precision": 0.9155129789864029,
    "eval_f1": 0.9452793465428672,
    "eval_mcc": 0.8888908420439512,
    "eval_acc": 0.9434404063056526,
    "eval_threshold": 0.5
}