{
    "eval_recall": 0.9324804548685146,
    "eval_precision": 0.8335451080050826,
    "eval_f1": 0.8802415296880242,
    "eval_mcc": 0.7515815189891426,
    "eval_acc": 0.8731343283582089,
    "eval_threshold": 0.5
}