{
    "eval_recall": 0.9733267473450234,
    "eval_precision": 0.934883169256316,
    "eval_f1": 0.9537177082703127,
    "eval_mcc": 0.9062778751353177,
    "eval_acc": 0.952755905511811,
    "eval_threshold": 0.5
}