{
    "eval_recall": 0.973026734563972,
    "eval_precision": 0.9589116286363992,
    "eval_f1": 0.9659176177876071,
    "eval_mcc": 0.9314951653477515,
    "eval_acc": 0.9656967962477144,
    "eval_threshold": 0.5
}