{
    "eval_recall": 0.9790061330397861,
    "eval_precision": 0.9365879344064991,
    "eval_f1": 0.9573273873596801,
    "eval_mcc": 0.9140841188466435,
    "eval_acc": 0.9565693716253229,
    "eval_threshold": 0.5
}