{
    "eval_recall": 0.9701997169366252,
    "eval_precision": 0.928372582950869,
    "eval_f1": 0.9488254065900266,
    "eval_mcc": 0.8967662678976911,
    "eval_acc": 0.9479223726426168,
    "eval_threshold": 0.5
}