{
    "eval_recall": 0.9365885846255362,
    "eval_precision": 0.9135611765463089,
    "eval_f1": 0.9249315782614362,
    "eval_mcc": 0.8482712168584025,
    "eval_acc": 0.9240005277741127,
    "eval_threshold": 0.5
}