{
    "eval_recall": 0.6829997400571874,
    "eval_precision": 0.6238869761367684,
    "eval_f1": 0.6521064714276852,
    "eval_mcc": 0.27247614631000255,
    "eval_acc": 0.6356251624642578,
    "eval_threshold": 0.5
}