{
    "eval_recall": 0.9607447491516097,
    "eval_precision": 0.9346002855103498,
    "eval_f1": 0.9474921984532586,
    "eval_mcc": 0.8938653582204094,
    "eval_acc": 0.9467577730899752,
    "eval_threshold": 0.5
}