{
    "eval_recall": 0.9686324864716133,
    "eval_precision": 0.9315515568492546,
    "eval_f1": 0.9497302158273381,
    "eval_mcc": 0.8981712652364409,
    "eval_acc": 0.9487297074199762,
    "eval_threshold": 0.5
}