{
    "eval_recall": 0.9844406026179303,
    "eval_precision": 0.9586916000240515,
    "eval_f1": 0.9713954976086758,
    "eval_mcc": 0.9423499580999088,
    "eval_acc": 0.9710050949513663,
    "eval_threshold": 0.5
}