{
    "eval_recall": 0.9360341151385928,
    "eval_precision": 0.8226108682073704,
    "eval_f1": 0.8756648936170213,
    "eval_mcc": 0.7412662979090922,
    "eval_acc": 0.8670931058990761,
    "eval_threshold": 0.5
}