{
    "eval_recall": 0.8931435760339677,
    "eval_precision": 0.8440960095117782,
    "eval_f1": 0.86792741165234,
    "eval_mcc": 0.7307688751974676,
    "eval_acc": 0.8647390249628296,
    "eval_threshold": 0.5
}