{
    "eval_recall": 0.9899357866139787,
    "eval_precision": 0.969581519109821,
    "eval_f1": 0.9796529390199195,
    "eval_mcc": 0.9590811083299889,
    "eval_acc": 0.9794349235757295,
    "eval_threshold": 0.5
}