{
    "eval_recall": 0.3439156556196043,
    "eval_precision": 0.47773941665647707,
    "eval_f1": 0.3723481117615289,
    "eval_mcc": 0.8749992106647115,
    "eval_acc": 0.8847399093459961
}