{
    "eval_recall": 0.7533200744209918,
    "eval_precision": 0.8402146690518784,
    "eval_f1": 0.7943982139232798,
    "eval_mcc": 0.6133485471245683,
    "eval_acc": 0.8050298325527684,
    "eval_threshold": 0.5
}