{
    "eval_recall": 0.9609793420045907,
    "eval_precision": 0.7827170751973411,
    "eval_f1": 0.8627361190612479,
    "eval_mcc": 0.7129468302422132,
    "eval_acc": 0.8471053302728896,
    "eval_threshold": 0.5
}