{
    "eval_recall": 0.9242410345776392,
    "eval_precision": 0.8604363232719976,
    "eval_f1": 0.8911981250967299,
    "eval_mcc": 0.7764659252964893,
    "eval_acc": 0.8871640832798312,
    "eval_threshold": 0.5
}