{
    "eval_recall": 0.9261069981841039,
    "eval_precision": 0.8954619124797407,
    "eval_f1": 0.9105266771956327,
    "eval_mcc": 0.818588389855257,
    "eval_acc": 0.9090528373002024,
    "eval_threshold": 0.5
}