{
    "eval_recall": 0.9218389288305521,
    "eval_precision": 0.8880416825517855,
    "eval_f1": 0.9046247451373831,
    "eval_mcc": 0.8062037563811052,
    "eval_acc": 0.9028098410395092,
    "eval_threshold": 0.5
}