{
    "eval_recall": 0.9225302061122956,
    "eval_precision": 0.8163522012578617,
    "eval_f1": 0.8661995328661994,
    "eval_mcc": 0.7211219409376256,
    "eval_acc": 0.857498223169865,
    "eval_threshold": 0.5
}