{
    "eval_recall": 0.9865398863917016,
    "eval_precision": 0.9690096427921645,
    "eval_f1": 0.977696190913263,
    "eval_mcc": 0.9551353588785996,
    "eval_acc": 0.9774895785085688,
    "eval_threshold": 0.5
}