{
    "eval_recall": 0.9676103034940067,
    "eval_precision": 0.7845326716294458,
    "eval_f1": 0.8665067945643485,
    "eval_mcc": 0.7217898911195085,
    "eval_acc": 0.8509308849783218,
    "eval_threshold": 0.5
}