{
    "eval_recall": 0.9924121625336779,
    "eval_precision": 0.964568191534844,
    "eval_f1": 0.9782920946367111,
    "eval_mcc": 0.9563560964046951,
    "eval_acc": 0.9779787760488261,
    "eval_threshold": 0.5
}