{
    "eval_recall": 0.27777338659861406,
    "eval_precision": 0.379378611201506,
    "eval_f1": 0.29695191445886177,
    "eval_mcc": 0.6388294253772945,
    "eval_acc": 0.6569026034696094
}