{
    "eval_recall": 0.9153168737222834,
    "eval_precision": 0.8544480328831474,
    "eval_f1": 0.8838356996431554,
    "eval_mcc": 0.7625378383812403,
    "eval_acc": 0.8802723217779169,
    "eval_threshold": 0.5
}