{
    "eval_recall": 0.9316943707221679,
    "eval_precision": 0.9026931925835702,
    "eval_f1": 0.9169645312070388,
    "eval_mcc": 0.8317995163415929,
    "eval_acc": 0.9156836741816151,
    "eval_threshold": 0.5
}