{
    "eval_recall": 0.8891257995735607,
    "eval_precision": 0.8181818181818182,
    "eval_f1": 0.8521798365122616,
    "eval_mcc": 0.6941567222215067,
    "eval_acc": 0.845771144278607,
    "eval_threshold": 0.5
}