{
    "eval_recall": 0.9843187798721873,
    "eval_precision": 0.987713531281996,
    "eval_f1": 0.9860132336327936,
    "eval_mcc": 0.972080281024842,
    "eval_acc": 0.9860372697492079,
    "eval_threshold": 0.5
}