{
    "eval_recall": 0.7125461254612546,
    "eval_precision": 0.7253944402704733,
    "eval_f1": 0.7189128816083395,
    "eval_mcc": 0.44287390296386314,
    "eval_acc": 0.7214022140221402,
    "eval_threshold": 0.5
}