{
    "eval_recall": 0.9706662941751641,
    "eval_precision": 0.9482805676855895,
    "eval_f1": 0.9593428591150688,
    "eval_mcc": 0.918034313923357,
    "eval_acc": 0.9588888113352412,
    "eval_threshold": 0.5
}