{
    "eval_recall": 0.9727110431012497,
    "eval_precision": 0.8024405638544078,
    "eval_f1": 0.8794097302282684,
    "eval_mcc": 0.7503173478085232,
    "eval_acc": 0.8666156592705943,
    "eval_threshold": 0.5
}