{
    "eval_recall": 0.901307966706302,
    "eval_precision": 0.7888879993595389,
    "eval_f1": 0.8413592896174864,
    "eval_mcc": 0.6669180365636612,
    "eval_acc": 0.8300557943839751,
    "eval_threshold": 0.5
}