{
    "eval_recall": 0.276027015195974,
    "eval_precision": 0.39288738754065966,
    "eval_f1": 0.29973108434521023,
    "eval_mcc": 0.6335573864125698,
    "eval_acc": 0.6539657650594538
}