{
    "eval_recall": 0.5642058747075643,
    "eval_precision": 0.6500449236298292,
    "eval_f1": 0.6040912886167548,
    "eval_mcc": 0.2627637385726037,
    "eval_acc": 0.6302313491031973,
    "eval_threshold": 0.5
}