{
    "eval_recall": 0.9699308471227464,
    "eval_precision": 0.9471240805498613,
    "eval_f1": 0.9583918003782563,
    "eval_mcc": 0.9160287628516536,
    "eval_acc": 0.9578817353713138,
    "eval_threshold": 0.5
}