{
    "eval_recall": 0.9295991060203939,
    "eval_precision": 0.9101477024070022,
    "eval_f1": 0.9197705756340265,
    "eval_mcc": 0.8381216797623144,
    "eval_acc": 0.9189641934808404,
    "eval_threshold": 0.5
}