{
    "eval_recall": 0.9135900700190961,
    "eval_precision": 0.8987163431433939,
    "eval_f1": 0.9060921717171717,
    "eval_mcc": 0.8109092268767029,
    "eval_acc": 0.9053978853644964,
    "eval_threshold": 0.5
}