{
    "eval_recall": 0.7226744717826763,
    "eval_precision": 0.8904541868590105,
    "eval_f1": 0.7978390386751489,
    "eval_mcc": 0.6453281371832145,
    "eval_acc": 0.816884661117717,
    "eval_threshold": 0.5
}