{
    "eval_recall": 0.28245161489445936,
    "eval_precision": 0.3914175068681912,
    "eval_f1": 0.2970478572946326,
    "eval_mcc": 0.6187230614025232,
    "eval_acc": 0.6496009063288531
}