{
    "eval_recall": 0.27926321526161996,
    "eval_precision": 0.3854223651989738,
    "eval_f1": 0.2966373929936411,
    "eval_mcc": 0.8040010302346241,
    "eval_acc": 0.8132875432438574
}