{
    "eval_recall": 0.2695333549258111,
    "eval_precision": 0.348570713275831,
    "eval_f1": 0.2831883142670406,
    "eval_mcc": 0.7195870025872289,
    "eval_acc": 0.7432423990004164
}