{
    "eval_recall": 0.961224993825636,
    "eval_precision": 0.9307108268069588,
    "eval_f1": 0.9457218357986817,
    "eval_mcc": 0.8901182205847565,
    "eval_acc": 0.9448201327775204,
    "eval_threshold": 0.5
}