{
    "eval_recall": 0.9735737219066436,
    "eval_precision": 0.9456071964017991,
    "eval_f1": 0.9593866934379849,
    "eval_mcc": 0.917955623510284,
    "eval_acc": 0.9587772116720704,
    "eval_threshold": 0.5
}