{
    "eval_recall": 0.7708487084870849,
    "eval_precision": 0.7189812424711753,
    "eval_f1": 0.744012109340219,
    "eval_mcc": 0.47078382286354153,
    "eval_acc": 0.7347785977859779,
    "eval_threshold": 0.5
}