{
    "eval_recall": 0.9743670388425854,
    "eval_precision": 0.9308894230769231,
    "eval_f1": 0.9521321552055321,
    "eval_mcc": 0.9034918835840297,
    "eval_acc": 0.9512481414821191,
    "eval_threshold": 0.5
}