{
    "eval_recall": 0.9594882729211087,
    "eval_precision": 0.8328192473781616,
    "eval_f1": 0.891677675033025,
    "eval_mcc": 0.7759070812243626,
    "eval_acc": 0.8834399431414357,
    "eval_threshold": 0.5
}