{
    "eval_recall": 0.9175550817341862,
    "eval_precision": 0.8275641025641025,
    "eval_f1": 0.8702392989551735,
    "eval_mcc": 0.7307012131313532,
    "eval_acc": 0.8631840796019901,
    "eval_threshold": 0.5
}