{
    "eval_recall": 0.7994541200935794,
    "eval_precision": 0.6405957092272443,
    "eval_f1": 0.7112627197039778,
    "eval_mcc": 0.3622377425586194,
    "eval_acc": 0.6754613984923317,
    "eval_threshold": 0.5
}