{
    "eval_recall": 0.2800942075376143,
    "eval_precision": 0.3451990077439379,
    "eval_f1": 0.28432096265197077,
    "eval_mcc": 0.7203871144383286,
    "eval_acc": 0.7338451049215929
}