{
    "eval_recall": 0.768499039604866,
    "eval_precision": 0.8589245553056635,
    "eval_f1": 0.8111996138064205,
    "eval_mcc": 0.6458648322638223,
    "eval_acc": 0.8211378395682796,
    "eval_threshold": 0.5
}