{
    "eval_recall": 0.9459843638948117,
    "eval_precision": 0.8292834890965732,
    "eval_f1": 0.8837981407702523,
    "eval_mcc": 0.7587947519312725,
    "eval_acc": 0.8756218905472637,
    "eval_threshold": 0.5
}