{
    "eval_recall": 0.7234317343173432,
    "eval_precision": 0.6963239211507725,
    "eval_f1": 0.7096190390009954,
    "eval_mcc": 0.40824305021083174,
    "eval_acc": 0.7039667896678967,
    "eval_threshold": 0.5
}