{
    "eval_recall": 0.9445628997867804,
    "eval_precision": 0.8454198473282443,
    "eval_f1": 0.892245720040282,
    "eval_mcc": 0.7772178324612542,
    "eval_acc": 0.8859275053304904,
    "eval_threshold": 0.5
}