{
    "eval_recall": 0.9471670734120441,
    "eval_precision": 0.91197764511622,
    "eval_f1": 0.9292393308959136,
    "eval_mcc": 0.8563860617046033,
    "eval_acc": 0.9278741507816107,
    "eval_threshold": 0.5
}