{
    "eval_recall": 0.21156163785861823,
    "eval_precision": 0.30238366361928154,
    "eval_f1": 0.22704156535620992,
    "eval_mcc": 0.5935975939960914,
    "eval_acc": 0.6143279210120957
}