{
    "eval_recall": 0.6638617031007042,
    "eval_precision": 0.9321859748266119,
    "eval_f1": 0.7754687750414018,
    "eval_mcc": 0.6427713888479035,
    "eval_acc": 0.8077837738955456,
    "eval_threshold": 0.5
}