{
    "eval_recall": 0.9831675592960979,
    "eval_precision": 0.8322538860103627,
    "eval_f1": 0.9014380918975797,
    "eval_mcc": 0.7982369440076997,
    "eval_acc": 0.8925019127773527,
    "eval_threshold": 0.5
}