{
    "eval_recall": 0.9623312011371713,
    "eval_precision": 0.8657289002557544,
    "eval_f1": 0.9114776169639851,
    "eval_mcc": 0.8181871295908614,
    "eval_acc": 0.9065387348969438,
    "eval_threshold": 0.5
}