{
    "eval_recall": 0.6956004756242569,
    "eval_precision": 0.9179239589619795,
    "eval_f1": 0.791445519825164,
    "eval_mcc": 0.6528413388278976,
    "eval_acc": 0.8167017287112412,
    "eval_threshold": 0.5
}