{
    "eval_recall": 0.9837817517856184,
    "eval_precision": 0.9879199697999245,
    "eval_f1": 0.9858465181358305,
    "eval_mcc": 0.9717608480415161,
    "eval_acc": 0.9858761613232372,
    "eval_threshold": 0.5
}