{
    "eval_recall": 0.9651078424906009,
    "eval_precision": 0.9375881071382801,
    "eval_f1": 0.9511489582994768,
    "eval_mcc": 0.9012523652916647,
    "eval_acc": 0.950432029549502,
    "eval_threshold": 0.5
}