{
    "eval_recall": 0.9541915042156704,
    "eval_precision": 0.9646560616754438,
    "eval_f1": 0.9593952483801296,
    "eval_mcc": 0.9192850673673456,
    "eval_acc": 0.9596154878900166,
    "eval_threshold": 0.5
}