{
    "eval_recall": 0.9325365623525712,
    "eval_precision": 0.8656302459674476,
    "eval_f1": 0.8978386767099437,
    "eval_mcc": 0.7912095436328976,
    "eval_acc": 0.8943970576727444,
    "eval_threshold": 0.5
}