{
    "eval_recall": 0.9320647900613304,
    "eval_precision": 0.8701460764882919,
    "eval_f1": 0.9000417599939258,
    "eval_mcc": 0.7960211966273278,
    "eval_acc": 0.8969794193598873,
    "eval_threshold": 0.5
}