{
    "eval_recall": 0.9861983781751785,
    "eval_precision": 0.9897596205669936,
    "eval_f1": 0.9879757901815736,
    "eval_mcc": 0.9760011623227537,
    "eval_acc": 0.9879974222651845,
    "eval_threshold": 0.5
}