{
    "eval_recall": 0.9336255865645838,
    "eval_precision": 0.9070785842831434,
    "eval_f1": 0.9201606523458894,
    "eval_mcc": 0.8383078886580343,
    "eval_acc": 0.9189748340280994,
    "eval_threshold": 0.5
}