{
    "eval_recall": 0.3178235660480982,
    "eval_precision": 0.4659953575535522,
    "eval_f1": 0.34753345471182356,
    "eval_mcc": 0.6381441791238814,
    "eval_acc": 0.6563730252057877
}