{
    "eval_recall": 0.30224876889623803,
    "eval_precision": 0.4136032236594341,
    "eval_f1": 0.32175819298195435,
    "eval_mcc": 0.631558159852074,
    "eval_acc": 0.661063906483341
}