{
    "eval_recall": 0.9648317340801617,
    "eval_precision": 0.9200157604412924,
    "eval_f1": 0.941890953095937,
    "eval_mcc": 0.8820687354976903,
    "eval_acc": 0.9405097850276458,
    "eval_threshold": 0.5
}