{
    "eval_recall": 0.7866093478459709,
    "eval_precision": 0.8770140730165205,
    "eval_f1": 0.8293553208930035,
    "eval_mcc": 0.6799231807018692,
    "eval_acc": 0.8381505533705296,
    "eval_threshold": 0.5
}