{
    "eval_recall": 0.9588099457601632,
    "eval_precision": 0.9643513017176191,
    "eval_f1": 0.9615726403662312,
    "eval_mcc": 0.9233813366537534,
    "eval_acc": 0.961683046023307,
    "eval_threshold": 0.5
}