{
    "eval_recall": 0.9823500302413812,
    "eval_precision": 0.9018222199787996,
    "eval_f1": 0.9403652823832833,
    "eval_mcc": 0.8789165502333204,
    "eval_acc": 0.9377027547149063,
    "eval_threshold": 0.5
}