{
    "eval_recall": 0.729967280425996,
    "eval_precision": 0.8383436486884763,
    "eval_f1": 0.7804108508522241,
    "eval_mcc": 0.5941949291747147,
    "eval_acc": 0.7946044780907167,
    "eval_threshold": 0.5
}