{
    "eval_recall": 0.985446538853982,
    "eval_precision": 0.985499462943072,
    "eval_f1": 0.9854730001879648,
    "eval_mcc": 0.9709467819167222,
    "eval_acc": 0.9854733902583105,
    "eval_threshold": 0.5
}