{
    "eval_recall": 0.70886404990902,
    "eval_precision": 0.65758379551483,
    "eval_f1": 0.6822616962722041,
    "eval_mcc": 0.3407830422620307,
    "eval_acc": 0.6698726280218352,
    "eval_threshold": 0.5
}