{
    "eval_recall": 0.49961008578112814,
    "eval_precision": 0.6715583508036338,
    "eval_f1": 0.572961693247876,
    "eval_mcc": 0.2640664398206566,
    "eval_acc": 0.627631920977385,
    "eval_threshold": 0.5
}