{
    "eval_recall": 0.8202952029520295,
    "eval_precision": 0.6599376577111474,
    "eval_f1": 0.7314304515916755,
    "eval_mcc": 0.40988614860969924,
    "eval_acc": 0.6988007380073801,
    "eval_threshold": 0.5
}