{
    "eval_recall": 0.9383945650023086,
    "eval_precision": 0.9082609805924413,
    "eval_f1": 0.9230819140308191,
    "eval_mcc": 0.8440765764970847,
    "eval_acc": 0.9218059494756282,
    "eval_threshold": 0.5
}