{
    "eval_recall": 0.7535055350553506,
    "eval_precision": 0.7118703154959037,
    "eval_f1": 0.7320964416957965,
    "eval_mcc": 0.4492931007770498,
    "eval_acc": 0.7242619926199262,
    "eval_threshold": 0.5
}