{
    "eval_recall": 0.9001257158821064,
    "eval_precision": 0.8638069705093834,
    "eval_f1": 0.8815924481838702,
    "eval_mcc": 0.7590349490842075,
    "eval_acc": 0.8791791721923641,
    "eval_threshold": 0.5
}