{
    "eval_recall": 0.7728782287822878,
    "eval_precision": 0.661664823882483,
    "eval_f1": 0.7129605990979492,
    "eval_mcc": 0.3831259495651278,
    "eval_acc": 0.6888376383763838,
    "eval_threshold": 0.5
}