{
    "eval_recall": 0.541162781011948,
    "eval_precision": 0.6484465330464287,
    "eval_f1": 0.5671482409542516,
    "eval_mcc": 0.9132416530818873,
    "eval_acc": 0.9181722134178553
}