{
    "eval_recall": 0.9209850499862423,
    "eval_precision": 0.8543776057176891,
    "eval_f1": 0.8864318502824857,
    "eval_mcc": 0.7663422893538331,
    "eval_acc": 0.882004952765294,
    "eval_threshold": 0.5
}