{
    "eval_recall": 0.957116915770359,
    "eval_precision": 0.9295889295889296,
    "eval_f1": 0.9431520991052994,
    "eval_mcc": 0.8850829977901615,
    "eval_acc": 0.9423466182731904,
    "eval_threshold": 0.5
}