{
    "eval_recall": 0.8413061373822373,
    "eval_precision": 0.846260005520287,
    "eval_f1": 0.8437758003852858,
    "eval_mcc": 0.6884779080493445,
    "eval_acc": 0.8442330558858502,
    "eval_threshold": 0.5
}