{
    "eval_recall": 0.7723406201408579,
    "eval_precision": 0.8790339371226317,
    "eval_f1": 0.8222406154145772,
    "eval_mcc": 0.6710179661906018,
    "eval_acc": 0.833028445989207,
    "eval_threshold": 0.5
}