{
    "eval_recall": 0.9641042560211152,
    "eval_precision": 0.9457570069260146,
    "eval_f1": 0.9548425042478108,
    "eval_mcc": 0.908998362699686,
    "eval_acc": 0.9544135110172846,
    "eval_threshold": 0.5
}