{
    "eval_recall": 0.9815209665955935,
    "eval_precision": 0.8620474406991261,
    "eval_f1": 0.9179129278830176,
    "eval_mcc": 0.8324830955091871,
    "eval_acc": 0.912224591329069,
    "eval_threshold": 0.5
}