{
    "eval_recall": 0.9907384539392443,
    "eval_precision": 0.9617597698393671,
    "eval_f1": 0.9760340632603406,
    "eval_mcc": 0.9517675072201872,
    "eval_acc": 0.9756677474139261,
    "eval_threshold": 0.5
}