{
    "eval_recall": 0.9684118395926161,
    "eval_precision": 0.9643451390539577,
    "eval_f1": 0.9663742109651037,
    "eval_mcc": 0.9326740289375676,
    "eval_acc": 0.966332776850306,
    "eval_threshold": 0.5
}