{
    "eval_recall": 0.9891948629291183,
    "eval_precision": 0.9430219553828948,
    "eval_f1": 0.965556727437095,
    "eval_mcc": 0.9305275886649182,
    "eval_acc": 0.9647058823529412,
    "eval_threshold": 0.5
}