{
    "eval_recall": 0.8060826618144008,
    "eval_precision": 0.6042478565861262,
    "eval_f1": 0.6907227976389353,
    "eval_mcc": 0.29508755306050677,
    "eval_acc": 0.6390694047309592,
    "eval_threshold": 0.5
}