{
    "eval_recall": 0.9331316374413435,
    "eval_precision": 0.9211873704742167,
    "eval_f1": 0.9271210355192933,
    "eval_mcc": 0.8533367489936787,
    "eval_acc": 0.9266327003242242,
    "eval_threshold": 0.5
}