{
    "eval_recall": 0.9729921819474058,
    "eval_precision": 0.8424615384615385,
    "eval_f1": 0.9030343007915567,
    "eval_mcc": 0.8007142441407408,
    "eval_acc": 0.8955223880597015,
    "eval_threshold": 0.5
}