{
    "eval_recall": 0.734598388354562,
    "eval_precision": 0.623015873015873,
    "eval_f1": 0.6742216390313731,
    "eval_mcc": 0.2948639023180966,
    "eval_acc": 0.6450480894203275,
    "eval_threshold": 0.5
}