{
    "eval_recall": 0.9893131410772783,
    "eval_precision": 0.988994470392441,
    "eval_f1": 0.9891537800687286,
    "eval_mcc": 0.978304116088193,
    "eval_acc": 0.9891520326513077,
    "eval_threshold": 0.5
}