{
    "eval_recall": 0.28455171552003905,
    "eval_precision": 0.3767765144554401,
    "eval_f1": 0.29679940636156615,
    "eval_mcc": 0.7531207218635326,
    "eval_acc": 0.7723923164677952
}