{
    "eval_recall": 0.9687355715322208,
    "eval_precision": 0.9435307721958114,
    "eval_f1": 0.9559670647964331,
    "eval_mcc": 0.9110829976364611,
    "eval_acc": 0.9553789327880746,
    "eval_threshold": 0.5
}