{
    "eval_recall": 0.9695257797581158,
    "eval_precision": 0.963698196773173,
    "eval_f1": 0.9666032048231001,
    "eval_mcc": 0.9330803744127173,
    "eval_acc": 0.9665315207886159,
    "eval_threshold": 0.5
}