{
    "eval_recall": 0.8280435379127412,
    "eval_precision": 0.846866230121609,
    "eval_f1": 0.8373491189936642,
    "eval_mcc": 0.6784809713780954,
    "eval_acc": 0.8391566816061465,
    "eval_threshold": 0.5
}