{
    "eval_recall": 0.9232409381663113,
    "eval_precision": 0.8321588725176169,
    "eval_f1": 0.8753369272237197,
    "eval_mcc": 0.7414839748217275,
    "eval_acc": 0.8685145700071073,
    "eval_threshold": 0.5
}