{
    "eval_recall": 0.29417489355178816,
    "eval_precision": 0.3954157784046661,
    "eval_f1": 0.3170626961288089,
    "eval_mcc": 0.6406078271458365,
    "eval_acc": 0.6699452204030873
}