{
    "eval_recall": 0.24857941685320448,
    "eval_precision": 0.3389762477205955,
    "eval_f1": 0.2663886726602141,
    "eval_mcc": 0.6323061340975573,
    "eval_acc": 0.6619900712281459
}