{
    "eval_recall": 0.9628439726218746,
    "eval_precision": 0.9452825013713659,
    "eval_f1": 0.9539824233617051,
    "eval_mcc": 0.9073257213916621,
    "eval_acc": 0.953584141830111,
    "eval_threshold": 0.5
}