{
    "eval_recall": 0.9821150142162708,
    "eval_precision": 0.9431037519816805,
    "eval_f1": 0.9622141348789145,
    "eval_mcc": 0.9236558124028796,
    "eval_acc": 0.9614326332202147,
    "eval_threshold": 0.5
}