{
    "eval_recall": 0.9802580230476103,
    "eval_precision": 0.9373929841506783,
    "eval_f1": 0.9583464248844202,
    "eval_mcc": 0.9157960339098621,
    "eval_acc": 0.957418496340652,
    "eval_threshold": 0.5
}