{
    "eval_recall": 0.33439235526863936,
    "eval_precision": 0.44294656568881763,
    "eval_f1": 0.3567538608062274,
    "eval_mcc": 0.8536516046817558,
    "eval_acc": 0.8650982085042089
}