{
    "eval_recall": 0.734382145797128,
    "eval_precision": 0.887182320441989,
    "eval_f1": 0.8035830455887505,
    "eval_mcc": 0.6507190996894144,
    "eval_acc": 0.8204975761456142,
    "eval_threshold": 0.5
}