{
    "eval_recall": 0.9194780394653087,
    "eval_precision": 0.8623880597014926,
    "eval_f1": 0.8900184842883548,
    "eval_mcc": 0.7746640314729248,
    "eval_acc": 0.8864774624373957,
    "eval_threshold": 0.5
}