{
    "eval_recall": 0.9365885846255362,
    "eval_precision": 0.9112152532580086,
    "eval_f1": 0.9237277105297411,
    "eval_mcc": 0.8456908258375273,
    "eval_acc": 0.9226810924924133,
    "eval_threshold": 0.5
}