{
    "eval_recall": 0.2881412662329497,
    "eval_precision": 0.3865570460938786,
    "eval_f1": 0.3013212664742035,
    "eval_mcc": 0.8112633463687833,
    "eval_acc": 0.8202318123279715
}