{
    "eval_recall": 0.6008816301935552,
    "eval_precision": 0.6948385866252428,
    "eval_f1": 0.6307211984879548,
    "eval_mcc": 0.9597860755495135,
    "eval_acc": 0.9628464835198718
}