{
    "eval_recall": 0.725784322692765,
    "eval_precision": 0.8764082173624917,
    "eval_f1": 0.7940161104718068,
    "eval_mcc": 0.6328501271334739,
    "eval_acc": 0.8117168206347755,
    "eval_threshold": 0.5
}