{
    "eval_recall": 0.740590405904059,
    "eval_precision": 0.7257277165069608,
    "eval_f1": 0.7330837366450552,
    "eval_mcc": 0.4607977506522477,
    "eval_acc": 0.730350553505535,
    "eval_threshold": 0.5
}