{
    "eval_recall": 0.9624249196815198,
    "eval_precision": 0.9033696079716795,
    "eval_f1": 0.9319626673880698,
    "eval_mcc": 0.8614117020037542,
    "eval_acc": 0.9297829273399875,
    "eval_threshold": 0.5
}