{
    "eval_recall": 0.934109136656707,
    "eval_precision": 0.8638743455497382,
    "eval_f1": 0.8976199471099356,
    "eval_mcc": 0.7906008015429203,
    "eval_acc": 0.8939666640582206,
    "eval_threshold": 0.5
}