{
    "eval_recall": 0.9267945984363894,
    "eval_precision": 0.815509693558474,
    "eval_f1": 0.8675981370592148,
    "eval_mcc": 0.7239003646519391,
    "eval_acc": 0.8585643212508884,
    "eval_threshold": 0.5
}