{
    "eval_recall": 0.714826457945724,
    "eval_precision": 0.8659361156446724,
    "eval_f1": 0.7831587825964714,
    "eval_mcc": 0.6135717125698746,
    "eval_acc": 0.8020786552896645,
    "eval_threshold": 0.5
}