{
    "eval_recall": 0.9331655920742256,
    "eval_precision": 0.9214285714285714,
    "eval_f1": 0.927259942182983,
    "eval_mcc": 0.8543663442547467,
    "eval_acc": 0.9271460990687848,
    "eval_threshold": 0.5
}