{
    "eval_recall": 0.3351222542155048,
    "eval_precision": 0.4550405161955707,
    "eval_f1": 0.3579357320408106,
    "eval_mcc": 0.6059154489357383,
    "eval_acc": 0.6303222398309561
}