{
    "eval_recall": 0.7717918229214306,
    "eval_precision": 0.8709744013212222,
    "eval_f1": 0.8183890209010232,
    "eval_mcc": 0.6617638181974054,
    "eval_acc": 0.8287295344370256,
    "eval_threshold": 0.5
}