{
    "eval_recall": 0.6505535055350553,
    "eval_precision": 0.7228372283722837,
    "eval_f1": 0.6847931637211109,
    "eval_mcc": 0.4031277140910567,
    "eval_acc": 0.7005535055350554,
    "eval_threshold": 0.5
}