{
    "eval_recall": 0.713350869314172,
    "eval_precision": 0.8366440933032355,
    "eval_f1": 0.7700938463136753,
    "eval_mcc": 0.5804050123859593,
    "eval_acc": 0.7870340668505806,
    "eval_threshold": 0.5
}