{
    "eval_recall": 0.9565581785165526,
    "eval_precision": 0.9426015141087405,
    "eval_f1": 0.9495285635052689,
    "eval_mcc": 0.898472972195145,
    "eval_acc": 0.9491868500034899,
    "eval_threshold": 0.5
}