{
    "eval_recall": 0.9798710489070609,
    "eval_precision": 0.9418077388149939,
    "eval_f1": 0.9604624277456648,
    "eval_mcc": 0.9204702418249316,
    "eval_acc": 0.9598560137725957,
    "eval_threshold": 0.5
}