{
    "eval_recall": 0.9205124124761298,
    "eval_precision": 0.919195931987923,
    "eval_f1": 0.9198537012006043,
    "eval_mcc": 0.8397338258718366,
    "eval_acc": 0.9198664440734557,
    "eval_threshold": 0.5
}