{
    "eval_recall": 0.9551030036169209,
    "eval_precision": 0.9257678530599802,
    "eval_f1": 0.9402066643445953,
    "eval_mcc": 0.8795513298086168,
    "eval_acc": 0.9395492605055169,
    "eval_threshold": 0.5
}