{
    "eval_recall": 0.656572785013152,
    "eval_precision": 0.8780027453671929,
    "eval_f1": 0.7513122637007673,
    "eval_mcc": 0.5842275895913928,
    "eval_acc": 0.7826714569833836,
    "eval_threshold": 0.5
}