{
    "eval_recall": 0.9747513389441469,
    "eval_precision": 0.7769871925188047,
    "eval_f1": 0.8647058823529413,
    "eval_mcc": 0.7186438075122983,
    "eval_acc": 0.8474878857434328,
    "eval_threshold": 0.5
}