{
    "eval_recall": 0.9478835136855506,
    "eval_precision": 0.912314290090366,
    "eval_f1": 0.9297588386794662,
    "eval_mcc": 0.8575599634079268,
    "eval_acc": 0.9284521822084426,
    "eval_threshold": 0.5
}