{
    "eval_recall": 0.8245386015076683,
    "eval_precision": 0.6303656597774245,
    "eval_f1": 0.7144948755490483,
    "eval_mcc": 0.3584755116221232,
    "eval_acc": 0.6705224850532883,
    "eval_threshold": 0.5
}