{
    "eval_recall": 0.9360341151385928,
    "eval_precision": 0.8283018867924529,
    "eval_f1": 0.8788788788788789,
    "eval_mcc": 0.7483611395018699,
    "eval_acc": 0.8710021321961621,
    "eval_threshold": 0.5
}