{
    "eval_recall": 0.27907037960575276,
    "eval_precision": 0.3465436474648533,
    "eval_f1": 0.2820471110447601,
    "eval_mcc": 0.7165968887612588,
    "eval_acc": 0.7297290472462816
}