{
    "eval_recall": 0.9826500370461843,
    "eval_precision": 0.945464266619141,
    "eval_f1": 0.9636985679251566,
    "eval_mcc": 0.926670074930466,
    "eval_acc": 0.9629766867376872,
    "eval_threshold": 0.5
}