{
    "eval_recall": 0.9640034576438626,
    "eval_precision": 0.886045059871744,
    "eval_f1": 0.9233817310820002,
    "eval_mcc": 0.8432564331013852,
    "eval_acc": 0.9199938243013741,
    "eval_threshold": 0.5
}