{
    "eval_recall": 0.9573560767590619,
    "eval_precision": 0.8319950586781965,
    "eval_f1": 0.8902842035690682,
    "eval_mcc": 0.7728604566724633,
    "eval_acc": 0.8820184790334044,
    "eval_threshold": 0.5
}