{
    "eval_recall": 0.38041374006757445,
    "eval_precision": 0.5205942691510215,
    "eval_f1": 0.40796269187753503,
    "eval_mcc": 0.8199602456301842,
    "eval_acc": 0.8344095988464906
}