{
    "eval_recall": 0.7738955455959023,
    "eval_precision": 0.8756986131235769,
    "eval_f1": 0.821655741684875,
    "eval_mcc": 0.6685778812990808,
    "eval_acc": 0.83202231775359,
    "eval_threshold": 0.5
}