{
    "eval_recall": 0.9658557668560138,
    "eval_precision": 0.941895472061657,
    "eval_f1": 0.9537251554688454,
    "eval_mcc": 0.9065458704556183,
    "eval_acc": 0.9531264474293655,
    "eval_threshold": 0.5
}