{
    "eval_recall": 0.9553010196954882,
    "eval_precision": 0.9251893939393939,
    "eval_f1": 0.940004123427943,
    "eval_mcc": 0.8785994972711707,
    "eval_acc": 0.9390660989739652,
    "eval_threshold": 0.5
}