{
    "eval_recall": 0.9655700076511095,
    "eval_precision": 0.7812628972348329,
    "eval_f1": 0.8636933956883769,
    "eval_mcc": 0.7154235666706588,
    "eval_acc": 0.8476154042336139,
    "eval_threshold": 0.5
}