{
    "eval_recall": 0.9573599699264271,
    "eval_precision": 0.9639863732223003,
    "eval_f1": 0.9606617448941099,
    "eval_mcc": 0.921615673396389,
    "eval_acc": 0.9607969496804682,
    "eval_threshold": 0.5
}