{
    "eval_recall": 0.18919233901327143,
    "eval_precision": 0.212503860592186,
    "eval_f1": 0.18575300744163747,
    "eval_mcc": 0.6125397613612465,
    "eval_acc": 0.6328759963413041
}