{
    "eval_recall": 0.235521600643424,
    "eval_precision": 0.33390802251083723,
    "eval_f1": 0.2523496512560514,
    "eval_mcc": 0.6273103008872699,
    "eval_acc": 0.657190137008829
}