{
    "eval_recall": 0.9331911869225302,
    "eval_precision": 0.8310126582278481,
    "eval_f1": 0.879142952795447,
    "eval_mcc": 0.7491099424283072,
    "eval_acc": 0.8717128642501777,
    "eval_threshold": 0.5
}