{
    "eval_recall": 0.3260618788015324,
    "eval_precision": 0.4373811048745574,
    "eval_f1": 0.3420871978187458,
    "eval_mcc": 0.6086689524420583,
    "eval_acc": 0.6326994189117803
}