{
    "eval_recall": 0.9142266072565245,
    "eval_precision": 0.8876699629171817,
    "eval_f1": 0.9007525870178739,
    "eval_mcc": 0.7990742856418835,
    "eval_acc": 0.899356069639876,
    "eval_threshold": 0.5
}