{
    "eval_recall": 0.9269451040648136,
    "eval_precision": 0.8721251149954001,
    "eval_f1": 0.8986998916576381,
    "eval_mcc": 0.7927372526739007,
    "eval_acc": 0.8955817686884903,
    "eval_threshold": 0.5
}