{
    "eval_recall": 0.25091555422026035,
    "eval_precision": 0.3495122831352917,
    "eval_f1": 0.2714600632894391,
    "eval_mcc": 0.644593054251362,
    "eval_acc": 0.6749375260308205
}