{
    "eval_recall": 0.7062105551998537,
    "eval_precision": 0.8958115790694976,
    "eval_f1": 0.789791325695581,
    "eval_mcc": 0.6385400806430496,
    "eval_acc": 0.8120369523461081,
    "eval_threshold": 0.5
}