{
    "eval_recall": 0.2504017246573524,
    "eval_precision": 0.23516499921127645,
    "eval_f1": 0.22809058287889153,
    "eval_mcc": 0.5879054677103487,
    "eval_acc": 0.6119387216059166
}