{
    "eval_recall": 0.3016102069457166,
    "eval_precision": 0.4167775216974286,
    "eval_f1": 0.3245836404079881,
    "eval_mcc": 0.6331253639530404,
    "eval_acc": 0.6628250682321438
}