{
    "eval_recall": 0.7816128825303137,
    "eval_precision": 0.8270875763747454,
    "eval_f1": 0.8037074908467197,
    "eval_mcc": 0.6191440217137042,
    "eval_acc": 0.8091037402964009,
    "eval_threshold": 0.5
}