{
    "eval_recall": 0.9738952665513445,
    "eval_precision": 0.9389023650697392,
    "eval_f1": 0.9560787340795059,
    "eval_mcc": 0.9115884996452666,
    "eval_acc": 0.9554738242428985,
    "eval_threshold": 0.5
}