{
    "eval_recall": 0.8391109485045276,
    "eval_precision": 0.8477176122712992,
    "eval_f1": 0.8433923236037691,
    "eval_mcc": 0.6884101265567296,
    "eval_acc": 0.8441873227842313,
    "eval_threshold": 0.5
}