{
    "eval_recall": 0.9090950828703916,
    "eval_precision": 0.8465945529949976,
    "eval_f1": 0.8767323444764225,
    "eval_mcc": 0.7465564345579528,
    "eval_acc": 0.872255489021956,
    "eval_threshold": 0.5
}