{
    "eval_recall": 0.42070310852353787,
    "eval_precision": 0.5820131970163342,
    "eval_f1": 0.4497249548160008,
    "eval_mcc": 0.8636949563230975,
    "eval_acc": 0.8744322570678201
}