{
    "eval_recall": 0.9830204988886144,
    "eval_precision": 0.9362540429285504,
    "eval_f1": 0.9590674979669287,
    "eval_mcc": 0.9172168371053891,
    "eval_acc": 0.9580361278369616,
    "eval_threshold": 0.5
}