{
    "eval_recall": 0.9727827569142794,
    "eval_precision": 0.9384182888664934,
    "eval_f1": 0.9552915766738661,
    "eval_mcc": 0.909556008852858,
    "eval_acc": 0.9544729752020674,
    "eval_threshold": 0.5
}