{
    "eval_recall": 0.29310070809702843,
    "eval_precision": 0.393311127381632,
    "eval_f1": 0.3154326469139154,
    "eval_mcc": 0.6399668980675992,
    "eval_acc": 0.6692977317341391
}