{
    "eval_recall": 0.9862929118300815,
    "eval_precision": 0.9662472780062908,
    "eval_f1": 0.976167196284527,
    "eval_mcc": 0.9520343183399091,
    "eval_acc": 0.9759147753589624,
    "eval_threshold": 0.5
}