{
    "eval_recall": 0.8088120613465037,
    "eval_precision": 0.6315201948447331,
    "eval_f1": 0.7092546159106451,
    "eval_mcc": 0.3510016361071426,
    "eval_acc": 0.6684429425526385,
    "eval_threshold": 0.5
}