{
    "eval_recall": 0.992467146863144,
    "eval_precision": 0.9610265147481631,
    "eval_f1": 0.9764938191457708,
    "eval_mcc": 0.952728614276488,
    "eval_acc": 0.9761093088469787,
    "eval_threshold": 0.5
}