{
    "eval_recall": 0.7669853082697119,
    "eval_precision": 0.8384178413633495,
    "eval_f1": 0.801112376867922,
    "eval_mcc": 0.6214293771817021,
    "eval_acc": 0.8095849105023417,
    "eval_threshold": 0.5
}