{
    "eval_recall": 0.6326319996625819,
    "eval_precision": 0.7218384606802102,
    "eval_f1": 0.6579397114609801,
    "eval_mcc": 0.9654533433675783,
    "eval_acc": 0.9680777808610571
}