{
    "eval_recall": 0.9527043714497406,
    "eval_precision": 0.9421174746611308,
    "eval_f1": 0.9473813470866336,
    "eval_mcc": 0.8942047490509626,
    "eval_acc": 0.9470742627759765,
    "eval_threshold": 0.5
}