{
    "eval_recall": 0.9142160717093882,
    "eval_precision": 0.8470168281489037,
    "eval_f1": 0.8793344677632822,
    "eval_mcc": 0.7527302239653645,
    "eval_acc": 0.8751467250958604,
    "eval_threshold": 0.5
}