{
    "eval_recall": 0.9873425537169671,
    "eval_precision": 0.9539461910159279,
    "eval_f1": 0.9703571103492218,
    "eval_mcc": 0.9402395808712478,
    "eval_acc": 0.969831712212444,
    "eval_threshold": 0.5
}