{
    "eval_recall": 0.6459870404824534,
    "eval_precision": 0.8844869992972593,
    "eval_f1": 0.7466538133550851,
    "eval_mcc": 0.5832250938019071,
    "eval_acc": 0.780810932187079,
    "eval_threshold": 0.5
}