{
    "eval_recall": 0.7002652519893899,
    "eval_precision": 0.9036827195467422,
    "eval_f1": 0.7890749806750837,
    "eval_mcc": 0.642107852239542,
    "eval_acc": 0.8128144150736303,
    "eval_threshold": 0.5
}