{
    "eval_recall": 0.2819590552397187,
    "eval_precision": 0.3792674585344411,
    "eval_f1": 0.29663991134254025,
    "eval_mcc": 0.7485421338581477,
    "eval_acc": 0.7686575601533512
}