{
    "eval_recall": 0.9079013819383867,
    "eval_precision": 0.8413461538461539,
    "eval_f1": 0.873357623937286,
    "eval_mcc": 0.7391735129439357,
    "eval_acc": 0.868424071397435,
    "eval_threshold": 0.5
}