{
    "eval_recall": 0.6819188191881919,
    "eval_precision": 0.7038659302989907,
    "eval_f1": 0.6927185830756255,
    "eval_mcc": 0.39521061728717594,
    "eval_acc": 0.6975092250922509,
    "eval_threshold": 0.5
}