{
    "eval_recall": 0.9533454393071658,
    "eval_precision": 0.9251728344855632,
    "eval_f1": 0.9390478811227297,
    "eval_mcc": 0.8767258091624447,
    "eval_acc": 0.9381587212954561,
    "eval_threshold": 0.5
}