{
    "eval_recall": 0.7469044716751139,
    "eval_precision": 0.8449702424154449,
    "eval_f1": 0.7929167376128043,
    "eval_mcc": 0.6140164695880806,
    "eval_acc": 0.8049335985115802,
    "eval_threshold": 0.5
}