{
    "eval_recall": 0.9775740386518039,
    "eval_precision": 0.920273207078547,
    "eval_f1": 0.948058593999872,
    "eval_mcc": 0.8946189281190179,
    "eval_acc": 0.94644152760372,
    "eval_threshold": 0.5
}