{
    "eval_recall": 0.9337205601527689,
    "eval_precision": 0.9096899224806202,
    "eval_f1": 0.9215486100204178,
    "eval_mcc": 0.8414605079032759,
    "eval_acc": 0.9205819222513714,
    "eval_threshold": 0.5
}