{
    "eval_recall": 0.7533210332103321,
    "eval_precision": 0.688649013324338,
    "eval_f1": 0.7195347607718742,
    "eval_mcc": 0.4145627646207945,
    "eval_acc": 0.7063653136531365,
    "eval_threshold": 0.5
}