{
    "eval_recall": 0.72783987522745,
    "eval_precision": 0.61175442429539,
    "eval_f1": 0.6647673314339981,
    "eval_mcc": 0.27084247660094596,
    "eval_acc": 0.6329607486353003,
    "eval_threshold": 0.5
}