{
    "eval_recall": 0.21806214879142427,
    "eval_precision": 0.3125357264834486,
    "eval_f1": 0.23049719288082926,
    "eval_mcc": 0.623221444925294,
    "eval_acc": 0.6534283041945463
}