{
    "eval_recall": 0.9836696541485677,
    "eval_precision": 0.9207885120181173,
    "eval_f1": 0.9511909825606126,
    "eval_mcc": 0.9011525330783355,
    "eval_acc": 0.9495243855501182,
    "eval_threshold": 0.5
}