{
    "eval_recall": 0.9742412649834226,
    "eval_precision": 0.8317004136729806,
    "eval_f1": 0.8973455485083391,
    "eval_mcc": 0.7887681683674329,
    "eval_acc": 0.8885488395817394,
    "eval_threshold": 0.5
}