{
    "eval_recall": 0.8936531229936715,
    "eval_precision": 0.8797742663656885,
    "eval_f1": 0.8866593866593867,
    "eval_mcc": 0.771626793004283,
    "eval_acc": 0.8857653856736678,
    "eval_threshold": 0.5
}