{
    "eval_recall": 0.9615868138008101,
    "eval_precision": 0.9399235390496996,
    "eval_f1": 0.9506317751846993,
    "eval_mcc": 0.9004287414246352,
    "eval_acc": 0.950094227681999,
    "eval_threshold": 0.5
}