{
    "eval_recall": 0.7760147601476015,
    "eval_precision": 0.6993681410043232,
    "eval_f1": 0.7357005422424348,
    "eval_mcc": 0.44511661753163567,
    "eval_acc": 0.7212177121771217,
    "eval_threshold": 0.5
}