{
    "eval_recall": 0.3347370181390281,
    "eval_precision": 0.4875301533150932,
    "eval_f1": 0.358864568714622,
    "eval_mcc": 0.8259663823470738,
    "eval_acc": 0.840597667638484
}