{
    "eval_recall": 0.6020275539381336,
    "eval_precision": 0.6485578269392327,
    "eval_f1": 0.624427069290914,
    "eval_mcc": 0.2765118777226759,
    "eval_acc": 0.6378996620743437,
    "eval_threshold": 0.5
}