{
    "eval_recall": 0.9276364534452951,
    "eval_precision": 0.9006654277321503,
    "eval_f1": 0.9139520029199744,
    "eval_mcc": 0.825658796420398,
    "eval_acc": 0.9126447429365447,
    "eval_threshold": 0.5
}