{
    "eval_recall": 0.9717967531871962,
    "eval_precision": 0.9335653553019957,
    "eval_f1": 0.952297494663521,
    "eval_mcc": 0.9033993241482069,
    "eval_acc": 0.9513207374117215,
    "eval_threshold": 0.5
}