{
    "eval_recall": 0.22907937633196215,
    "eval_precision": 0.3175156286799943,
    "eval_f1": 0.24318342372402757,
    "eval_mcc": 0.6220263278391864,
    "eval_acc": 0.6538525614327364
}