{
    "eval_recall": 0.9828970116078044,
    "eval_precision": 0.9652558816395829,
    "eval_f1": 0.9739965736661772,
    "eval_mcc": 0.9476647025460583,
    "eval_acc": 0.973753280839895,
    "eval_threshold": 0.5
}