{
    "eval_recall": 0.9325365623525712,
    "eval_precision": 0.8704587155963303,
    "eval_f1": 0.9004289564590215,
    "eval_mcc": 0.7968144827611977,
    "eval_acc": 0.8973706862821818,
    "eval_threshold": 0.5
}