{
    "eval_recall": 0.9491458347074732,
    "eval_precision": 0.9206064871089502,
    "eval_f1": 0.934658352818914,
    "eval_mcc": 0.8677081257332795,
    "eval_acc": 0.9336455378932788,
    "eval_threshold": 0.5
}