{
    "eval_recall": 0.9573832363579179,
    "eval_precision": 0.9347458928297252,
    "eval_f1": 0.9459291485394655,
    "eval_mcc": 0.8913402214838526,
    "eval_acc": 0.945535644416621,
    "eval_threshold": 0.5
}