{
    "eval_recall": 0.788220953358568,
    "eval_precision": 0.8248959312474822,
    "eval_f1": 0.8061415307896722,
    "eval_mcc": 0.6215166144528442,
    "eval_acc": 0.8104510168730352,
    "eval_threshold": 0.5
}