{
    "eval_recall": 0.24656905793950804,
    "eval_precision": 0.37527847420460264,
    "eval_f1": 0.26892796419591214,
    "eval_mcc": 0.6132186975456871,
    "eval_acc": 0.6355677512086764
}