{
    "eval_recall": 0.9077318169311199,
    "eval_precision": 0.8394758047415073,
    "eval_f1": 0.8722705739781866,
    "eval_mcc": 0.7365945782557038,
    "eval_acc": 0.8670778684765661,
    "eval_threshold": 0.5
}