{
    "eval_recall": 0.7217312191317911,
    "eval_precision": 0.6601283880171184,
    "eval_f1": 0.6895566869489632,
    "eval_mcc": 0.35167761334285175,
    "eval_acc": 0.6750714842734599,
    "eval_threshold": 0.5
}