{
    "eval_recall": 0.18295688455578402,
    "eval_precision": 0.28748646263201555,
    "eval_f1": 0.2024356651175437,
    "eval_mcc": 0.650042100557326,
    "eval_acc": 0.6807996668054977
}