{
    "eval_recall": 0.9438943894389439,
    "eval_precision": 0.9150535914253719,
    "eval_f1": 0.9292502639915523,
    "eval_mcc": 0.8566962512044897,
    "eval_acc": 0.9281353135313531,
    "eval_threshold": 0.5
}