{
    "eval_recall": 0.8259398152382694,
    "eval_precision": 0.8404690990320178,
    "eval_f1": 0.8331411173132813,
    "eval_mcc": 0.6692667536233429,
    "eval_acc": 0.8345833714442513,
    "eval_threshold": 0.5
}