{
    "eval_recall": 0.9627646008671258,
    "eval_precision": 0.8001271725307334,
    "eval_f1": 0.8739437434888297,
    "eval_mcc": 0.7376643038866505,
    "eval_acc": 0.8611323641928079,
    "eval_threshold": 0.5
}