{
    "eval_recall": 0.9658848614072495,
    "eval_precision": 0.8568726355611601,
    "eval_f1": 0.9081189442031407,
    "eval_mcc": 0.8111396890819503,
    "eval_acc": 0.90227434257285,
    "eval_threshold": 0.5
}