{
    "eval_recall": 0.9175887241173499,
    "eval_precision": 0.856151473612063,
    "eval_f1": 0.8858060941828254,
    "eval_mcc": 0.7655341645592004,
    "eval_acc": 0.8817766765319934,
    "eval_threshold": 0.5
}