{
    "eval_recall": 0.7759029960864823,
    "eval_precision": 0.8303467215928596,
    "eval_f1": 0.8022021756434068,
    "eval_mcc": 0.6187048191072995,
    "eval_acc": 0.8086867261179188,
    "eval_threshold": 0.5
}