{
    "eval_recall": 0.9259317502752005,
    "eval_precision": 0.8688851176861212,
    "eval_f1": 0.8965018461421339,
    "eval_mcc": 0.7889756463608597,
    "eval_acc": 0.8936145238281555,
    "eval_threshold": 0.5
}