{
    "eval_recall": 0.31747749418092097,
    "eval_precision": 0.461455159334491,
    "eval_f1": 0.340684660963695,
    "eval_mcc": 0.6468294680883302,
    "eval_acc": 0.6748957206859262
}