{
    "eval_recall": 0.6976127320954907,
    "eval_precision": 0.9085169743895176,
    "eval_f1": 0.7892177152317881,
    "eval_mcc": 0.6449863661860707,
    "eval_acc": 0.8136833440043904,
    "eval_threshold": 0.5
}