{
    "eval_recall": 0.9902640264026402,
    "eval_precision": 0.9605698431330701,
    "eval_f1": 0.9751909430691729,
    "eval_mcc": 0.9500690221055497,
    "eval_acc": 0.9748074807480748,
    "eval_threshold": 0.5
}