{
    "eval_recall": 0.3225833778269623,
    "eval_precision": 0.45930691045725985,
    "eval_f1": 0.3476261340768649,
    "eval_mcc": 0.6070275104634267,
    "eval_acc": 0.6312466983623878
}