{
    "eval_recall": 0.9600502863528426,
    "eval_precision": 0.9430570801317234,
    "eval_f1": 0.951477815463418,
    "eval_mcc": 0.9022901845888712,
    "eval_acc": 0.9510714036434704,
    "eval_threshold": 0.5
}