{
    "eval_recall": 0.2963415315508872,
    "eval_precision": 0.39632702161108896,
    "eval_f1": 0.3208090836235134,
    "eval_mcc": 0.6403356206106343,
    "eval_acc": 0.669852722021809
}