{
    "eval_recall": 0.926875294857682,
    "eval_precision": 0.8613810741687979,
    "eval_f1": 0.8929288338446388,
    "eval_mcc": 0.7810905202380658,
    "eval_acc": 0.8893888410673761,
    "eval_threshold": 0.5
}