{
    "eval_recall": 0.9727590528329266,
    "eval_precision": 0.9439928310823785,
    "eval_f1": 0.9581600831600833,
    "eval_mcc": 0.9154703328987944,
    "eval_acc": 0.9575225908581229,
    "eval_threshold": 0.5
}