{
    "eval_recall": 0.9701984934293726,
    "eval_precision": 0.9372676086263678,
    "eval_f1": 0.9534487882635831,
    "eval_mcc": 0.9058212763480495,
    "eval_acc": 0.952631000164953,
    "eval_threshold": 0.5
}