{
    "eval_recall": 0.8918646244152986,
    "eval_precision": 0.8454549406599139,
    "eval_f1": 0.8680399026981187,
    "eval_mcc": 0.7299366735363313,
    "eval_acc": 0.8644180500779602,
    "eval_threshold": 0.5
}