{
    "eval_recall": 0.9546801679427019,
    "eval_precision": 0.9242632554247115,
    "eval_f1": 0.9392255125284737,
    "eval_mcc": 0.8768985783268607,
    "eval_acc": 0.9382121352477999,
    "eval_threshold": 0.5
}