{
    "eval_recall": 0.7295181882337846,
    "eval_precision": 0.8682803909590715,
    "eval_f1": 0.7928738277028206,
    "eval_mcc": 0.6269064430771424,
    "eval_acc": 0.8094245204336947,
    "eval_threshold": 0.5
}