{
    "eval_recall": 0.6256536497493443,
    "eval_precision": 0.7021124185516993,
    "eval_f1": 0.6498398636337722,
    "eval_mcc": 0.9651610614128113,
    "eval_acc": 0.967810563315142
}