{
    "eval_recall": 0.9707483367240336,
    "eval_precision": 0.9386463926843532,
    "eval_f1": 0.9544275056762893,
    "eval_mcc": 0.907827499391712,
    "eval_acc": 0.9536482102600758,
    "eval_threshold": 0.5
}