{
    "eval_recall": 0.9594215648540166,
    "eval_precision": 0.9170170275383646,
    "eval_f1": 0.9377401585382239,
    "eval_mcc": 0.8735357518027538,
    "eval_acc": 0.9363006543135206,
    "eval_threshold": 0.5
}