{
    "eval_recall": 0.7446263605597732,
    "eval_precision": 0.8955010449895501,
    "eval_f1": 0.8131242508989213,
    "eval_mcc": 0.667272159875994,
    "eval_acc": 0.8288667337418824,
    "eval_threshold": 0.5
}