{
    "eval_recall": 0.9601899706662942,
    "eval_precision": 0.9407417544820036,
    "eval_f1": 0.9503663763307065,
    "eval_mcc": 0.8999630161525147,
    "eval_acc": 0.9498848328331123,
    "eval_threshold": 0.5
}