{
    "eval_recall": 0.6914095079232694,
    "eval_precision": 0.872278429785512,
    "eval_f1": 0.7713835802734236,
    "eval_mcc": 0.6032828408347866,
    "eval_acc": 0.7950856482966575,
    "eval_threshold": 0.5
}