{
    "eval_recall": 0.9600502863528426,
    "eval_precision": 0.9403475167601587,
    "eval_f1": 0.9500967652750898,
    "eval_mcc": 0.8994097604734766,
    "eval_acc": 0.9496056397012633,
    "eval_threshold": 0.5
}