{
    "eval_recall": 0.9286837553074383,
    "eval_precision": 0.8582951820361893,
    "eval_f1": 0.8921031761018166,
    "eval_mcc": 0.7791095225342,
    "eval_acc": 0.888215040300493,
    "eval_threshold": 0.5
}