{
    "eval_recall": 0.17431232829390458,
    "eval_precision": 0.18807738804874619,
    "eval_f1": 0.1665046236548909,
    "eval_mcc": 0.5605120257568931,
    "eval_acc": 0.5827522451135764
}