{
    "eval_recall": 0.9576284839697116,
    "eval_precision": 0.9738940469688695,
    "eval_f1": 0.9656927784246297,
    "eval_mcc": 0.9320885500803956,
    "eval_acc": 0.9659792707158584,
    "eval_threshold": 0.5
}