{
    "eval_recall": 0.9834225962764601,
    "eval_precision": 0.771971971971972,
    "eval_f1": 0.8649618663077613,
    "eval_mcc": 0.7204903336845019,
    "eval_acc": 0.8464677378219841,
    "eval_threshold": 0.5
}