{
    "eval_recall": 0.2555554767188524,
    "eval_precision": 0.37521685907165997,
    "eval_f1": 0.2736016718833204,
    "eval_mcc": 0.6241127302653915,
    "eval_acc": 0.6423070124491805
}