{
    "eval_recall": 0.9709073753734864,
    "eval_precision": 0.9414455626715462,
    "eval_f1": 0.9559495238832546,
    "eval_mcc": 0.9114008832574102,
    "eval_acc": 0.9554738242428985,
    "eval_threshold": 0.5
}