{
    "eval_recall": 0.9699165367330093,
    "eval_precision": 0.9249136309966327,
    "eval_f1": 0.9468806661741991,
    "eval_mcc": 0.892233520288926,
    "eval_acc": 0.9455883701733467,
    "eval_threshold": 0.5
}