{
    "eval_recall": 0.959212180472133,
    "eval_precision": 0.9316239316239316,
    "eval_f1": 0.9452167928423951,
    "eval_mcc": 0.8892726536196238,
    "eval_acc": 0.9444405667620577,
    "eval_threshold": 0.5
}