{
    "eval_recall": 0.9196304849884527,
    "eval_precision": 0.9016043472635529,
    "eval_f1": 0.9105282069708948,
    "eval_mcc": 0.8194677816453082,
    "eval_acc": 0.9096516690856313,
    "eval_threshold": 0.5
}