{
    "eval_recall": 0.9844427441979087,
    "eval_precision": 0.7712287712287712,
    "eval_f1": 0.8648890880573604,
    "eval_mcc": 0.7205068682937393,
    "eval_acc": 0.846212700841622,
    "eval_threshold": 0.5
}