{
    "eval_recall": 0.9110795193983308,
    "eval_precision": 0.8189200329760923,
    "eval_f1": 0.8625450440672079,
    "eval_mcc": 0.7141579359566603,
    "eval_acc": 0.8548106025864441,
    "eval_threshold": 0.5
}