{
    "eval_recall": 0.8935769707543272,
    "eval_precision": 0.8396100254518787,
    "eval_f1": 0.8657533027890219,
    "eval_mcc": 0.7245432182532561,
    "eval_acc": 0.8615183426250946,
    "eval_threshold": 0.5
}