{
    "eval_recall": 0.8758803622061648,
    "eval_precision": 0.7589759847824364,
    "eval_f1": 0.8132484076433121,
    "eval_mcc": 0.6049509327198714,
    "eval_acc": 0.79886581907985,
    "eval_threshold": 0.5
}