{
    "eval_recall": 0.7152657093204061,
    "eval_precision": 0.8931018730013704,
    "eval_f1": 0.7943521763421201,
    "eval_mcc": 0.6425199832454894,
    "eval_acc": 0.8148266715448642,
    "eval_threshold": 0.5
}