{
    "eval_recall": 0.9720081773863815,
    "eval_precision": 0.9293339347466546,
    "eval_f1": 0.9501921598770177,
    "eval_mcc": 0.8995428885389514,
    "eval_acc": 0.9492918068706472,
    "eval_threshold": 0.5
}