{
    "eval_recall": 0.6525864309851832,
    "eval_precision": 0.6329257531829069,
    "eval_f1": 0.6426057464644526,
    "eval_mcc": 0.2742420386531845,
    "eval_acc": 0.6370548479334547,
    "eval_threshold": 0.5
}