{
    "eval_recall": 0.9910375542970253,
    "eval_precision": 0.9551163160404854,
    "eval_f1": 0.9727454260888337,
    "eval_mcc": 0.9451344903131284,
    "eval_acc": 0.9722329136196184,
    "eval_threshold": 0.5
}