{
    "eval_recall": 0.9174398490328668,
    "eval_precision": 0.8491994177583697,
    "eval_f1": 0.8820016630130774,
    "eval_mcc": 0.7582074908604148,
    "eval_acc": 0.8778464668596917,
    "eval_threshold": 0.5
}