{
    "eval_recall": 0.9748703383551495,
    "eval_precision": 0.947662205149751,
    "eval_f1": 0.961073743798886,
    "eval_mcc": 0.9213923241734449,
    "eval_acc": 0.9605064072873244,
    "eval_threshold": 0.5
}