{
    "eval_recall": 0.9307165805280067,
    "eval_precision": 0.8926848874598071,
    "eval_f1": 0.9113041099637557,
    "eval_mcc": 0.8196912897379971,
    "eval_acc": 0.9094716269979759,
    "eval_threshold": 0.5
}