{
    "eval_recall": 0.9075289844950412,
    "eval_precision": 0.8678867218808443,
    "eval_f1": 0.887265278251963,
    "eval_mcc": 0.77033555273126,
    "eval_acc": 0.8847630348293432,
    "eval_threshold": 0.5
}