{
    "eval_recall": 0.9780723886416808,
    "eval_precision": 0.9483586869495596,
    "eval_f1": 0.9629863824213546,
    "eval_mcc": 0.925249745130605,
    "eval_acc": 0.9623979076810131,
    "eval_threshold": 0.5
}