{
    "eval_recall": 0.9694287128168472,
    "eval_precision": 0.930052223453078,
    "eval_f1": 0.9493323282360543,
    "eval_mcc": 0.8973240796511235,
    "eval_acc": 0.9482597459723978,
    "eval_threshold": 0.5
}