{
    "eval_recall": 0.5177493659992252,
    "eval_precision": 0.626286966503289,
    "eval_f1": 0.5456481657387321,
    "eval_mcc": 0.912476146482985,
    "eval_acc": 0.9174590596936081
}