{
    "eval_recall": 0.5490774907749078,
    "eval_precision": 0.7568667344862665,
    "eval_f1": 0.6364414029084687,
    "eval_mcc": 0.3875863292379116,
    "eval_acc": 0.6863468634686347,
    "eval_threshold": 0.5
}