{
    "eval_recall": 0.8110308241104912,
    "eval_precision": 0.8125171813433519,
    "eval_f1": 0.8117733223473405,
    "eval_mcc": 0.6238920161910124,
    "eval_acc": 0.8119454861428702,
    "eval_threshold": 0.5
}