{
    "eval_recall": 0.9237301462494103,
    "eval_precision": 0.8600292825768667,
    "eval_f1": 0.8907422852376982,
    "eval_mcc": 0.7766595497471612,
    "eval_acc": 0.8872368729947571,
    "eval_threshold": 0.5
}