{
    "eval_recall": 0.96776981970857,
    "eval_precision": 0.9318114261934487,
    "eval_f1": 0.9494502831874488,
    "eval_mcc": 0.8975956111458425,
    "eval_acc": 0.9484637949668057,
    "eval_threshold": 0.5
}