{
    "eval_recall": 0.7539559132900393,
    "eval_precision": 0.8839678284182305,
    "eval_f1": 0.8138019547832955,
    "eval_mcc": 0.6621908409817108,
    "eval_acc": 0.8274947406933139,
    "eval_threshold": 0.5
}