{
    "eval_recall": 0.7359778597785978,
    "eval_precision": 0.7289839181286549,
    "eval_f1": 0.7324641939037826,
    "eval_mcc": 0.4623829045108697,
    "eval_acc": 0.7311808118081181,
    "eval_threshold": 0.5
}