{
    "eval_recall": 0.9283419471993295,
    "eval_precision": 0.9075515499112385,
    "eval_f1": 0.9178290291396215,
    "eval_mcc": 0.8341010203110235,
    "eval_acc": 0.9169400432749354,
    "eval_threshold": 0.5
}