{
    "eval_recall": 0.9379742659188387,
    "eval_precision": 0.9388415560398917,
    "eval_f1": 0.9384077105888566,
    "eval_mcc": 0.8768970349095331,
    "eval_acc": 0.9384483441087215,
    "eval_threshold": 0.5
}