{
    "eval_recall": 0.24218173253964695,
    "eval_precision": 0.3280197792513654,
    "eval_f1": 0.25950487913145986,
    "eval_mcc": 0.6413619226560914,
    "eval_acc": 0.6717930029154519
}