{
    "eval_recall": 0.6133085812781047,
    "eval_precision": 0.6915766491072989,
    "eval_f1": 0.6343546484563811,
    "eval_mcc": 0.924465438669018,
    "eval_acc": 0.9287638668779715
}