{
    "eval_recall": 0.9554626931324572,
    "eval_precision": 0.929499866274405,
    "eval_f1": 0.9423024781736349,
    "eval_mcc": 0.8833380037700322,
    "eval_acc": 0.9414966734480673,
    "eval_threshold": 0.5
}