{
    "eval_recall": 0.9763208231646989,
    "eval_precision": 0.9189222746461385,
    "eval_f1": 0.9467523745562698,
    "eval_mcc": 0.8919204130210732,
    "eval_acc": 0.9450893740518436,
    "eval_threshold": 0.5
}