{
    "eval_recall": 0.9286213158262328,
    "eval_precision": 0.9089417555373257,
    "eval_f1": 0.918676155600083,
    "eval_mcc": 0.8358927021981726,
    "eval_acc": 0.9178474209534445,
    "eval_threshold": 0.5
}