{
    "eval_recall": 0.6845330650324705,
    "eval_precision": 0.9134627120712804,
    "eval_f1": 0.7825996026351564,
    "eval_mcc": 0.6401119209215841,
    "eval_acc": 0.8098417634683984,
    "eval_threshold": 0.5
}