{
    "eval_recall": 0.9585967999120251,
    "eval_precision": 0.9378664801764485,
    "eval_f1": 0.9481183380465521,
    "eval_mcc": 0.8953086381697531,
    "eval_acc": 0.9475449496893386,
    "eval_threshold": 0.5
}