{
    "eval_recall": 0.926220100087232,
    "eval_precision": 0.8555192739917731,
    "eval_f1": 0.8894669547198095,
    "eval_mcc": 0.7725816355457317,
    "eval_acc": 0.8849657007823434,
    "eval_threshold": 0.5
}