{
    "eval_recall": 0.342487017602804,
    "eval_precision": 0.46820110430723955,
    "eval_f1": 0.3706414890467384,
    "eval_mcc": 0.8573046025520572,
    "eval_acc": 0.8685105814395692
}