{
    "eval_recall": 0.19611252064331935,
    "eval_precision": 0.1907179528680711,
    "eval_f1": 0.1793791972450364,
    "eval_mcc": 0.5964785929622471,
    "eval_acc": 0.6143784247872528
}