{
    "eval_recall": 0.2247800984647348,
    "eval_precision": 0.2328941614147919,
    "eval_f1": 0.2154532902268244,
    "eval_mcc": 0.607680686396053,
    "eval_acc": 0.6355152673717099
}