{
    "eval_recall": 0.988639170165473,
    "eval_precision": 0.9591469989217682,
    "eval_f1": 0.973669808452417,
    "eval_mcc": 0.9469660566192643,
    "eval_acc": 0.9732592249498224,
    "eval_threshold": 0.5
}