{
    "eval_recall": 0.9642504322054828,
    "eval_precision": 0.9403865839706148,
    "eval_f1": 0.9521690089321099,
    "eval_mcc": 0.9033938092011662,
    "eval_acc": 0.9515516442797591,
    "eval_threshold": 0.5
}