{
    "eval_recall": 0.9080528294964688,
    "eval_precision": 0.8430621194703453,
    "eval_f1": 0.8743514450356566,
    "eval_mcc": 0.7412224956791525,
    "eval_acc": 0.869508392185637,
    "eval_threshold": 0.5
}