{
    "eval_recall": 0.9825149832297795,
    "eval_precision": 0.9455998306609514,
    "eval_f1": 0.9637040232984576,
    "eval_mcc": 0.9266975209115503,
    "eval_acc": 0.9629955462693133,
    "eval_threshold": 0.5
}