{
    "eval_recall": 0.9658250446314716,
    "eval_precision": 0.7792181069958848,
    "eval_f1": 0.8625441293702312,
    "eval_mcc": 0.7129152242445419,
    "eval_acc": 0.8460851823514409,
    "eval_threshold": 0.5
}