{
    "eval_recall": 0.961489415965315,
    "eval_precision": 0.7781217750257998,
    "eval_f1": 0.8601414556240018,
    "eval_mcc": 0.7072427551964021,
    "eval_acc": 0.8436623310380005,
    "eval_threshold": 0.5
}