{
    "eval_recall": 0.9691972825011542,
    "eval_precision": 0.9442837863890495,
    "eval_f1": 0.9565783477638174,
    "eval_mcc": 0.9123286669609186,
    "eval_acc": 0.9560055405316272,
    "eval_threshold": 0.5
}