{
    "eval_recall": 0.9722814498933902,
    "eval_precision": 0.855,
    "eval_f1": 0.909876953774526,
    "eval_mcc": 0.8150964406610138,
    "eval_acc": 0.9036958066808813,
    "eval_threshold": 0.5
}