{
    "eval_recall": 0.9317697228144989,
    "eval_precision": 0.8334392879847425,
    "eval_f1": 0.8798657718120805,
    "eval_mcc": 0.7508016806936874,
    "eval_acc": 0.8727789623312011,
    "eval_threshold": 0.5
}