{
    "eval_recall": 0.915897517504774,
    "eval_precision": 0.8946836623659257,
    "eval_f1": 0.9051663128096249,
    "eval_mcc": 0.808482568781894,
    "eval_acc": 0.9041259241593131,
    "eval_threshold": 0.5
}