{
    "eval_recall": 0.6532362880166364,
    "eval_precision": 0.654597551445689,
    "eval_f1": 0.6539162112932605,
    "eval_mcc": 0.30855278570244377,
    "eval_acc": 0.6542760592669613,
    "eval_threshold": 0.5
}