{
    "eval_recall": 0.9258276295572008,
    "eval_precision": 0.8846769887880406,
    "eval_f1": 0.9047846563374513,
    "eval_mcc": 0.806139821296896,
    "eval_acc": 0.9026313952676764,
    "eval_threshold": 0.5
}