{
    "eval_recall": 0.8884807860061521,
    "eval_precision": 0.845360824742268,
    "eval_f1": 0.8663846171065296,
    "eval_mcc": 0.7270642244244329,
    "eval_acc": 0.8630554981990043,
    "eval_threshold": 0.5
}