{
    "eval_recall": 0.9027362792891964,
    "eval_precision": 0.8436328899992652,
    "eval_f1": 0.8721844494245452,
    "eval_mcc": 0.7385552551896954,
    "eval_acc": 0.8683386806479381,
    "eval_threshold": 0.5
}