{
    "eval_recall": 0.6907749077490775,
    "eval_precision": 0.7180667433831991,
    "eval_f1": 0.7041564792176039,
    "eval_mcc": 0.41986056225371954,
    "eval_acc": 0.7097785977859778,
    "eval_threshold": 0.5
}