{
    "eval_recall": 0.9873425537169671,
    "eval_precision": 0.9546865671641791,
    "eval_f1": 0.970739998785892,
    "eval_mcc": 0.9410167474611671,
    "eval_acc": 0.9702331326231279,
    "eval_threshold": 0.5
}