{
    "eval_recall": 0.7745387453874538,
    "eval_precision": 0.7114048466361633,
    "eval_f1": 0.7416305980037099,
    "eval_mcc": 0.46215561037703223,
    "eval_acc": 0.7301660516605166,
    "eval_threshold": 0.5
}