{
    "eval_recall": 0.9049630411826821,
    "eval_precision": 0.849319200275767,
    "eval_f1": 0.8762586410011336,
    "eval_mcc": 0.7461675304131404,
    "eval_acc": 0.8722784316424622,
    "eval_threshold": 0.5
}