{
    "eval_recall": 0.9077685170624312,
    "eval_precision": 0.8575354675778059,
    "eval_f1": 0.8819372827623085,
    "eval_mcc": 0.7594716376778659,
    "eval_acc": 0.8790593943188043,
    "eval_threshold": 0.5
}