{
    "eval_recall": 0.97739154361185,
    "eval_precision": 0.9371235105307127,
    "eval_f1": 0.9568340479023099,
    "eval_mcc": 0.9126562185826423,
    "eval_acc": 0.9559066312024214,
    "eval_threshold": 0.5
}