{
    "eval_recall": 0.30945687464522104,
    "eval_precision": 0.4032433655066515,
    "eval_f1": 0.33029662053818915,
    "eval_mcc": 0.8264744346511474,
    "eval_acc": 0.8354893505814713
}