{
    "eval_recall": 0.2653095551906065,
    "eval_precision": 0.35415279019523993,
    "eval_f1": 0.2824246662735236,
    "eval_mcc": 0.6244426686006298,
    "eval_acc": 0.6435696068281104
}