{
    "eval_recall": 0.9040511727078892,
    "eval_precision": 0.8302872062663186,
    "eval_f1": 0.8656005444028582,
    "eval_mcc": 0.7221162485028407,
    "eval_acc": 0.8596304193319119,
    "eval_threshold": 0.5
}