{
    "eval_recall": 0.9442027818054884,
    "eval_precision": 0.9493520518358531,
    "eval_f1": 0.9467704154438491,
    "eval_mcc": 0.8938426956288208,
    "eval_acc": 0.9469147736426615,
    "eval_threshold": 0.5
}