{
    "eval_recall": 0.9357452158122643,
    "eval_precision": 0.9094488188976378,
    "eval_f1": 0.9224096385542169,
    "eval_mcc": 0.8430294926904605,
    "eval_acc": 0.9213373351015565,
    "eval_threshold": 0.5
}