{
    "eval_recall": 0.7084870848708487,
    "eval_precision": 0.7281001137656428,
    "eval_f1": 0.7181597157284458,
    "eval_mcc": 0.4440725815436177,
    "eval_acc": 0.7219557195571956,
    "eval_threshold": 0.5
}