{
    "eval_recall": 0.9396898713295941,
    "eval_precision": 0.9175310869145029,
    "eval_f1": 0.9284782892163254,
    "eval_mcc": 0.8555080558440727,
    "eval_acc": 0.9276289747987861,
    "eval_threshold": 0.5
}