{
    "eval_recall": 0.9313033110153169,
    "eval_precision": 0.8641334411301647,
    "eval_f1": 0.8964619153773149,
    "eval_mcc": 0.7872576676467092,
    "eval_acc": 0.892437861139136,
    "eval_threshold": 0.5
}