{
    "eval_recall": 0.9672904544739739,
    "eval_precision": 0.9181282185237705,
    "eval_f1": 0.9420683845770954,
    "eval_mcc": 0.8828839968643758,
    "eval_acc": 0.9408013146568589,
    "eval_threshold": 0.5
}