{
    "eval_recall": 0.9657773432043582,
    "eval_precision": 0.9376186601573094,
    "eval_f1": 0.9514897130668134,
    "eval_mcc": 0.9019925697861535,
    "eval_acc": 0.9507922105116214,
    "eval_threshold": 0.5
}