{
    "eval_recall": 0.7592224289471996,
    "eval_precision": 0.8363250883392226,
    "eval_f1": 0.7959108181726469,
    "eval_mcc": 0.6132487550536101,
    "eval_acc": 0.8053185346763329,
    "eval_threshold": 0.5
}