{
    "eval_recall": 0.9875409483916009,
    "eval_precision": 0.9888685738868573,
    "eval_f1": 0.9882043152322864,
    "eval_mcc": 0.976425347000819,
    "eval_acc": 0.988212233499812,
    "eval_threshold": 0.5
}