{
    "eval_recall": 0.9721546859947704,
    "eval_precision": 0.941406423526276,
    "eval_f1": 0.9565335138794854,
    "eval_mcc": 0.9121132723789577,
    "eval_acc": 0.9558135266587134,
    "eval_threshold": 0.5
}