{
    "eval_recall": 0.8973108979399277,
    "eval_precision": 0.8486020226055919,
    "eval_f1": 0.8722770006879157,
    "eval_mcc": 0.7397499080215373,
    "eval_acc": 0.8692385945692152,
    "eval_threshold": 0.5
}