{
    "eval_recall": 0.833579335793358,
    "eval_precision": 0.6398527120804418,
    "eval_f1": 0.7239804502844323,
    "eval_mcc": 0.38233631341274327,
    "eval_acc": 0.6821955719557196,
    "eval_threshold": 0.5
}