{
    "eval_recall": 0.9097954691369348,
    "eval_precision": 0.8181705707687232,
    "eval_f1": 0.8615538281148217,
    "eval_mcc": 0.712082687957576,
    "eval_acc": 0.8538017059524902,
    "eval_threshold": 0.5
}