{
    "eval_recall": 0.9879599901210175,
    "eval_precision": 0.9556829719882937,
    "eval_f1": 0.971553477640487,
    "eval_mcc": 0.9426713098576209,
    "eval_acc": 0.9710668519376254,
    "eval_threshold": 0.5
}