{
    "eval_recall": 0.9666613621896881,
    "eval_precision": 0.9648955603208641,
    "eval_f1": 0.9657776541197981,
    "eval_mcc": 0.9315542019349525,
    "eval_acc": 0.9657762938230384,
    "eval_threshold": 0.5
}