{
    "eval_recall": 0.9271527548663807,
    "eval_precision": 0.897426071405761,
    "eval_f1": 0.9120472543165001,
    "eval_mcc": 0.8216684009008545,
    "eval_acc": 0.9106082596648635,
    "eval_threshold": 0.5
}