{
    "eval_recall": 0.658625777891833,
    "eval_precision": 0.869336946396816,
    "eval_f1": 0.7494524748138414,
    "eval_mcc": 0.5768336143856369,
    "eval_acc": 0.7798165137614679,
    "eval_threshold": 0.5
}