{
    "eval_recall": 0.9688674889519161,
    "eval_precision": 0.9439018121064131,
    "eval_f1": 0.9562217231390164,
    "eval_mcc": 0.9116044579823568,
    "eval_acc": 0.9556427676274653,
    "eval_threshold": 0.5
}