{
    "eval_recall": 0.2957381348668178,
    "eval_precision": 0.40588545448143015,
    "eval_f1": 0.3176962423127838,
    "eval_mcc": 0.6419187649953579,
    "eval_acc": 0.6708804818137905
}