{
    "eval_recall": 0.7392057483800603,
    "eval_precision": 0.8462103407755581,
    "eval_f1": 0.7890970105811046,
    "eval_mcc": 0.6097576815523466,
    "eval_acc": 0.8024315134406877,
    "eval_threshold": 0.5
}