{
    "eval_recall": 0.9876285258701271,
    "eval_precision": 0.9505212467587447,
    "eval_f1": 0.9687196634667242,
    "eval_mcc": 0.9369324083226036,
    "eval_acc": 0.9681090889096607,
    "eval_threshold": 0.5
}