{
    "eval_recall": 0.3068458869460645,
    "eval_precision": 0.429105091894969,
    "eval_f1": 0.3290977345346929,
    "eval_mcc": 0.6439978394501227,
    "eval_acc": 0.6723621195736135
}