{
    "eval_recall": 0.7975852922345193,
    "eval_precision": 0.8569182389937107,
    "eval_f1": 0.8261878819460895,
    "eval_mcc": 0.6660088969535382,
    "eval_acc": 0.8322052501600659,
    "eval_threshold": 0.5
}