{
    "eval_recall": 0.7302880605632899,
    "eval_precision": 0.8552216378662659,
    "eval_f1": 0.7878326469875766,
    "eval_mcc": 0.6132380313379133,
    "eval_acc": 0.8033296978251107,
    "eval_threshold": 0.5
}