{
    "eval_recall": 0.9591940831420556,
    "eval_precision": 0.7770661157024793,
    "eval_f1": 0.858577787923753,
    "eval_mcc": 0.7036079676173633,
    "eval_acc": 0.8420045906656465,
    "eval_threshold": 0.5
}