{
    "eval_recall": 0.9716908951798011,
    "eval_precision": 0.8282608695652174,
    "eval_f1": 0.8942612369440207,
    "eval_mcc": 0.7820265934720937,
    "eval_acc": 0.8851058403468502,
    "eval_threshold": 0.5
}