{
    "eval_recall": 0.3629874063879196,
    "eval_precision": 0.4924119208154253,
    "eval_f1": 0.39608980500439817,
    "eval_mcc": 0.8649577158259881,
    "eval_acc": 0.8755820048718819
}