{
    "eval_recall": 0.22196490675187985,
    "eval_precision": 0.3115706510606209,
    "eval_f1": 0.2343432738378193,
    "eval_mcc": 0.6173321326942293,
    "eval_acc": 0.6496459808413161
}