{
    "eval_recall": 0.9786953367192138,
    "eval_precision": 0.9342063841843481,
    "eval_f1": 0.9559335137224585,
    "eval_mcc": 0.910801862555922,
    "eval_acc": 0.9548842424642174,
    "eval_threshold": 0.5
}