{
    "eval_recall": 0.7444762152326488,
    "eval_precision": 0.6462822971905675,
    "eval_f1": 0.6919127861327536,
    "eval_mcc": 0.3409744865749673,
    "eval_acc": 0.6685079282557838,
    "eval_threshold": 0.5
}