{
    "eval_recall": 0.9162604183047649,
    "eval_precision": 0.8523882671348109,
    "eval_f1": 0.8831710182272917,
    "eval_mcc": 0.7609427033402482,
    "eval_acc": 0.8793724078566398,
    "eval_threshold": 0.5
}