{
    "eval_recall": 0.9904877110023643,
    "eval_precision": 0.9625948487763172,
    "eval_f1": 0.9763421045500122,
    "eval_mcc": 0.9523986058286077,
    "eval_acc": 0.9759993401880465,
    "eval_threshold": 0.5
}