{
    "eval_recall": 0.9713739199261262,
    "eval_precision": 0.9591012699446434,
    "eval_f1": 0.9651985843491938,
    "eval_mcc": 0.9300279934195891,
    "eval_acc": 0.9649759250709056,
    "eval_threshold": 0.5
}