{
    "eval_recall": 0.6657470969397575,
    "eval_precision": 0.8650383461153718,
    "eval_f1": 0.7524199688213754,
    "eval_mcc": 0.5774110026485505,
    "eval_acc": 0.7809392442419966,
    "eval_threshold": 0.5
}