{
    "eval_recall": 0.991917303568483,
    "eval_precision": 0.9626467449306296,
    "eval_f1": 0.9770628537384568,
    "eval_mcc": 0.9538693225406674,
    "eval_acc": 0.9767141364711057,
    "eval_threshold": 0.5
}