{
    "eval_recall": 0.9912025072854237,
    "eval_precision": 0.9588829787234042,
    "eval_f1": 0.9747749209181604,
    "eval_mcc": 0.9492389669976588,
    "eval_acc": 0.9743498103040633,
    "eval_threshold": 0.5
}