{
    "eval_recall": 0.6320509487912659,
    "eval_precision": 0.6389436342136382,
    "eval_f1": 0.6354786017641294,
    "eval_mcc": 0.27490552054504075,
    "eval_acc": 0.6374447621523265,
    "eval_threshold": 0.5
}