{
    "eval_recall": 0.9778957767349963,
    "eval_precision": 0.9113297658093101,
    "eval_f1": 0.943440059568131,
    "eval_mcc": 0.8850869574516608,
    "eval_acc": 0.9413617415470125,
    "eval_threshold": 0.5
}