{
    "eval_recall": 0.9183252315876365,
    "eval_precision": 0.8556960943509102,
    "eval_f1": 0.8859051495310565,
    "eval_mcc": 0.7655127402226832,
    "eval_acc": 0.881729799137852,
    "eval_threshold": 0.5
}