{
    "eval_recall": 0.9417199715707179,
    "eval_precision": 0.8224705152079453,
    "eval_f1": 0.8780649436713055,
    "eval_mcc": 0.7463369848339942,
    "eval_acc": 0.8692253020611229,
    "eval_threshold": 0.5
}