{
    "eval_recall": 0.9574088242795206,
    "eval_precision": 0.7904822067803748,
    "eval_f1": 0.8659746251441753,
    "eval_mcc": 0.7198809078623511,
    "eval_acc": 0.8518235144095894,
    "eval_threshold": 0.5
}