{
    "eval_recall": 0.8864147651622974,
    "eval_precision": 0.8371054457162678,
    "eval_f1": 0.8610547441186308,
    "eval_mcc": 0.7153392153608648,
    "eval_acc": 0.8570445316264024,
    "eval_threshold": 0.5
}