{
    "eval_recall": 0.6674031713023135,
    "eval_precision": 0.6366228613935035,
    "eval_f1": 0.6516497461928934,
    "eval_mcc": 0.2867923872740154,
    "eval_acc": 0.6432284897322589,
    "eval_threshold": 0.5
}