{
    "eval_recall": 0.30130074887218844,
    "eval_precision": 0.4545438458701171,
    "eval_f1": 0.3321732975747906,
    "eval_mcc": 0.626372558664929,
    "eval_acc": 0.6455595889360397
}