{
    "eval_recall": 0.7878228782287823,
    "eval_precision": 0.6530050466432176,
    "eval_f1": 0.714106530646375,
    "eval_mcc": 0.3773172831592723,
    "eval_acc": 0.6845940959409594,
    "eval_threshold": 0.5
}