{
    "eval_recall": 0.9747513389441469,
    "eval_precision": 0.7804778435777007,
    "eval_f1": 0.8668632342934905,
    "eval_mcc": 0.7233541173979022,
    "eval_acc": 0.8502932925274165,
    "eval_threshold": 0.5
}