{
    "eval_recall": 0.9422861288833191,
    "eval_precision": 0.906242070540472,
    "eval_f1": 0.9239126919967663,
    "eval_mcc": 0.8454681432791858,
    "eval_acc": 0.922399577864257,
    "eval_threshold": 0.5
}