{
    "eval_recall": 0.9753314425169843,
    "eval_precision": 0.9419071278425377,
    "eval_f1": 0.9583279325988334,
    "eval_mcc": 0.9157538581652127,
    "eval_acc": 0.9575885495679705,
    "eval_threshold": 0.5
}