{
    "eval_recall": 0.7769372693726937,
    "eval_precision": 0.7226703277844517,
    "eval_f1": 0.7488219080643728,
    "eval_mcc": 0.4801379134777507,
    "eval_acc": 0.7393911439114391,
    "eval_threshold": 0.5
}