{
    "eval_recall": 0.7169741697416974,
    "eval_precision": 0.7062886223191567,
    "eval_f1": 0.7115912836476835,
    "eval_mcc": 0.41886712843908647,
    "eval_acc": 0.709409594095941,
    "eval_threshold": 0.5
}