{
    "eval_recall": 0.16813785782587343,
    "eval_precision": 0.19445038085127914,
    "eval_f1": 0.16367950894712582,
    "eval_mcc": 0.6293912047747983,
    "eval_acc": 0.6561520356037948
}