{
    "eval_recall": 0.9836531627576404,
    "eval_precision": 0.8312312312312312,
    "eval_f1": 0.9010416666666667,
    "eval_mcc": 0.7974590282498821,
    "eval_acc": 0.8919687277896233,
    "eval_threshold": 0.5
}