{
    "eval_recall": 0.20227524480147907,
    "eval_precision": 0.2432346607259126,
    "eval_f1": 0.20303810556922183,
    "eval_mcc": 0.5959641475475457,
    "eval_acc": 0.6272931890358585
}