{
    "eval_recall": 0.5400012831205492,
    "eval_precision": 0.9615033127713045,
    "eval_f1": 0.6915903208578119,
    "eval_mcc": 0.5767535621660251,
    "eval_acc": 0.7591903509334702,
    "eval_threshold": 0.5
}