{
    "eval_recall": 0.9632609986148671,
    "eval_precision": 0.9412219644238206,
    "eval_f1": 0.9521139615998957,
    "eval_mcc": 0.903354333950203,
    "eval_acc": 0.9515533276169118,
    "eval_threshold": 0.5
}