{
    "eval_recall": 0.9294622236885516,
    "eval_precision": 0.9143784485556637,
    "eval_f1": 0.9218586387434554,
    "eval_mcc": 0.8425745398351039,
    "eval_acc": 0.9212297136825439,
    "eval_threshold": 0.5
}