{
    "eval_recall": 0.9863546554704865,
    "eval_precision": 0.9539591544249373,
    "eval_f1": 0.9698864671240361,
    "eval_mcc": 0.9392786100636611,
    "eval_acc": 0.969368534815501,
    "eval_threshold": 0.5
}