{
    "eval_recall": 0.6328413284132841,
    "eval_precision": 0.7377930737793074,
    "eval_f1": 0.6812990366471346,
    "eval_mcc": 0.4121246273743741,
    "eval_acc": 0.7039667896678967,
    "eval_threshold": 0.5
}