{
    "eval_recall": 0.28990408913987414,
    "eval_precision": 0.3817938987270682,
    "eval_f1": 0.3041541353420068,
    "eval_mcc": 0.7583957595060831,
    "eval_acc": 0.7773152858713861
}