{
    "eval_recall": 0.8405904059040591,
    "eval_precision": 0.6170933224976297,
    "eval_f1": 0.7117081933921737,
    "eval_mcc": 0.3422385043600304,
    "eval_acc": 0.6595018450184502,
    "eval_threshold": 0.5
}