{
    "eval_recall": 0.9801071155317521,
    "eval_precision": 0.7814152094347295,
    "eval_f1": 0.8695553795678245,
    "eval_mcc": 0.729933237073804,
    "eval_acc": 0.852971180821219,
    "eval_threshold": 0.5
}