{
    "eval_recall": 0.957950700821653,
    "eval_precision": 0.9685616549926698,
    "eval_f1": 0.9632269560991414,
    "eval_mcc": 0.9269124003827827,
    "eval_acc": 0.9634283873046561,
    "eval_threshold": 0.5
}