{
    "eval_recall": 0.6585651156745516,
    "eval_precision": 0.6581374204442135,
    "eval_f1": 0.6583511985967646,
    "eval_mcc": 0.3164804411447432,
    "eval_acc": 0.658240187158825,
    "eval_threshold": 0.5
}