{
    "eval_recall": 0.9651741293532339,
    "eval_precision": 0.8562421185372006,
    "eval_f1": 0.9074507183427999,
    "eval_mcc": 0.8097065800906394,
    "eval_acc": 0.9015636105188344,
    "eval_threshold": 0.5
}