{
    "eval_recall": 0.929331376685316,
    "eval_precision": 0.864510899705644,
    "eval_f1": 0.8957499944747718,
    "eval_mcc": 0.7858956187436933,
    "eval_acc": 0.891841694946345,
    "eval_threshold": 0.5
}