{
    "eval_recall": 0.9678548695098663,
    "eval_precision": 0.9627987968972613,
    "eval_f1": 0.9653202126815331,
    "eval_mcc": 0.9305321932812205,
    "eval_acc": 0.9652595595834327,
    "eval_threshold": 0.5
}