{
    "eval_recall": 0.9485996180776576,
    "eval_precision": 0.9392578586622548,
    "eval_f1": 0.9439056252721587,
    "eval_mcc": 0.8873966431641359,
    "eval_acc": 0.9436759678829796,
    "eval_threshold": 0.5
}