{
    "eval_recall": 0.7306088407005839,
    "eval_precision": 0.8663370102700647,
    "eval_f1": 0.7927049979117361,
    "eval_mcc": 0.6256122850020506,
    "eval_acc": 0.8089433502277539,
    "eval_threshold": 0.5
}