{
    "eval_recall": 0.9798746288353679,
    "eval_precision": 0.9189356435643564,
    "eval_f1": 0.9484272712757466,
    "eval_mcc": 0.8954272175385688,
    "eval_acc": 0.9467278005013854,
    "eval_threshold": 0.5
}