{
    "eval_recall": 0.975006375924509,
    "eval_precision": 0.8002930709650409,
    "eval_f1": 0.8790526557829387,
    "eval_mcc": 0.7497866235235288,
    "eval_acc": 0.8658505483295078,
    "eval_threshold": 0.5
}