{
    "eval_recall": 0.37233498908538254,
    "eval_precision": 0.5081196356045931,
    "eval_f1": 0.39813664954079997,
    "eval_mcc": 0.8218902201006378,
    "eval_acc": 0.8361398630207528
}