{
    "eval_recall": 0.9848728081007656,
    "eval_precision": 0.9597472924187725,
    "eval_f1": 0.9721477328132619,
    "eval_mcc": 0.9438774374659363,
    "eval_acc": 0.9717770572796047,
    "eval_threshold": 0.5
}