{
    "eval_recall": 0.6422659908898442,
    "eval_precision": 0.8858508096628617,
    "eval_f1": 0.7446444510562333,
    "eval_mcc": 0.581937216955071,
    "eval_acc": 0.7797523577340091,
    "eval_threshold": 0.5
}