{
    "eval_recall": 0.31793452871059535,
    "eval_precision": 0.4392196235089742,
    "eval_f1": 0.34095804652641404,
    "eval_mcc": 0.8290453442120856,
    "eval_acc": 0.8380243041944335
}