{
    "eval_recall": 0.9775567457281306,
    "eval_precision": 0.8289359861591695,
    "eval_f1": 0.8971328262141604,
    "eval_mcc": 0.7886009158849703,
    "eval_acc": 0.887911247130834,
    "eval_threshold": 0.5
}