{
    "eval_recall": 0.9908001975796493,
    "eval_precision": 0.9625119961612284,
    "eval_f1": 0.9764512595837898,
    "eval_mcc": 0.9526114776319831,
    "eval_acc": 0.9761000463177397,
    "eval_threshold": 0.5
}