{
    "eval_recall": 0.6506816315146268,
    "eval_precision": 0.7171268271577921,
    "eval_f1": 0.6724783404463957,
    "eval_mcc": 0.9664872066141942,
    "eval_acc": 0.9690335974675999
}