{
    "eval_recall": 0.748505328827658,
    "eval_precision": 0.6480252053561382,
    "eval_f1": 0.6946505035884446,
    "eval_mcc": 0.3461411043801596,
    "eval_acc": 0.6709773849753055,
    "eval_threshold": 0.5
}