{
    "eval_recall": 0.1670267563181243,
    "eval_precision": 0.1970006088891456,
    "eval_f1": 0.1652166736136947,
    "eval_mcc": 0.5588656225135845,
    "eval_acc": 0.5819334389857369
}