{
    "eval_recall": 0.3531950555046338,
    "eval_precision": 0.5037293452925736,
    "eval_f1": 0.38182733181365064,
    "eval_mcc": 0.8614900324419549,
    "eval_acc": 0.8723751965711819
}