{
    "eval_recall": 0.2852105062952514,
    "eval_precision": 0.375925194019706,
    "eval_f1": 0.30508856548151236,
    "eval_mcc": 0.8002337481998617,
    "eval_acc": 0.8111590226055142
}