{
    "eval_recall": 0.9679441359212625,
    "eval_precision": 0.9122188827857809,
    "eval_f1": 0.9392557022809124,
    "eval_mcc": 0.8764375084120553,
    "eval_acc": 0.9374003409028427,
    "eval_threshold": 0.5
}