{
    "eval_recall": 0.9723901973265436,
    "eval_precision": 0.9615263571990559,
    "eval_f1": 0.9669277632724107,
    "eval_mcc": 0.9336001191622536,
    "eval_acc": 0.9667700135145878,
    "eval_threshold": 0.5
}