{
    "eval_recall": 0.945048160039516,
    "eval_precision": 0.9261769333171972,
    "eval_f1": 0.9355173889126582,
    "eval_mcc": 0.8698728442167629,
    "eval_acc": 0.9348463794966806,
    "eval_threshold": 0.5
}