{
    "eval_recall": 0.7916974169741697,
    "eval_precision": 0.6652713178294574,
    "eval_f1": 0.7229991575400168,
    "eval_mcc": 0.4006591662213368,
    "eval_acc": 0.6966789667896679,
    "eval_threshold": 0.5
}