{
    "eval_recall": 0.9478060046189376,
    "eval_precision": 0.9100931381866565,
    "eval_f1": 0.9285668110414377,
    "eval_mcc": 0.8549376304441787,
    "eval_acc": 0.9271012006861064,
    "eval_threshold": 0.5
}