{
    "eval_recall": 0.9597514708308132,
    "eval_precision": 0.9203311188442476,
    "eval_f1": 0.9396280246548059,
    "eval_mcc": 0.87747544788039,
    "eval_acc": 0.9383350745037664,
    "eval_threshold": 0.5
}