{
    "eval_recall": 0.30813830873015113,
    "eval_precision": 0.41331434175290255,
    "eval_f1": 0.3287530705850841,
    "eval_mcc": 0.6402565400354792,
    "eval_acc": 0.6696266148675731
}