{
    "eval_recall": 0.9900478363666355,
    "eval_precision": 0.9642799764365662,
    "eval_f1": 0.9769940314704285,
    "eval_mcc": 0.9537138661948045,
    "eval_acc": 0.9766866443063726,
    "eval_threshold": 0.5
}