{
    "eval_recall": 0.957852384407361,
    "eval_precision": 0.9266207248596222,
    "eval_f1": 0.9419777511108228,
    "eval_mcc": 0.8825012802259222,
    "eval_acc": 0.9409999340412901,
    "eval_threshold": 0.5
}