{
    "eval_recall": 0.7974169741697417,
    "eval_precision": 0.6996924073174681,
    "eval_f1": 0.7453651806501681,
    "eval_mcc": 0.4596715668011348,
    "eval_acc": 0.7275830258302584,
    "eval_threshold": 0.5
}