{
    "eval_recall": 0.2496892574895,
    "eval_precision": 0.34663836143973265,
    "eval_f1": 0.2697284350249941,
    "eval_mcc": 0.7522148175353881,
    "eval_acc": 0.7655298575721939
}