{
    "eval_recall": 0.930785379105952,
    "eval_precision": 0.90627630155104,
    "eval_f1": 0.9183673469387755,
    "eval_mcc": 0.8347957620219236,
    "eval_acc": 0.9172456384128455,
    "eval_threshold": 0.5
}