{
    "eval_recall": 0.6241226930075383,
    "eval_precision": 0.6384789256747773,
    "eval_f1": 0.6312191915872493,
    "eval_mcc": 0.27079890289045905,
    "eval_acc": 0.6353652196516766,
    "eval_threshold": 0.5
}