{
    "eval_recall": 0.9712892072116572,
    "eval_precision": 0.9440676948928765,
    "eval_f1": 0.9574850117167291,
    "eval_mcc": 0.9141051972028666,
    "eval_acc": 0.9568627450980393,
    "eval_threshold": 0.5
}