{
    "eval_recall": 0.9716830703249574,
    "eval_precision": 0.9365129835718071,
    "eval_f1": 0.9537739158593518,
    "eval_mcc": 0.9064512646939741,
    "eval_acc": 0.9529059218122835,
    "eval_threshold": 0.5
}