{
    "eval_recall": 0.7230309331946971,
    "eval_precision": 0.64671006742618,
    "eval_f1": 0.6827442317133039,
    "eval_mcc": 0.3303563840171008,
    "eval_acc": 0.6640239147387574,
    "eval_threshold": 0.5
}