{
    "eval_recall": 0.9691972825011542,
    "eval_precision": 0.9446480231436837,
    "eval_f1": 0.9567652038025785,
    "eval_mcc": 0.912715092012983,
    "eval_acc": 0.9562034166611701,
    "eval_threshold": 0.5
}