{
    "eval_recall": 0.7330387314790746,
    "eval_precision": 0.6579561362575829,
    "eval_f1": 0.6934710438952416,
    "eval_mcc": 0.35427686092362315,
    "eval_acc": 0.6759812841174941,
    "eval_threshold": 0.5
}