{
    "eval_recall": 0.7998154981549815,
    "eval_precision": 0.6989680748145759,
    "eval_f1": 0.7459989674754774,
    "eval_mcc": 0.46016533796834114,
    "eval_acc": 0.7276752767527676,
    "eval_threshold": 0.5
}