{
    "eval_recall": 0.9310940973079773,
    "eval_precision": 0.9064134158802669,
    "eval_f1": 0.9185880059696037,
    "eval_mcc": 0.8352324183625879,
    "eval_acc": 0.9174617878647522,
    "eval_threshold": 0.5
}