{
    "eval_recall": 0.9469523080846722,
    "eval_precision": 0.8000430941607413,
    "eval_f1": 0.8673207194580705,
    "eval_mcc": 0.7225644294629985,
    "eval_acc": 0.8551389951542974,
    "eval_threshold": 0.5
}