{
    "eval_recall": 0.9860459372684613,
    "eval_precision": 0.9588136407300673,
    "eval_f1": 0.9722391330816997,
    "eval_mcc": 0.9440583017420069,
    "eval_acc": 0.9718388142658638,
    "eval_threshold": 0.5
}