{
    "eval_recall": 0.9913124759443559,
    "eval_precision": 0.9502450851209614,
    "eval_f1": 0.9703444564047363,
    "eval_mcc": 0.9402857972600097,
    "eval_acc": 0.9697036344641777,
    "eval_threshold": 0.5
}