{
    "eval_recall": 0.6616236162361624,
    "eval_precision": 0.7134898527656188,
    "eval_f1": 0.6865785946773886,
    "eval_mcc": 0.39699127478002355,
    "eval_acc": 0.6979704797047971,
    "eval_threshold": 0.5
}