{
    "eval_recall": 0.6806602547439563,
    "eval_precision": 0.6288424591738713,
    "eval_f1": 0.653726126575958,
    "eval_mcc": 0.27987042600185735,
    "eval_acc": 0.639459318949831,
    "eval_threshold": 0.5
}