{
    "eval_recall": 0.9707952580884169,
    "eval_precision": 0.9420611144397844,
    "eval_f1": 0.9562123700054735,
    "eval_mcc": 0.9114936331340313,
    "eval_acc": 0.9555349698934692,
    "eval_threshold": 0.5
}