{
    "eval_recall": 0.9313369830486116,
    "eval_precision": 0.9116735537190083,
    "eval_f1": 0.921400371953408,
    "eval_mcc": 0.8413011774413427,
    "eval_acc": 0.9205527339885232,
    "eval_threshold": 0.5
}