{
    "eval_recall": 0.9241514177957816,
    "eval_precision": 0.8834290292428896,
    "eval_f1": 0.9033315128345167,
    "eval_mcc": 0.8031895555029392,
    "eval_acc": 0.9011656313254693,
    "eval_threshold": 0.5
}