{
    "eval_recall": 0.9409009959765187,
    "eval_precision": 0.910338225909381,
    "eval_f1": 0.9253673250948721,
    "eval_mcc": 0.8487074517661589,
    "eval_acc": 0.9241145043202955,
    "eval_threshold": 0.5
}