{
    "eval_recall": 0.6339735342540811,
    "eval_precision": 0.7092639841989377,
    "eval_f1": 0.6549824265858935,
    "eval_mcc": 0.9586856083689564,
    "eval_acc": 0.9618290013258102
}