{
    "eval_recall": 0.727490774907749,
    "eval_precision": 0.7182149362477231,
    "eval_f1": 0.7228230980751605,
    "eval_mcc": 0.44210329374058993,
    "eval_acc": 0.7210332103321033,
    "eval_threshold": 0.5
}