{
    "eval_recall": 0.30225438920851166,
    "eval_precision": 0.4104309656437329,
    "eval_f1": 0.32466898153612794,
    "eval_mcc": 0.6422470405113962,
    "eval_acc": 0.6707160402470734
}