{
    "eval_recall": 0.9410092395167022,
    "eval_precision": 0.8348045397225725,
    "eval_f1": 0.8847310390912128,
    "eval_mcc": 0.76098087438607,
    "eval_acc": 0.8773987206823027,
    "eval_threshold": 0.5
}