{
    "eval_recall": 0.777096862709229,
    "eval_precision": 0.8841710896034968,
    "eval_f1": 0.8271833317106417,
    "eval_mcc": 0.6803018918360231,
    "eval_acc": 0.8376474892527211,
    "eval_threshold": 0.5
}