{
    "eval_recall": 0.5191976060583988,
    "eval_precision": 0.6233380057188305,
    "eval_f1": 0.5474990020077741,
    "eval_mcc": 0.9389487017087155,
    "eval_acc": 0.9436273754098192
}