{
    "eval_recall": 0.978321856669217,
    "eval_precision": 0.7785670793586361,
    "eval_f1": 0.8670886075949368,
    "eval_mcc": 0.724322186416705,
    "eval_acc": 0.8500382555470544,
    "eval_threshold": 0.5
}