{
    "eval_recall": 0.7602027553938133,
    "eval_precision": 0.6421121967285103,
    "eval_f1": 0.6961852050229126,
    "eval_mcc": 0.34233512187348825,
    "eval_acc": 0.6682479854432025,
    "eval_threshold": 0.5
}