{
    "eval_recall": 0.9924121625336779,
    "eval_precision": 0.9457660867742612,
    "eval_f1": 0.9685278098253334,
    "eval_mcc": 0.9366432935671406,
    "eval_acc": 0.9677516907681311,
    "eval_threshold": 0.5
}