{
    "eval_recall": 0.9686572088419664,
    "eval_precision": 0.9363439214185483,
    "eval_f1": 0.9522265105568709,
    "eval_mcc": 0.9033621182381085,
    "eval_acc": 0.9514117957514184,
    "eval_threshold": 0.5
}