{
    "eval_recall": 0.3975143723129624,
    "eval_precision": 0.5456518978194368,
    "eval_f1": 0.4264923498981325,
    "eval_mcc": 0.884489622283322,
    "eval_acc": 0.8934624199632062
}