{
    "eval_recall": 0.32591746877609934,
    "eval_precision": 0.4280466045338329,
    "eval_f1": 0.34296879580723383,
    "eval_mcc": 0.7485999031819376,
    "eval_acc": 0.7686492610330089
}