{
    "eval_recall": 0.2226845759868981,
    "eval_precision": 0.3117892055697236,
    "eval_f1": 0.23438290686896274,
    "eval_mcc": 0.6157564054557223,
    "eval_acc": 0.6484902124114952
}