{
    "eval_recall": 0.9886732281299829,
    "eval_precision": 0.9643872351836954,
    "eval_f1": 0.9763792354474371,
    "eval_mcc": 0.9524656960233244,
    "eval_acc": 0.9760818166822456,
    "eval_threshold": 0.5
}