{
    "eval_recall": 0.9872190664361571,
    "eval_precision": 0.9102761172786792,
    "eval_f1": 0.9471875833061817,
    "eval_mcc": 0.8930829560357103,
    "eval_acc": 0.9449436467500386,
    "eval_threshold": 0.5
}