{
    "eval_recall": 0.9444658272392368,
    "eval_precision": 0.919835064795973,
    "eval_f1": 0.9319877377173706,
    "eval_mcc": 0.862463546499007,
    "eval_acc": 0.9310771430142409,
    "eval_threshold": 0.5
}