{
    "eval_recall": 0.9246624022743426,
    "eval_precision": 0.8329065300896287,
    "eval_f1": 0.8763893566857528,
    "eval_mcc": 0.7436878051888464,
    "eval_acc": 0.8695806680881307,
    "eval_threshold": 0.5
}