{
    "eval_recall": 0.7904059040590405,
    "eval_precision": 0.6496815286624203,
    "eval_f1": 0.7131679707008489,
    "eval_mcc": 0.37306343269444475,
    "eval_acc": 0.6821033210332104,
    "eval_threshold": 0.5
}