{
    "eval_recall": 0.25774693087321515,
    "eval_precision": 0.35254269164408364,
    "eval_f1": 0.2767367591763082,
    "eval_mcc": 0.7658824866102824,
    "eval_acc": 0.7784659610610218
}