{
    "eval_recall": 0.7370244434464618,
    "eval_precision": 0.8680015111446922,
    "eval_f1": 0.797168829366456,
    "eval_mcc": 0.6321824796362198,
    "eval_acc": 0.8124719317379868,
    "eval_threshold": 0.5
}