{
    "eval_recall": 0.9568375471434558,
    "eval_precision": 0.9318460073459394,
    "eval_f1": 0.9441764300482426,
    "eval_mcc": 0.8872473762219603,
    "eval_acc": 0.9434633908005863,
    "eval_threshold": 0.5
}