{
    "eval_recall": 0.9917523505800847,
    "eval_precision": 0.9619220308250227,
    "eval_f1": 0.976609453679138,
    "eval_mcc": 0.9529518727328736,
    "eval_acc": 0.9762467696706438,
    "eval_threshold": 0.5
}