{
    "eval_recall": 0.3273734532835328,
    "eval_precision": 0.45622783214309115,
    "eval_f1": 0.354804428079905,
    "eval_mcc": 0.610561425723615,
    "eval_acc": 0.6341257263602746
}