{
    "eval_recall": 0.8064725760332727,
    "eval_precision": 0.6338100102145046,
    "eval_f1": 0.7097918096545413,
    "eval_mcc": 0.35391054127583277,
    "eval_acc": 0.670262542240707,
    "eval_threshold": 0.5
}