{
    "eval_recall": 0.2420331080506929,
    "eval_precision": 0.33806064398611924,
    "eval_f1": 0.25691824605752794,
    "eval_mcc": 0.6340483843764647,
    "eval_acc": 0.6646813827571845
}