{
    "eval_recall": 0.898365316275764,
    "eval_precision": 0.8175937904269082,
    "eval_f1": 0.8560785641720283,
    "eval_mcc": 0.7013698878317598,
    "eval_acc": 0.8489694385216773,
    "eval_threshold": 0.5
}