{
    "eval_recall": 0.8966032395030665,
    "eval_precision": 0.8396907216494846,
    "eval_f1": 0.867214236824093,
    "eval_mcc": 0.7284791398396744,
    "eval_acc": 0.8633695907347992,
    "eval_threshold": 0.5
}