{
    "eval_recall": 0.9943366140649915,
    "eval_precision": 0.9618637306526249,
    "eval_f1": 0.9778306477776577,
    "eval_mcc": 0.9554575026987244,
    "eval_acc": 0.9774564249188981,
    "eval_threshold": 0.5
}