{
    "eval_recall": 0.6072264101897582,
    "eval_precision": 0.6399123407752363,
    "eval_f1": 0.6231410470156719,
    "eval_mcc": 0.2658786536004958,
    "eval_acc": 0.6327657915258643,
    "eval_threshold": 0.5
}