{
    "eval_recall": 0.28865130976330794,
    "eval_precision": 0.3944435375998618,
    "eval_f1": 0.30955538235130053,
    "eval_mcc": 0.8017333014136502,
    "eval_acc": 0.8124395661831961
}