{
    "eval_recall": 0.9163264369925226,
    "eval_precision": 0.8526122588355813,
    "eval_f1": 0.8833219094788511,
    "eval_mcc": 0.7599910041942445,
    "eval_acc": 0.8789345691474718,
    "eval_threshold": 0.5
}