{
    "eval_recall": 0.9874335427742871,
    "eval_precision": 0.9897722990795069,
    "eval_f1": 0.9886015377170816,
    "eval_mcc": 0.9772327372777534,
    "eval_acc": 0.9886150045647387,
    "eval_threshold": 0.5
}