{
    "eval_recall": 0.25630130154388486,
    "eval_precision": 0.37807135562530064,
    "eval_f1": 0.27569101491862485,
    "eval_mcc": 0.6215949011824868,
    "eval_acc": 0.6430419443355547
}