{
    "eval_recall": 0.9701492537313433,
    "eval_precision": 0.8601134215500945,
    "eval_f1": 0.9118236472945893,
    "eval_mcc": 0.8190972835713508,
    "eval_acc": 0.906183368869936,
    "eval_threshold": 0.5
}