{
    "eval_recall": 0.9867868609533218,
    "eval_precision": 0.9556897685821922,
    "eval_f1": 0.9709893982198731,
    "eval_mcc": 0.9415204466136446,
    "eval_acc": 0.9705110390612938,
    "eval_threshold": 0.5
}