{
    "eval_recall": 0.7345018450184502,
    "eval_precision": 0.7319360176503034,
    "eval_f1": 0.733216686619394,
    "eval_mcc": 0.4655010152091945,
    "eval_acc": 0.7327490774907749,
    "eval_threshold": 0.5
}