{
    "eval_recall": 0.9105991508098757,
    "eval_precision": 0.8587423995254337,
    "eval_f1": 0.8839108533048389,
    "eval_mcc": 0.7633952033614102,
    "eval_acc": 0.8809766022380467,
    "eval_threshold": 0.5
}