{
    "eval_recall": 0.2974915730901428,
    "eval_precision": 0.3936076729766719,
    "eval_f1": 0.3184507942559374,
    "eval_mcc": 0.6423615827937655,
    "eval_acc": 0.6715896360702577
}