{
    "eval_recall": 0.9623956709162615,
    "eval_precision": 0.912038244241634,
    "eval_f1": 0.9365405212424134,
    "eval_mcc": 0.8709057170634329,
    "eval_acc": 0.9347885902962487,
    "eval_threshold": 0.5
}