{
    "eval_recall": 0.9729804119455021,
    "eval_precision": 0.955018235850331,
    "eval_f1": 0.963915651699691,
    "eval_mcc": 0.9272996972943449,
    "eval_acc": 0.9635679544828852,
    "eval_threshold": 0.5
}