{
    "eval_recall": 0.8025244672093661,
    "eval_precision": 0.8655420735917925,
    "eval_f1": 0.8328429046037019,
    "eval_mcc": 0.6796598211495835,
    "eval_acc": 0.8389280160980518,
    "eval_threshold": 0.5
}