{
    "eval_recall": 0.7605926696126852,
    "eval_precision": 0.6489963402462016,
    "eval_f1": 0.7003769971874814,
    "eval_mcc": 0.35451354173935223,
    "eval_acc": 0.6746165843514427,
    "eval_threshold": 0.5
}