{
    "eval_recall": 0.2886689587449079,
    "eval_precision": 0.3715874318510524,
    "eval_f1": 0.2987278168117841,
    "eval_mcc": 0.7789594463801802,
    "eval_acc": 0.789348753819348
}