{
    "eval_recall": 0.7425266441382896,
    "eval_precision": 0.6314102564102564,
    "eval_f1": 0.6824752120415721,
    "eval_mcc": 0.31397200428935235,
    "eval_acc": 0.6545360020795425,
    "eval_threshold": 0.5
}