{
    "eval_recall": 0.9742761031594221,
    "eval_precision": 0.9275353218210362,
    "eval_f1": 0.9503313388663708,
    "eval_mcc": 0.8993023217283996,
    "eval_acc": 0.9490798759976254,
    "eval_threshold": 0.5
}