{
    "eval_recall": 0.9674570337364736,
    "eval_precision": 0.964617215390718,
    "eval_f1": 0.9660350375402217,
    "eval_mcc": 0.9320337278759468,
    "eval_acc": 0.9660147865490103,
    "eval_threshold": 0.5
}