{
    "eval_recall": 0.26208644255915875,
    "eval_precision": 0.3712431774401685,
    "eval_f1": 0.2816922463672039,
    "eval_mcc": 0.6236831204208722,
    "eval_acc": 0.6427362945380167
}