{
    "eval_recall": 0.7888045367236806,
    "eval_precision": 0.857426923841718,
    "eval_f1": 0.8216854842551571,
    "eval_mcc": 0.6597583607531352,
    "eval_acc": 0.8288210006402634,
    "eval_threshold": 0.5
}