{
    "eval_recall": 0.9844406026179303,
    "eval_precision": 0.9589222349191074,
    "eval_f1": 0.9715138774639734,
    "eval_mcc": 0.942590848688948,
    "eval_acc": 0.9711286089238845,
    "eval_threshold": 0.5
}