{
    "eval_recall": 0.6216719060755758,
    "eval_precision": 0.9041709433610152,
    "eval_f1": 0.7367700729927008,
    "eval_mcc": 0.5850739022709761,
    "eval_acc": 0.7778918329377045,
    "eval_threshold": 0.5
}