{
    "eval_recall": 0.9923571782042118,
    "eval_precision": 0.9473021205122821,
    "eval_f1": 0.9693063723515668,
    "eval_mcc": 0.9382146757222465,
    "eval_acc": 0.9685764557101226,
    "eval_threshold": 0.5
}