{
    "eval_recall": 0.6854691967767091,
    "eval_precision": 0.6265890459783771,
    "eval_f1": 0.6547079635031966,
    "eval_mcc": 0.2782000762942529,
    "eval_acc": 0.6384845334026514,
    "eval_threshold": 0.5
}