{
    "eval_recall": 0.46766222798610635,
    "eval_precision": 0.611572882866406,
    "eval_f1": 0.4950994265385696,
    "eval_mcc": 0.892941183727777,
    "eval_acc": 0.9013440444925074
}