{
    "eval_recall": 0.9855941056798813,
    "eval_precision": 0.918335980326861,
    "eval_f1": 0.9507770646581446,
    "eval_mcc": 0.9003671023430738,
    "eval_acc": 0.9489745422554572,
    "eval_threshold": 0.5
}