{
    "eval_recall": 0.9906490649064906,
    "eval_precision": 0.9572149880414563,
    "eval_f1": 0.9736450871739425,
    "eval_mcc": 0.946947451012461,
    "eval_acc": 0.9731848184818482,
    "eval_threshold": 0.5
}