{
    "eval_recall": 0.7149446494464945,
    "eval_precision": 0.7420528533129069,
    "eval_f1": 0.7282465701935726,
    "eval_mcc": 0.46673220473254945,
    "eval_acc": 0.733210332103321,
    "eval_threshold": 0.5
}