{
    "eval_recall": 0.9289267945984364,
    "eval_precision": 0.817385866166354,
    "eval_f1": 0.8695941450432467,
    "eval_mcc": 0.7282050248976394,
    "eval_acc": 0.8606965174129353,
    "eval_threshold": 0.5
}