{
    "eval_recall": 0.5793930839802399,
    "eval_precision": 0.9358549222797927,
    "eval_f1": 0.7156952094147481,
    "eval_mcc": 0.5836790637124514,
    "eval_acc": 0.7698402514916276,
    "eval_threshold": 0.5
}