{
    "eval_recall": 0.31651090230352447,
    "eval_precision": 0.44651098534228356,
    "eval_f1": 0.3417854082466613,
    "eval_mcc": 0.6471740154908352,
    "eval_acc": 0.6758638446881919
}