{
    "eval_recall": 0.8102990944845879,
    "eval_precision": 0.8633661436507163,
    "eval_f1": 0.8359913182976315,
    "eval_mcc": 0.6833555514416085,
    "eval_acc": 0.8410317387725236,
    "eval_threshold": 0.5
}