{
    "eval_recall": 0.5859110995580972,
    "eval_precision": 0.6472361809045226,
    "eval_f1": 0.6150487754962821,
    "eval_mcc": 0.2677760307052301,
    "eval_acc": 0.6332856771510268,
    "eval_threshold": 0.5
}