{
    "eval_recall": 0.9638217628160357,
    "eval_precision": 0.9435252290441679,
    "eval_f1": 0.9535655058043117,
    "eval_mcc": 0.9064018068645051,
    "eval_acc": 0.9530955538493753,
    "eval_threshold": 0.5
}