{
    "eval_recall": 0.8052684533065032,
    "eval_precision": 0.8638147566718996,
    "eval_f1": 0.8335147928994082,
    "eval_mcc": 0.6798767178401999,
    "eval_acc": 0.8391566816061465,
    "eval_threshold": 0.5
}