{
    "eval_recall": 0.9711808212190768,
    "eval_precision": 0.7765089722675367,
    "eval_f1": 0.8630028328611897,
    "eval_mcc": 0.7144775032481849,
    "eval_acc": 0.8458301453710788,
    "eval_threshold": 0.5
}