{
    "eval_recall": 0.5792825578372758,
    "eval_precision": 0.6584429014625499,
    "eval_f1": 0.6163313282168291,
    "eval_mcc": 0.2808255377069872,
    "eval_acc": 0.6393943332466857,
    "eval_threshold": 0.5
}