{
    "eval_recall": 0.7128931635040291,
    "eval_precision": 0.6130546551916843,
    "eval_f1": 0.6592151913947479,
    "eval_mcc": 0.266489753137881,
    "eval_acc": 0.6314660774629581,
    "eval_threshold": 0.5
}