{
    "eval_recall": 0.9011739888104191,
    "eval_precision": 0.8533524405072086,
    "eval_f1": 0.8766115002007405,
    "eval_mcc": 0.7474829909022263,
    "eval_acc": 0.8731541777492433,
    "eval_threshold": 0.5
}