{
    "eval_recall": 0.9692632412110019,
    "eval_precision": 0.9305344478216818,
    "eval_f1": 0.94950408684134,
    "eval_mcc": 0.8976843668585873,
    "eval_acc": 0.948453268254073,
    "eval_threshold": 0.5
}