{
    "eval_recall": 0.34512748982743036,
    "eval_precision": 0.48493560128100516,
    "eval_f1": 0.37627807834854704,
    "eval_mcc": 0.8600209711371382,
    "eval_acc": 0.8710081917506912
}