{
    "eval_recall": 0.9530916844349681,
    "eval_precision": 0.8329192546583851,
    "eval_f1": 0.8889625455750746,
    "eval_mcc": 0.7699607801568309,
    "eval_acc": 0.8809523809523809,
    "eval_threshold": 0.5
}