{
    "eval_recall": 0.984952818158633,
    "eval_precision": 0.7764374748693205,
    "eval_f1": 0.8683530073074761,
    "eval_mcc": 0.7280986568028381,
    "eval_acc": 0.8506758479979597,
    "eval_threshold": 0.5
}