{
    "eval_recall": 0.7529520295202952,
    "eval_precision": 0.7169711876317639,
    "eval_f1": 0.734521238300936,
    "eval_mcc": 0.4562945046789162,
    "eval_acc": 0.727859778597786,
    "eval_threshold": 0.5
}