{
    "eval_recall": 0.6872693726937269,
    "eval_precision": 0.7188344268622153,
    "eval_f1": 0.7026976042256178,
    "eval_mcc": 0.4188541997203403,
    "eval_acc": 0.7092250922509226,
    "eval_threshold": 0.5
}