{
    "eval_recall": 0.29107521114651136,
    "eval_precision": 0.3855359250099534,
    "eval_f1": 0.3028225372899948,
    "eval_mcc": 0.818350224443964,
    "eval_acc": 0.8271508295245069
}