{
    "eval_recall": 0.9453861882461579,
    "eval_precision": 0.9150865096086318,
    "eval_f1": 0.9299896184791073,
    "eval_mcc": 0.8581316421937059,
    "eval_acc": 0.9288305520744015,
    "eval_threshold": 0.5
}