{
    "eval_recall": 0.7609546416885866,
    "eval_precision": 0.8387073964078631,
    "eval_f1": 0.7979414040162803,
    "eval_mcc": 0.6172729820977276,
    "eval_acc": 0.807307371527555,
    "eval_threshold": 0.5
}