{
    "eval_recall": 0.5996880686249025,
    "eval_precision": 0.6425288956969781,
    "eval_f1": 0.6203697478991597,
    "eval_mcc": 0.2666448269673307,
    "eval_acc": 0.6330257343384456,
    "eval_threshold": 0.5
}