{
    "eval_recall": 0.6710720472188362,
    "eval_precision": 0.8789915966386554,
    "eval_f1": 0.7610870593371413,
    "eval_mcc": 0.595589632763061,
    "eval_acc": 0.7893436838390967,
    "eval_threshold": 0.5
}