{
    "eval_recall": 0.9797529957302236,
    "eval_precision": 0.9390125847047435,
    "eval_f1": 0.9589502774844406,
    "eval_mcc": 0.917032198370641,
    "eval_acc": 0.9580838323353293,
    "eval_threshold": 0.5
}