{
    "eval_recall": 0.7226937269372694,
    "eval_precision": 0.696851094111368,
    "eval_f1": 0.7095371796032968,
    "eval_mcc": 0.40858363970852063,
    "eval_acc": 0.7041512915129151,
    "eval_threshold": 0.5
}