{
    "eval_recall": 0.6040931545518702,
    "eval_precision": 0.9117846422000581,
    "eval_f1": 0.7267114301149958,
    "eval_mcc": 0.5796494741816199,
    "eval_acc": 0.7728235067684609,
    "eval_threshold": 0.5
}