{
    "eval_recall": 0.9782198458877182,
    "eval_precision": 0.9373163565132223,
    "eval_f1": 0.9573313839405949,
    "eval_mcc": 0.9140951882132291,
    "eval_acc": 0.9566084983175522,
    "eval_threshold": 0.5
}