{
    "eval_recall": 0.38235745315656483,
    "eval_precision": 0.5008700731704454,
    "eval_f1": 0.4028741875019757,
    "eval_mcc": 0.8368724635534935,
    "eval_acc": 0.8444194488470781
}