{
    "eval_recall": 0.46123547802485154,
    "eval_precision": 0.583468178622252,
    "eval_f1": 0.49409066289542625,
    "eval_mcc": 0.9187589619952652,
    "eval_acc": 0.9250249231749555
}