{
    "eval_recall": 0.9866937922692033,
    "eval_precision": 0.9413029794376836,
    "eval_f1": 0.9634640680787092,
    "eval_mcc": 0.9262438469492668,
    "eval_acc": 0.9625831637983174,
    "eval_threshold": 0.5
}