{
    "eval_recall": 0.26073133877655924,
    "eval_precision": 0.34224858413782383,
    "eval_f1": 0.2788378929261378,
    "eval_mcc": 0.6448979686564671,
    "eval_acc": 0.6737380900989793
}