{
    "eval_recall": 0.976545842217484,
    "eval_precision": 0.8614420062695924,
    "eval_f1": 0.9153897401732178,
    "eval_mcc": 0.8268888023390448,
    "eval_acc": 0.9097370291400142,
    "eval_threshold": 0.5
}