{
    "eval_recall": 0.9749960685642397,
    "eval_precision": 0.9325411747010603,
    "eval_f1": 0.9532961752834904,
    "eval_mcc": 0.9058704701565422,
    "eval_acc": 0.9524610689412317,
    "eval_threshold": 0.5
}