{
    "eval_recall": 0.9270847883782651,
    "eval_precision": 0.8791892965955755,
    "eval_f1": 0.9025020397062823,
    "eval_mcc": 0.8010131949075894,
    "eval_acc": 0.8999092622321491,
    "eval_threshold": 0.5
}