{
    "eval_recall": 0.20058073378202582,
    "eval_precision": 0.2204512401583582,
    "eval_f1": 0.19651165589054617,
    "eval_mcc": 0.5962801512714248,
    "eval_acc": 0.6274473530046557
}