{
    "eval_recall": 0.4568874972434986,
    "eval_precision": 0.5630142332130674,
    "eval_f1": 0.4862785611201722,
    "eval_mcc": 0.9172735967083684,
    "eval_acc": 0.9236580026516202
}