{
    "eval_recall": 0.9277948529749072,
    "eval_precision": 0.8465176628160054,
    "eval_f1": 0.8852946969862775,
    "eval_mcc": 0.7630426741772128,
    "eval_acc": 0.8797604845370285,
    "eval_threshold": 0.5
}