{
    "eval_recall": 0.9231797452429628,
    "eval_precision": 0.8557580174927114,
    "eval_f1": 0.8881912398819881,
    "eval_mcc": 0.7711367762900098,
    "eval_acc": 0.8843414977697786,
    "eval_threshold": 0.5
}