{
    "eval_recall": 0.9122782511523956,
    "eval_precision": 0.8665251426296935,
    "eval_f1": 0.8888132825258573,
    "eval_mcc": 0.7729835128373617,
    "eval_acc": 0.8859496056397013,
    "eval_threshold": 0.5
}