{
    "eval_recall": 0.2517815796550938,
    "eval_precision": 0.34376710059162763,
    "eval_f1": 0.27059862253038414,
    "eval_mcc": 0.6359552126472308,
    "eval_acc": 0.6654538353221712
}