{
    "eval_recall": 0.9295991060203939,
    "eval_precision": 0.8892303580972741,
    "eval_f1": 0.908966741787885,
    "eval_mcc": 0.8147619188933454,
    "eval_acc": 0.9069588888113352,
    "eval_threshold": 0.5
}