{
    "eval_recall": 0.6271893244370309,
    "eval_precision": 0.8956481905634448,
    "eval_f1": 0.7377556410836918,
    "eval_mcc": 0.580820648468183,
    "eval_acc": 0.7770578045807404,
    "eval_threshold": 0.5
}