{
    "eval_recall": 0.9615868138008101,
    "eval_precision": 0.9365986394557824,
    "eval_f1": 0.9489282514301468,
    "eval_mcc": 0.8968794840691888,
    "eval_acc": 0.9482794723249808,
    "eval_threshold": 0.5
}