{
    "eval_recall": 0.9705164566981069,
    "eval_precision": 0.9451438848920863,
    "eval_f1": 0.9576621432523024,
    "eval_mcc": 0.9145173079542903,
    "eval_acc": 0.9570938592441132,
    "eval_threshold": 0.5
}