{
    "eval_recall": 0.8116710875331565,
    "eval_precision": 0.8671943711521548,
    "eval_f1": 0.8385145988850042,
    "eval_mcc": 0.6887817536568644,
    "eval_acc": 0.8436842586664227,
    "eval_threshold": 0.5
}