{
    "eval_recall": 0.6226342464874575,
    "eval_precision": 0.9043891529214425,
    "eval_f1": 0.7375180484839272,
    "eval_mcc": 0.585972556383516,
    "eval_acc": 0.7784050811573747,
    "eval_threshold": 0.5
}