{
    "eval_recall": 0.4870848708487085,
    "eval_precision": 0.8208955223880597,
    "eval_f1": 0.6113941639647986,
    "eval_mcc": 0.41683121003875206,
    "eval_acc": 0.6904059040590406,
    "eval_threshold": 0.5
}