{
    "eval_recall": 0.26007863510516555,
    "eval_precision": 0.3443452366682715,
    "eval_f1": 0.2783799973352329,
    "eval_mcc": 0.6423230274391896,
    "eval_acc": 0.6713638185686535
}