{
    "eval_recall": 0.9729660800816118,
    "eval_precision": 0.834426946631671,
    "eval_f1": 0.8983869068644765,
    "eval_mcc": 0.7908798192914502,
    "eval_acc": 0.8899515429737311,
    "eval_threshold": 0.5
}