{
    "eval_recall": 0.9872187315396596,
    "eval_precision": 0.9895037140704058,
    "eval_f1": 0.9883599021479073,
    "eval_mcc": 0.9767492881131076,
    "eval_acc": 0.9883733419257827,
    "eval_threshold": 0.5
}