{
    "eval_recall": 0.947364949541587,
    "eval_precision": 0.9255703054517335,
    "eval_f1": 0.936340819453046,
    "eval_mcc": 0.8714242639643389,
    "eval_acc": 0.9355913198337841,
    "eval_threshold": 0.5
}