{
    "eval_recall": 0.9729569289624695,
    "eval_precision": 0.9351464435146444,
    "eval_f1": 0.9536770648133184,
    "eval_mcc": 0.9062222188867319,
    "eval_acc": 0.9527405843941692,
    "eval_threshold": 0.5
}