{
    "eval_recall": 0.28528774940385737,
    "eval_precision": 0.4017015779424931,
    "eval_f1": 0.30954499372055094,
    "eval_mcc": 0.6364020098330152,
    "eval_acc": 0.6570756566052528
}