{
    "eval_recall": 0.94512563919283,
    "eval_precision": 0.9163556882396844,
    "eval_f1": 0.9305183380701042,
    "eval_mcc": 0.8592788314404448,
    "eval_acc": 0.9294276131302579,
    "eval_threshold": 0.5
}