{
    "eval_recall": 0.9301679427019017,
    "eval_precision": 0.9090086284921257,
    "eval_f1": 0.9194665690133969,
    "eval_mcc": 0.837249442183822,
    "eval_acc": 0.9185116566311564,
    "eval_threshold": 0.5
}