{
    "eval_recall": 0.7765480654898015,
    "eval_precision": 0.8765228164360933,
    "eval_f1": 0.8235122944856685,
    "eval_mcc": 0.6715369014658505,
    "eval_acc": 0.8335772432086344,
    "eval_threshold": 0.5
}