{
    "eval_recall": 0.24615979635029112,
    "eval_precision": 0.31604735091658187,
    "eval_f1": 0.257899929949295,
    "eval_mcc": 0.7876206072637594,
    "eval_acc": 0.7975556172823919
}