{
    "eval_recall": 0.29485104197901835,
    "eval_precision": 0.4509633573923644,
    "eval_f1": 0.3238572891802181,
    "eval_mcc": 0.6247473404004623,
    "eval_acc": 0.64425584130068
}