{
    "eval_recall": 0.9554407040089398,
    "eval_precision": 0.94124122746663,
    "eval_f1": 0.9482878136697629,
    "eval_mcc": 0.8959637366360732,
    "eval_acc": 0.9479304809101696,
    "eval_threshold": 0.5
}