{
    "eval_recall": 0.9285203716940672,
    "eval_precision": 0.9009282970550576,
    "eval_f1": 0.9145162600525304,
    "eval_mcc": 0.8268023201130029,
    "eval_acc": 0.9132072359377578,
    "eval_threshold": 0.5
}