{
    "eval_recall": 0.7899662074343644,
    "eval_precision": 0.6402612451279891,
    "eval_f1": 0.7072787572002095,
    "eval_mcc": 0.3559815758809653,
    "eval_acc": 0.6730569274759552,
    "eval_threshold": 0.5
}