{
    "eval_recall": 0.9323927922894258,
    "eval_precision": 0.9138828039430449,
    "eval_f1": 0.9230450114084214,
    "eval_mcc": 0.8448040157370496,
    "eval_acc": 0.9223145110630279,
    "eval_threshold": 0.5
}