{
    "eval_recall": 0.6454737922627831,
    "eval_precision": 0.878536500174642,
    "eval_f1": 0.74418432634343,
    "eval_mcc": 0.576903203499254,
    "eval_acc": 0.7781163790338103,
    "eval_threshold": 0.5
}