{
    "eval_recall": 0.9568766446485151,
    "eval_precision": 0.9459545551072415,
    "eval_f1": 0.951384253944523,
    "eval_mcc": 0.9022673292034913,
    "eval_acc": 0.9511035927178991,
    "eval_threshold": 0.5
}