{
    "eval_recall": 0.990924092409241,
    "eval_precision": 0.9661589617076048,
    "eval_f1": 0.9783848368000869,
    "eval_mcc": 0.9565299068030605,
    "eval_acc": 0.9781078107810781,
    "eval_threshold": 0.5
}