{
    "eval_recall": 0.973946309610184,
    "eval_precision": 0.9375833386246746,
    "eval_f1": 0.9554189582659334,
    "eval_mcc": 0.909793400504444,
    "eval_acc": 0.9545544489149792,
    "eval_threshold": 0.5
}