{
    "eval_recall": 0.6993761372498051,
    "eval_precision": 0.6244632702796797,
    "eval_f1": 0.659800134878303,
    "eval_mcc": 0.28081664289982317,
    "eval_acc": 0.6393943332466857,
    "eval_threshold": 0.5
}