{
    "eval_recall": 0.8084697704198299,
    "eval_precision": 0.8639429185807839,
    "eval_f1": 0.8352863352863353,
    "eval_mcc": 0.682557302939199,
    "eval_acc": 0.8405744077563341,
    "eval_threshold": 0.5
}