{
    "eval_recall": 0.9499489823317759,
    "eval_precision": 0.9675637238814134,
    "eval_f1": 0.9586754464406688,
    "eval_mcc": 0.9182553986555066,
    "eval_acc": 0.9590516083991193,
    "eval_threshold": 0.5
}