{
    "eval_recall": 0.9684717366928303,
    "eval_precision": 0.939591732258271,
    "eval_f1": 0.953813173963882,
    "eval_mcc": 0.9066350867935544,
    "eval_acc": 0.9531033572983313,
    "eval_threshold": 0.5
}