{
    "eval_recall": 0.770479704797048,
    "eval_precision": 0.7125063982255587,
    "eval_f1": 0.7403598971722365,
    "eval_mcc": 0.4611230202877229,
    "eval_acc": 0.7297970479704797,
    "eval_threshold": 0.5
}