{
    "eval_recall": 0.2407446291342523,
    "eval_precision": 0.3382425186883161,
    "eval_f1": 0.2584232917958296,
    "eval_mcc": 0.6381147506058162,
    "eval_acc": 0.6688567263640149
}