{
    "eval_recall": 0.9691313237913066,
    "eval_precision": 0.9440375224877924,
    "eval_f1": 0.956419853539463,
    "eval_mcc": 0.9120035410272381,
    "eval_acc": 0.9558406437570082,
    "eval_threshold": 0.5
}