{
    "eval_recall": 0.9859841936280563,
    "eval_precision": 0.9509319359256834,
    "eval_f1": 0.9681408954499985,
    "eval_mcc": 0.9357290900047865,
    "eval_acc": 0.9675467037208584,
    "eval_threshold": 0.5
}