{
    "eval_recall": 0.9029194021511384,
    "eval_precision": 0.875406283856988,
    "eval_f1": 0.8889500103142405,
    "eval_mcc": 0.7749382384076402,
    "eval_acc": 0.8872757730159838,
    "eval_threshold": 0.5
}