{
    "eval_recall": 0.23710984566082938,
    "eval_precision": 0.27461427903040503,
    "eval_f1": 0.2320190141323468,
    "eval_mcc": 0.6290419928932143,
    "eval_acc": 0.6563468767701736
}