{
    "eval_recall": 0.6495970886404991,
    "eval_precision": 0.616580310880829,
    "eval_f1": 0.6326582278481013,
    "eval_mcc": 0.2459989011552991,
    "eval_acc": 0.6228229789446322,
    "eval_threshold": 0.5
}