{
    "eval_recall": 0.24203351368534887,
    "eval_precision": 0.3426810129722515,
    "eval_f1": 0.26020654430957296,
    "eval_mcc": 0.6404951685357488,
    "eval_acc": 0.6711682632236569
}