{
    "eval_recall": 0.2956071370670215,
    "eval_precision": 0.4101391336668939,
    "eval_f1": 0.32007921258403826,
    "eval_mcc": 0.6468953178062804,
    "eval_acc": 0.666483731869855
}