{
    "eval_recall": 0.9717037134753644,
    "eval_precision": 0.9568719147830606,
    "eval_f1": 0.9642307818175868,
    "eval_mcc": 0.9280186193396637,
    "eval_acc": 0.9639535650682672,
    "eval_threshold": 0.5
}