{
    "eval_recall": 0.9903740374037404,
    "eval_precision": 0.9683231149833279,
    "eval_f1": 0.9792244520585196,
    "eval_mcc": 0.9582242861500566,
    "eval_acc": 0.978987898789879,
    "eval_threshold": 0.5
}