{
    "eval_recall": 0.6939540839659746,
    "eval_precision": 0.905910447761194,
    "eval_f1": 0.7858918582970789,
    "eval_mcc": 0.6396325586962389,
    "eval_acc": 0.8109393579072532,
    "eval_threshold": 0.5
}