{
    "eval_recall": 0.9402640264026403,
    "eval_precision": 0.9141176470588235,
    "eval_f1": 0.9270065075921908,
    "eval_mcc": 0.8522738965558645,
    "eval_acc": 0.925962596259626,
    "eval_threshold": 0.5
}