{
    "eval_recall": 0.9207422550715522,
    "eval_precision": 0.8622974963181149,
    "eval_f1": 0.8905620199254698,
    "eval_mcc": 0.7766219325643859,
    "eval_acc": 0.8873933797636748,
    "eval_threshold": 0.5
}