{
    "eval_recall": 0.9346090399208182,
    "eval_precision": 0.9037197728577809,
    "eval_f1": 0.9189048916569352,
    "eval_mcc": 0.8355597262302219,
    "eval_acc": 0.9175352948937855,
    "eval_threshold": 0.5
}