{
    "eval_recall": 0.7189965997305446,
    "eval_precision": 0.8644041650597764,
    "eval_f1": 0.7850238161950126,
    "eval_mcc": 0.6149736962781785,
    "eval_acc": 0.803105151729005,
    "eval_threshold": 0.5
}