{
    "eval_recall": 0.9168443496801706,
    "eval_precision": 0.8301158301158301,
    "eval_f1": 0.8713272543059777,
    "eval_mcc": 0.7332238464792185,
    "eval_acc": 0.8646055437100213,
    "eval_threshold": 0.5
}