{
    "eval_recall": 0.9397960609023607,
    "eval_precision": 0.913509843856076,
    "eval_f1": 0.9264665381437619,
    "eval_mcc": 0.8512655431048717,
    "eval_acc": 0.9254554337963287,
    "eval_threshold": 0.5
}