{
    "eval_recall": 0.9874042973573722,
    "eval_precision": 0.9574327965036221,
    "eval_f1": 0.9721876044864587,
    "eval_mcc": 0.9439548027231051,
    "eval_acc": 0.9717461787864752,
    "eval_threshold": 0.5
}