{
    "eval_recall": 0.9736226432405156,
    "eval_precision": 0.9432888888888888,
    "eval_f1": 0.9582157610781282,
    "eval_mcc": 0.9155414641640426,
    "eval_acc": 0.95753418372029,
    "eval_threshold": 0.5
}