{
    "eval_recall": 0.9495380241648899,
    "eval_precision": 0.8339575530586767,
    "eval_f1": 0.8880026586905949,
    "eval_mcc": 0.7678938898231294,
    "eval_acc": 0.8802416488983653,
    "eval_threshold": 0.5
}