{
    "eval_recall": 0.3326654336498905,
    "eval_precision": 0.4700079163837158,
    "eval_f1": 0.3568559403433151,
    "eval_mcc": 0.6134028473922964,
    "eval_acc": 0.6369519281563656
}