{
    "eval_recall": 0.9683398192731351,
    "eval_precision": 0.9435089974293059,
    "eval_f1": 0.9557631587513427,
    "eval_mcc": 0.9106775411014523,
    "eval_acc": 0.9551810566585318,
    "eval_threshold": 0.5
}