{
    "eval_recall": 0.9630524676440578,
    "eval_precision": 0.9678864421416234,
    "eval_f1": 0.9654634041293171,
    "eval_mcc": 0.9311109092150737,
    "eval_acc": 0.9655496482466033,
    "eval_threshold": 0.5
}