{
    "eval_recall": 0.9632625339590022,
    "eval_precision": 0.939989154666506,
    "eval_f1": 0.9514835483182387,
    "eval_mcc": 0.9020207467313003,
    "eval_acc": 0.9508723174309094,
    "eval_threshold": 0.5
}