{
    "eval_recall": 0.9429941814750747,
    "eval_precision": 0.8754653624352142,
    "eval_f1": 0.9079759245940113,
    "eval_mcc": 0.8122265310445387,
    "eval_acc": 0.904883011190234,
    "eval_threshold": 0.5
}