{
    "eval_recall": 0.7815498154981549,
    "eval_precision": 0.7207759060745278,
    "eval_f1": 0.7499336106931043,
    "eval_mcc": 0.48049334755801926,
    "eval_acc": 0.7393911439114391,
    "eval_threshold": 0.5
}