{
    "eval_recall": 0.9339019189765458,
    "eval_precision": 0.8243412797992472,
    "eval_f1": 0.8757080973008998,
    "eval_mcc": 0.7414749183961162,
    "eval_acc": 0.8674484719260839,
    "eval_threshold": 0.5
}