{
    "eval_recall": 0.9756612360662226,
    "eval_precision": 0.9480228161251042,
    "eval_f1": 0.9616434793914966,
    "eval_mcc": 0.9225608669328437,
    "eval_acc": 0.9610843611898952,
    "eval_threshold": 0.5
}