{
    "eval_recall": 0.9727110431012497,
    "eval_precision": 0.778526229842825,
    "eval_f1": 0.8648526077097506,
    "eval_mcc": 0.7187116504227035,
    "eval_acc": 0.8479979597041571,
    "eval_threshold": 0.5
}