{
    "eval_recall": 0.7049649077203015,
    "eval_precision": 0.6579330422125182,
    "eval_f1": 0.6806374701970135,
    "eval_mcc": 0.33931359881834444,
    "eval_acc": 0.6692227709903821,
    "eval_threshold": 0.5
}