{
    "eval_recall": 0.3526620120139123,
    "eval_precision": 0.4669633742770246,
    "eval_f1": 0.3779271812888932,
    "eval_mcc": 0.8681070226017634,
    "eval_acc": 0.8784187968301933
}