{
    "eval_recall": 0.8954874805099514,
    "eval_precision": 0.8311837568637467,
    "eval_f1": 0.8621382370471754,
    "eval_mcc": 0.7157561166247106,
    "eval_acc": 0.8568054663853986,
    "eval_threshold": 0.5
}