{
    "eval_recall": 0.9900592738947889,
    "eval_precision": 0.9631209081626524,
    "eval_f1": 0.9764043233368853,
    "eval_mcc": 0.9525108636723887,
    "eval_acc": 0.9760691678246102,
    "eval_threshold": 0.5
}