{
    "eval_recall": 0.9555803883223914,
    "eval_precision": 0.9278448392784484,
    "eval_f1": 0.9415083952656207,
    "eval_mcc": 0.8817386197828286,
    "eval_acc": 0.9406714594820967,
    "eval_threshold": 0.5
}