{
    "eval_recall": 0.578672309719149,
    "eval_precision": 0.6611670912806025,
    "eval_f1": 0.5976073416372533,
    "eval_mcc": 0.9202129654988446,
    "eval_acc": 0.9247490755414686
}