{
    "eval_recall": 0.43224842359033067,
    "eval_precision": 0.57947630504388,
    "eval_f1": 0.4598647051835792,
    "eval_mcc": 0.8905478497758089,
    "eval_acc": 0.899150316700139
}