{
    "eval_recall": 0.25259134037183806,
    "eval_precision": 0.39279645647573375,
    "eval_f1": 0.27976561972354286,
    "eval_mcc": 0.7909876799380944,
    "eval_acc": 0.8086318200749688
}