{
    "eval_recall": 0.9453861882461579,
    "eval_precision": 0.9118264520643807,
    "eval_f1": 0.9283031088082903,
    "eval_mcc": 0.854546398986797,
    "eval_acc": 0.9269837081986676,
    "eval_threshold": 0.5
}