{
    "eval_recall": 0.9867891090704044,
    "eval_precision": 0.9887005649717514,
    "eval_f1": 0.9877439122722141,
    "eval_mcc": 0.9755133423194375,
    "eval_acc": 0.9877557596262284,
    "eval_threshold": 0.5
}