{
    "eval_recall": 0.793865349623083,
    "eval_precision": 0.643828396753452,
    "eval_f1": 0.7110179849834118,
    "eval_mcc": 0.3647340239579533,
    "eval_acc": 0.6773459838835456,
    "eval_threshold": 0.5
}