{
    "eval_recall": 0.9926320998515423,
    "eval_precision": 0.9504080021058173,
    "eval_f1": 0.9710612662040773,
    "eval_mcc": 0.9417667446981008,
    "eval_acc": 0.970418430747237,
    "eval_threshold": 0.5
}