{
    "eval_recall": 0.9509594882729211,
    "eval_precision": 0.8300248138957816,
    "eval_f1": 0.8863862206028488,
    "eval_mcc": 0.7643757057947164,
    "eval_acc": 0.8781094527363185,
    "eval_threshold": 0.5
}