{
    "eval_recall": 0.9139801855637679,
    "eval_precision": 0.8544545721846516,
    "eval_f1": 0.8832155611275738,
    "eval_mcc": 0.7613541912408262,
    "eval_acc": 0.8797245480867047,
    "eval_threshold": 0.5
}