{
    "eval_recall": 0.7469456719521705,
    "eval_precision": 0.6174922101643924,
    "eval_f1": 0.6760778777718957,
    "eval_mcc": 0.2907076258706687,
    "eval_acc": 0.6421237327787886,
    "eval_threshold": 0.5
}