{
    "eval_recall": 0.6942965291589145,
    "eval_precision": 0.860254372019078,
    "eval_f1": 0.7684169418113395,
    "eval_mcc": 0.5926430053070482,
    "eval_acc": 0.7907551164431899,
    "eval_threshold": 0.5
}