{
    "eval_recall": 0.9512501746053919,
    "eval_precision": 0.9474123539232053,
    "eval_f1": 0.9493273855161358,
    "eval_mcc": 0.8985208774223135,
    "eval_acc": 0.9492566482864522,
    "eval_threshold": 0.5
}