{
    "eval_recall": 0.6783207694307253,
    "eval_precision": 0.6315343659244917,
    "eval_f1": 0.6540919914776288,
    "eval_mcc": 0.2833364381857275,
    "eval_acc": 0.6412789186378997,
    "eval_threshold": 0.5
}