{
    "eval_recall": 0.776865336498364,
    "eval_precision": 0.8317192114843053,
    "eval_f1": 0.8033569959530286,
    "eval_mcc": 0.6210352053617851,
    "eval_acc": 0.8098415346121768,
    "eval_threshold": 0.5
}