{
    "eval_recall": 0.9596992282830947,
    "eval_precision": 0.9163622622496536,
    "eval_f1": 0.9375302039369825,
    "eval_mcc": 0.8730829639925257,
    "eval_acc": 0.9360530308027175,
    "eval_threshold": 0.5
}