{
    "eval_recall": 0.8918068878754521,
    "eval_precision": 0.8395262768319763,
    "eval_f1": 0.8648772304407504,
    "eval_mcc": 0.7241370337560504,
    "eval_acc": 0.8613350027388684,
    "eval_threshold": 0.5
}