{
    "eval_recall": 0.9454305509732761,
    "eval_precision": 0.920113023375289,
    "eval_f1": 0.9325999934910665,
    "eval_mcc": 0.8637001029683433,
    "eval_acc": 0.9316862382900118,
    "eval_threshold": 0.5
}