{
    "eval_recall": 0.9687891784889475,
    "eval_precision": 0.9382069141798198,
    "eval_f1": 0.9532528243085314,
    "eval_mcc": 0.9054822518617449,
    "eval_acc": 0.9525003298588204,
    "eval_threshold": 0.5
}