{
    "eval_recall": 0.7006758513127112,
    "eval_precision": 0.6330436824800376,
    "eval_f1": 0.6651449722393584,
    "eval_mcc": 0.29621053717590984,
    "eval_acc": 0.647257603327268,
    "eval_threshold": 0.5
}