{
    "eval_recall": 0.9888244010866881,
    "eval_precision": 0.9590968978320757,
    "eval_f1": 0.9737338116373807,
    "eval_mcc": 0.9470968583511774,
    "eval_acc": 0.9733209819360815,
    "eval_threshold": 0.5
}