{
    "eval_recall": 0.7479309681144544,
    "eval_precision": 0.8508246971245074,
    "eval_f1": 0.7960667827512036,
    "eval_mcc": 0.6213564711642351,
    "eval_acc": 0.8083980239943542,
    "eval_threshold": 0.5
}