{
    "eval_recall": 0.9273470671489228,
    "eval_precision": 0.8611273364485982,
    "eval_f1": 0.8930112818959642,
    "eval_mcc": 0.781221300654982,
    "eval_acc": 0.8894279677596056,
    "eval_threshold": 0.5
}