{
    "eval_recall": 0.8278597785977859,
    "eval_precision": 0.6247563352826511,
    "eval_f1": 0.7121091890176163,
    "eval_mcc": 0.3496177345625832,
    "eval_acc": 0.6653136531365313,
    "eval_threshold": 0.5
}