{
    "eval_recall": 0.7700805822719001,
    "eval_precision": 0.6377139166935745,
    "eval_f1": 0.6976744186046512,
    "eval_mcc": 0.34000159809118824,
    "eval_acc": 0.6662984143488433,
    "eval_threshold": 0.5
}