{
    "eval_recall": 0.9317697228144989,
    "eval_precision": 0.8345003182686187,
    "eval_f1": 0.8804566823371389,
    "eval_mcc": 0.752106010163089,
    "eval_acc": 0.8734896943852167,
    "eval_threshold": 0.5
}