{
    "eval_recall": 0.9287363906301551,
    "eval_precision": 0.8967252803261978,
    "eval_f1": 0.912450163689994,
    "eval_mcc": 0.8223354333117228,
    "eval_acc": 0.9109051326032458,
    "eval_threshold": 0.5
}