{
    "eval_recall": 0.9175550817341862,
    "eval_precision": 0.8312942691564713,
    "eval_f1": 0.8722972972972972,
    "eval_mcc": 0.735312762019613,
    "eval_acc": 0.8656716417910447,
    "eval_threshold": 0.5
}