{
    "eval_recall": 0.33004329028492646,
    "eval_precision": 0.45561172371448855,
    "eval_f1": 0.35323135665173383,
    "eval_mcc": 0.8532939399531104,
    "eval_acc": 0.8648104180156846
}