{
    "eval_recall": 0.9643676052462625,
    "eval_precision": 0.9064224137931034,
    "eval_f1": 0.934497622539217,
    "eval_mcc": 0.8665803940751761,
    "eval_acc": 0.9324039255250849,
    "eval_threshold": 0.5
}