{
    "eval_recall": 0.7626452025976401,
    "eval_precision": 0.8717198118139049,
    "eval_f1": 0.8135427846619182,
    "eval_mcc": 0.655568356016672,
    "eval_acc": 0.8252080856123662,
    "eval_threshold": 0.5
}