{
    "eval_recall": 0.9500032979354924,
    "eval_precision": 0.9123907259597112,
    "eval_f1": 0.9308172036061654,
    "eval_mcc": 0.859513055688951,
    "eval_acc": 0.9293912011081064,
    "eval_threshold": 0.5
}