{
    "eval_recall": 0.9722814498933902,
    "eval_precision": 0.8361858190709046,
    "eval_f1": 0.8991127177127834,
    "eval_mcc": 0.7923706676834302,
    "eval_acc": 0.8909026297085999,
    "eval_threshold": 0.5
}