{
    "eval_recall": 0.7177352968078295,
    "eval_precision": 0.9045533141210375,
    "eval_f1": 0.8003875968992249,
    "eval_mcc": 0.6561477448414382,
    "eval_acc": 0.8210006402634227,
    "eval_threshold": 0.5
}