{
    "eval_recall": 0.9114005319636798,
    "eval_precision": 0.8469274695303843,
    "eval_f1": 0.8779819756140661,
    "eval_mcc": 0.7488482210599315,
    "eval_acc": 0.8733376135008714,
    "eval_threshold": 0.5
}