{
    "eval_recall": 0.9862929118300815,
    "eval_precision": 0.9437551695616212,
    "eval_f1": 0.964555280478232,
    "eval_mcc": 0.9284405868882428,
    "eval_acc": 0.9637486490659256,
    "eval_threshold": 0.5
}