{
    "eval_recall": 0.9418903766242332,
    "eval_precision": 0.9137445610442795,
    "eval_f1": 0.9276040144207346,
    "eval_mcc": 0.8533829798713463,
    "eval_acc": 0.9264890178748104,
    "eval_threshold": 0.5
}