{
    "eval_recall": 0.9632007903185972,
    "eval_precision": 0.940382180963289,
    "eval_f1": 0.9516547201464085,
    "eval_mcc": 0.902380477408368,
    "eval_acc": 0.9510575883896866,
    "eval_threshold": 0.5
}