{
    "eval_recall": 0.5954320908449349,
    "eval_precision": 0.926802476532854,
    "eval_f1": 0.7250498027420804,
    "eval_mcc": 0.587222771288172,
    "eval_acc": 0.7742028613588247,
    "eval_threshold": 0.5
}