{
    "eval_recall": 0.5979341759158273,
    "eval_precision": 0.9299541009778487,
    "eval_f1": 0.7278691085165373,
    "eval_mcc": 0.5919071302927236,
    "eval_acc": 0.7764483223198819,
    "eval_threshold": 0.5
}