{
    "eval_recall": 0.9458675688738521,
    "eval_precision": 0.9539619780100742,
    "eval_f1": 0.9498975299320461,
    "eval_mcc": 0.9002525893770045,
    "eval_acc": 0.9501100907577467,
    "eval_threshold": 0.5
}