{
    "eval_recall": 0.18800599986763067,
    "eval_precision": 0.22913793236462382,
    "eval_f1": 0.19072536735145515,
    "eval_mcc": 0.5905658748785116,
    "eval_acc": 0.6223599420343477
}