{
    "eval_recall": 0.29009727704208677,
    "eval_precision": 0.36357448129304937,
    "eval_f1": 0.30357845351888596,
    "eval_mcc": 0.8072004745138266,
    "eval_acc": 0.8166712961793894
}