{
    "eval_recall": 0.22760731612997867,
    "eval_precision": 0.3232543734925117,
    "eval_f1": 0.24343535161062674,
    "eval_mcc": 0.6242954687410041,
    "eval_acc": 0.6545280749899787
}