{
    "eval_recall": 0.36146912792962854,
    "eval_precision": 0.5054266436435811,
    "eval_f1": 0.3846432441400021,
    "eval_mcc": 0.8020024884677276,
    "eval_acc": 0.8111099749475944
}