{
    "eval_recall": 0.29918885314996524,
    "eval_precision": 0.4130849132723114,
    "eval_f1": 0.3180771140774689,
    "eval_mcc": 0.6299311936173501,
    "eval_acc": 0.6595190277563211
}