{
    "eval_recall": 0.7800731378713031,
    "eval_precision": 0.8334361505243677,
    "eval_f1": 0.8058722163308589,
    "eval_mcc": 0.6254573541282981,
    "eval_acc": 0.8120869955732342,
    "eval_threshold": 0.5
}