{
    "eval_recall": 0.9686572088419664,
    "eval_precision": 0.9396402739550662,
    "eval_f1": 0.9539281304828123,
    "eval_mcc": 0.9068849494214803,
    "eval_acc": 0.9532260192637552,
    "eval_threshold": 0.5
}