{
    "eval_recall": 0.9904877110023643,
    "eval_precision": 0.9514604130354407,
    "eval_f1": 0.9705818965517242,
    "eval_mcc": 0.9407488511770118,
    "eval_acc": 0.9699785561115082,
    "eval_threshold": 0.5
}