{
    "eval_recall": 0.9545131485429993,
    "eval_precision": 0.832094175960347,
    "eval_f1": 0.889109566368752,
    "eval_mcc": 0.7702866962258187,
    "eval_acc": 0.8809523809523809,
    "eval_threshold": 0.5
}