{
    "eval_recall": 0.9090262970859986,
    "eval_precision": 0.8289047310434219,
    "eval_f1": 0.8671186440677966,
    "eval_mcc": 0.7247868478644265,
    "eval_acc": 0.8606965174129353,
    "eval_threshold": 0.5
}