{
    "eval_recall": 0.9175862550635564,
    "eval_precision": 0.8655949400448016,
    "eval_f1": 0.8908326552752915,
    "eval_mcc": 0.776658293953793,
    "eval_acc": 0.887624764430795,
    "eval_threshold": 0.5
}