{
    "eval_recall": 0.9667819214620894,
    "eval_precision": 0.9296443626432346,
    "eval_f1": 0.9478495111837524,
    "eval_mcc": 0.8943059854680465,
    "eval_acc": 0.9467963563378107,
    "eval_threshold": 0.5
}