{
    "eval_recall": 0.9906526639907627,
    "eval_precision": 0.9628580589995724,
    "eval_f1": 0.9765576302880836,
    "eval_mcc": 0.952835632228352,
    "eval_acc": 0.9762192775059109,
    "eval_threshold": 0.5
}