{
    "eval_recall": 0.2877052824836279,
    "eval_precision": 0.40657740692941163,
    "eval_f1": 0.321175679565943,
    "eval_mcc": 0.5988767156597964,
    "eval_acc": 0.6215863060237815
}