{
    "eval_recall": 0.9859729660800816,
    "eval_precision": 0.7715026940730393,
    "eval_f1": 0.8656515897895207,
    "eval_mcc": 0.7224310534842191,
    "eval_acc": 0.8469778117827085,
    "eval_threshold": 0.5
}