{
    "eval_recall": 0.9803705943806015,
    "eval_precision": 0.9477488970392813,
    "eval_f1": 0.9637837837837838,
    "eval_mcc": 0.9268702157455806,
    "eval_acc": 0.9631604992577115,
    "eval_threshold": 0.5
}