{
    "eval_recall": 0.9445628997867804,
    "eval_precision": 0.8163390663390664,
    "eval_f1": 0.8757825370675453,
    "eval_mcc": 0.7412550752329327,
    "eval_acc": 0.8660270078180526,
    "eval_threshold": 0.5
}