{
    "eval_recall": 0.6260722641018975,
    "eval_precision": 0.6503307681922506,
    "eval_f1": 0.6379709952983247,
    "eval_mcc": 0.2896479034491189,
    "eval_acc": 0.644723160904601,
    "eval_threshold": 0.5
}