{
    "eval_recall": 0.9351734755594655,
    "eval_precision": 0.9107850487308558,
    "eval_f1": 0.9228181546892379,
    "eval_mcc": 0.8438721766828933,
    "eval_acc": 0.9217847913344697,
    "eval_threshold": 0.5
}