{
    "eval_recall": 0.2638531170097643,
    "eval_precision": 0.3564550644729792,
    "eval_f1": 0.28492531679284544,
    "eval_mcc": 0.6469468002833231,
    "eval_acc": 0.6756087282743877
}