{
    "eval_recall": 0.9778378734911946,
    "eval_precision": 0.9436063904270893,
    "eval_f1": 0.9604172065301891,
    "eval_mcc": 0.9200040377592293,
    "eval_acc": 0.9596992282830947,
    "eval_threshold": 0.5
}