{
    "eval_recall": 0.7756463719766472,
    "eval_precision": 0.8232330110309138,
    "eval_f1": 0.7987315429590724,
    "eval_mcc": 0.6101174916009499,
    "eval_acc": 0.8045486623468275,
    "eval_threshold": 0.5
}