{
    "eval_recall": 0.9275053304904051,
    "eval_precision": 0.8333333333333334,
    "eval_f1": 0.8779011099899092,
    "eval_mcc": 0.746787993805677,
    "eval_acc": 0.8710021321961621,
    "eval_threshold": 0.5
}