{
    "eval_recall": 0.6498154981549815,
    "eval_precision": 0.7224615384615385,
    "eval_f1": 0.6842156386595435,
    "eval_mcc": 0.4022231084568901,
    "eval_acc": 0.7000922509225093,
    "eval_threshold": 0.5
}