{
    "eval_recall": 0.6981549815498155,
    "eval_precision": 0.7118133935289691,
    "eval_f1": 0.7049180327868851,
    "eval_mcc": 0.415574666558976,
    "eval_acc": 0.7077490774907749,
    "eval_threshold": 0.5
}