{
    "eval_recall": 0.2945347498724529,
    "eval_precision": 0.3978669694735595,
    "eval_f1": 0.31629910988927384,
    "eval_mcc": 0.6385080979403702,
    "eval_acc": 0.6676841488607282
}