{
    "eval_recall": 0.9528166772756206,
    "eval_precision": 0.934014507448717,
    "eval_f1": 0.9433219110638466,
    "eval_mcc": 0.885784088049446,
    "eval_acc": 0.9428014945544161,
    "eval_threshold": 0.5
}