{
    "eval_recall": 0.6442682609825838,
    "eval_precision": 0.6411848402535247,
    "eval_f1": 0.6427228525121556,
    "eval_mcc": 0.283730860720469,
    "eval_acc": 0.6418637899662074,
    "eval_threshold": 0.5
}