{
    "eval_recall": 0.9848110644603606,
    "eval_precision": 0.9568660387545743,
    "eval_f1": 0.9706374562604594,
    "eval_mcc": 0.9408056079479631,
    "eval_acc": 0.9702022541299985,
    "eval_threshold": 0.5
}