{
    "eval_recall": 0.9235926805419752,
    "eval_precision": 0.8933927847588163,
    "eval_f1": 0.9082417582417582,
    "eval_mcc": 0.8139674548765965,
    "eval_acc": 0.9067494939624485,
    "eval_threshold": 0.5
}