{
    "eval_recall": 0.9790869676103034,
    "eval_precision": 0.7730567861457914,
    "eval_f1": 0.8639585912006301,
    "eval_mcc": 0.7176156257976849,
    "eval_acc": 0.8458301453710788,
    "eval_threshold": 0.5
}