{
    "eval_recall": 0.9507288437438164,
    "eval_precision": 0.9243298704629986,
    "eval_f1": 0.9373435213786376,
    "eval_mcc": 0.8732537868358523,
    "eval_acc": 0.9364487830618033,
    "eval_threshold": 0.5
}