{
    "eval_recall": 0.9252688923033944,
    "eval_precision": 0.8819065370789508,
    "eval_f1": 0.9030674846625767,
    "eval_mcc": 0.8024690562627307,
    "eval_acc": 0.9007468416276959,
    "eval_threshold": 0.5
}