{
    "eval_recall": 0.8065489801518338,
    "eval_precision": 0.8286815148952166,
    "eval_f1": 0.8174654676925929,
    "eval_mcc": 0.6400344084141402,
    "eval_acc": 0.8199030458245679,
    "eval_threshold": 0.5
}