{
    "eval_recall": 0.6371198336366,
    "eval_precision": 0.6359626362221069,
    "eval_f1": 0.6365407089988313,
    "eval_mcc": 0.27242051856991245,
    "eval_acc": 0.6362100337925657,
    "eval_threshold": 0.5
}