{
    "eval_recall": 0.9607243050242286,
    "eval_precision": 0.7818596928185969,
    "eval_f1": 0.8621123698363656,
    "eval_mcc": 0.7115500841720542,
    "eval_acc": 0.8463402193318031,
    "eval_threshold": 0.5
}