{
    "eval_recall": 0.661070110701107,
    "eval_precision": 0.7313737497448459,
    "eval_f1": 0.6944471363504217,
    "eval_mcc": 0.4202115876292616,
    "eval_acc": 0.7091328413284133,
    "eval_threshold": 0.5
}