{
    "eval_recall": 0.9625095638867636,
    "eval_precision": 0.7800744109136006,
    "eval_f1": 0.8617422080146135,
    "eval_mcc": 0.7108637932875016,
    "eval_acc": 0.8455751083907167,
    "eval_threshold": 0.5
}