{
    "eval_recall": 0.9851197826623858,
    "eval_precision": 0.9514013118664282,
    "eval_f1": 0.9679669962992173,
    "eval_mcc": 0.9353720063413422,
    "eval_acc": 0.9673923112552107,
    "eval_threshold": 0.5
}