{
    "eval_recall": 0.3042221815323553,
    "eval_precision": 0.42595191879198113,
    "eval_f1": 0.3314009278669454,
    "eval_mcc": 0.6416061480608181,
    "eval_acc": 0.6707674282366726
}