{
    "eval_recall": 0.9457601632565383,
    "eval_precision": 0.9562360862246837,
    "eval_f1": 0.9509692747988553,
    "eval_mcc": 0.9025298620101201,
    "eval_acc": 0.9512378497395414,
    "eval_threshold": 0.5
}