{
    "eval_recall": 0.9719459321601632,
    "eval_precision": 0.787396694214876,
    "eval_f1": 0.8699920100445154,
    "eval_mcc": 0.7298424183115231,
    "eval_acc": 0.8547564396837541,
    "eval_threshold": 0.5
}