{
    "eval_recall": 0.7892618677398702,
    "eval_precision": 0.8241642788920726,
    "eval_f1": 0.8063355604354531,
    "eval_mcc": 0.6214300818545875,
    "eval_acc": 0.8104362937894448,
    "eval_threshold": 0.5
}