{
    "eval_recall": 0.3270715684980068,
    "eval_precision": 0.449479326397009,
    "eval_f1": 0.3477155296686917,
    "eval_mcc": 0.6084202160428834,
    "eval_acc": 0.6323296354992076
}