{
    "eval_recall": 0.9566978628300042,
    "eval_precision": 0.9188355245505768,
    "eval_f1": 0.9373845206323137,
    "eval_mcc": 0.873012932190839,
    "eval_acc": 0.9361345710895512,
    "eval_threshold": 0.5
}