{
    "eval_recall": 0.7723102585487907,
    "eval_precision": 0.8337719905804128,
    "eval_f1": 0.8018651124063281,
    "eval_mcc": 0.6200226709385509,
    "eval_acc": 0.8091678963238597,
    "eval_threshold": 0.5
}