{
    "eval_recall": 0.7935424354243542,
    "eval_precision": 0.68585552543454,
    "eval_f1": 0.7357796595671884,
    "eval_mcc": 0.43547506645402245,
    "eval_acc": 0.7150369003690037,
    "eval_threshold": 0.5
}