{
    "eval_recall": 0.976122947035156,
    "eval_precision": 0.9348704990524321,
    "eval_f1": 0.9550514665548062,
    "eval_mcc": 0.9090049270215307,
    "eval_acc": 0.9540597585911219,
    "eval_threshold": 0.5
}