{
    "eval_recall": 0.9744456675577922,
    "eval_precision": 0.9289408590060715,
    "eval_f1": 0.9511493150159254,
    "eval_mcc": 0.9014758252155446,
    "eval_acc": 0.9501917207919243,
    "eval_threshold": 0.5
}