{
    "eval_recall": 0.7904022582921666,
    "eval_precision": 0.8243008162719122,
    "eval_f1": 0.806995709560148,
    "eval_mcc": 0.6224550961132357,
    "eval_acc": 0.8109642650927055,
    "eval_threshold": 0.5
}