{
    "eval_recall": 0.9617189429488763,
    "eval_precision": 0.9311890954743828,
    "eval_f1": 0.9462078182425661,
    "eval_mcc": 0.8911068711522493,
    "eval_acc": 0.945314188667593,
    "eval_threshold": 0.5
}