{
    "eval_recall": 0.9106777795250826,
    "eval_precision": 0.8539408685394086,
    "eval_f1": 0.8813972071077966,
    "eval_mcc": 0.757813184879345,
    "eval_acc": 0.8780421003208388,
    "eval_threshold": 0.5
}