{
    "eval_recall": 0.9587931275317781,
    "eval_precision": 0.8990176817288802,
    "eval_f1": 0.9279437609841829,
    "eval_mcc": 0.8530814596853719,
    "eval_acc": 0.9255950303622531,
    "eval_threshold": 0.5
}