{
    "eval_recall": 0.9282119830161976,
    "eval_precision": 0.8531473585314736,
    "eval_f1": 0.889098098286575,
    "eval_mcc": 0.7726002174930283,
    "eval_acc": 0.8847718913843023,
    "eval_threshold": 0.5
}