{
    "eval_recall": 0.9815975199525098,
    "eval_precision": 0.9035274118147046,
    "eval_f1": 0.9409458775923117,
    "eval_mcc": 0.8800806177632805,
    "eval_acc": 0.9383945650023086,
    "eval_threshold": 0.5
}