{
    "eval_recall": 0.7935607792920516,
    "eval_precision": 0.8572275466851101,
    "eval_f1": 0.8241664291821031,
    "eval_mcc": 0.6632238548675665,
    "eval_acc": 0.8306960578066405,
    "eval_threshold": 0.5
}