{
    "eval_recall": 0.2766501643395324,
    "eval_precision": 0.37138035912891665,
    "eval_f1": 0.2907507005017914,
    "eval_mcc": 0.8039943826533485,
    "eval_acc": 0.8131107800308073
}