{
    "eval_recall": 0.2871049484142753,
    "eval_precision": 0.36811547923443033,
    "eval_f1": 0.29858345744898657,
    "eval_mcc": 0.6925071124815669,
    "eval_acc": 0.7094472755782046
}