{
    "eval_recall": 0.3650441715287463,
    "eval_precision": 0.4525346549905116,
    "eval_f1": 0.3808824301282358,
    "eval_mcc": 0.8273032578944887,
    "eval_acc": 0.8355488521908073
}