{
    "eval_recall": 0.16882445686543426,
    "eval_precision": 0.19171443349426953,
    "eval_f1": 0.16450570763806327,
    "eval_mcc": 0.564133088443433,
    "eval_acc": 0.5873745377707343
}