{
    "eval_recall": 0.7129151291512915,
    "eval_precision": 0.7019073569482289,
    "eval_f1": 0.7073684210526315,
    "eval_mcc": 0.4101980478061296,
    "eval_acc": 0.7050738007380074,
    "eval_threshold": 0.5
}