{
    "eval_recall": 0.9323289701160781,
    "eval_precision": 0.9090909090909091,
    "eval_f1": 0.9205633115893435,
    "eval_mcc": 0.8393347778081324,
    "eval_acc": 0.9195306469044311,
    "eval_threshold": 0.5
}