{
    "eval_recall": 0.9727710545813781,
    "eval_precision": 0.9453378135125405,
    "eval_f1": 0.9588582557361086,
    "eval_mcc": 0.9168903513780221,
    "eval_acc": 0.9582522772888683,
    "eval_threshold": 0.5
}