{
    "eval_recall": 0.9912574916148897,
    "eval_precision": 0.9626228107646305,
    "eval_f1": 0.9767303264255722,
    "eval_mcc": 0.9531902721879361,
    "eval_acc": 0.9763842304943091,
    "eval_threshold": 0.5
}