{
    "eval_recall": 0.9694134297845574,
    "eval_precision": 0.9261568509615384,
    "eval_f1": 0.9472915866308106,
    "eval_mcc": 0.8936232571159721,
    "eval_acc": 0.9463181782612098,
    "eval_threshold": 0.5
}