{
    "eval_recall": 0.8158785328821001,
    "eval_precision": 0.8502525974644933,
    "eval_f1": 0.8327109783420462,
    "eval_mcc": 0.6727351210393546,
    "eval_acc": 0.8360925637976767,
    "eval_threshold": 0.5
}