{
    "eval_recall": 0.9673063255152807,
    "eval_precision": 0.8411619283065513,
    "eval_f1": 0.8998347107438017,
    "eval_mcc": 0.7936229621831783,
    "eval_acc": 0.8923240938166311,
    "eval_threshold": 0.5
}