{
    "eval_recall": 0.9244772772244575,
    "eval_precision": 0.8833984621202572,
    "eval_f1": 0.9034711702710542,
    "eval_mcc": 0.8033226594975282,
    "eval_acc": 0.901226832003166,
    "eval_threshold": 0.5
}