{
    "eval_recall": 0.985551988145221,
    "eval_precision": 0.9598893499308437,
    "eval_f1": 0.9725514089870526,
    "eval_mcc": 0.9446944563855757,
    "eval_acc": 0.9721784776902888,
    "eval_threshold": 0.5
}