{
    "eval_recall": 0.29722052006722277,
    "eval_precision": 0.4198931349442347,
    "eval_f1": 0.3185617255680033,
    "eval_mcc": 0.6292075047410354,
    "eval_acc": 0.6592203512024306
}