{
    "eval_recall": 0.9169680767416261,
    "eval_precision": 0.8577522800823771,
    "eval_f1": 0.8863722733145855,
    "eval_mcc": 0.7679072835750342,
    "eval_acc": 0.8830111902339777,
    "eval_threshold": 0.5
}