{
    "eval_recall": 0.9912574916148897,
    "eval_precision": 0.953156392090515,
    "eval_f1": 0.9718336432980242,
    "eval_mcc": 0.9432953177540071,
    "eval_acc": 0.9712706878539616,
    "eval_threshold": 0.5
}