{
    "eval_recall": 0.9897179303898389,
    "eval_precision": 0.9615384615384616,
    "eval_f1": 0.9754247161785028,
    "eval_mcc": 0.9505374994910338,
    "eval_acc": 0.9750646065871227,
    "eval_threshold": 0.5
}