{
    "eval_recall": 0.2521949128179099,
    "eval_precision": 0.39101732099066083,
    "eval_f1": 0.27770970524793637,
    "eval_mcc": 0.7895347305250817,
    "eval_acc": 0.8072261557684298
}