{
    "eval_recall": 0.9219446212603437,
    "eval_precision": 0.9101406016809362,
    "eval_f1": 0.9160045851614688,
    "eval_mcc": 0.8311392182724417,
    "eval_acc": 0.9155338262183004,
    "eval_threshold": 0.5
}