{
    "eval_recall": 0.7157246423301469,
    "eval_precision": 0.8424073095220116,
    "eval_f1": 0.7739160596600764,
    "eval_mcc": 0.5885237005608305,
    "eval_acc": 0.7909155065118368,
    "eval_threshold": 0.5
}