{
    "eval_recall": 0.7321033210332103,
    "eval_precision": 0.729143697170158,
    "eval_f1": 0.7306205118762659,
    "eval_mcc": 0.4601513921752013,
    "eval_acc": 0.7300738007380074,
    "eval_threshold": 0.5
}