{
    "eval_recall": 0.9364436373795223,
    "eval_precision": 0.9112409949707762,
    "eval_f1": 0.9236704326260678,
    "eval_mcc": 0.84565270951777,
    "eval_acc": 0.922663502477839,
    "eval_threshold": 0.5
}