{
    "eval_recall": 0.956532477154853,
    "eval_precision": 0.931345437056631,
    "eval_f1": 0.9437709412123058,
    "eval_mcc": 0.8863202454636897,
    "eval_acc": 0.9429983016828779,
    "eval_threshold": 0.5
}