{
    "eval_recall": 0.7301747004481844,
    "eval_precision": 0.8751370313527735,
    "eval_f1": 0.7961106955871354,
    "eval_mcc": 0.6347637037521342,
    "eval_acc": 0.8129973474801061,
    "eval_threshold": 0.5
}