{
    "eval_recall": 0.9673063255152807,
    "eval_precision": 0.8339460784313726,
    "eval_f1": 0.8956893715037842,
    "eval_mcc": 0.7847976292869022,
    "eval_acc": 0.8873489694385217,
    "eval_threshold": 0.5
}