{
    "eval_recall": 0.744649446494465,
    "eval_precision": 0.7299692530294809,
    "eval_f1": 0.7372362772855968,
    "eval_mcc": 0.4692830999776929,
    "eval_acc": 0.7345940959409594,
    "eval_threshold": 0.5
}