{
    "eval_recall": 0.3519692023626722,
    "eval_precision": 0.4799375838071235,
    "eval_f1": 0.3799813329215412,
    "eval_mcc": 0.87523444562601,
    "eval_acc": 0.8850276998345205
}