{
    "eval_recall": 0.9246996239567091,
    "eval_precision": 0.8704135370802037,
    "eval_f1": 0.8967357466868273,
    "eval_mcc": 0.7885662640201551,
    "eval_acc": 0.8935155461799504,
    "eval_threshold": 0.5
}