{
    "eval_recall": 0.9326938197829847,
    "eval_precision": 0.9,
    "eval_f1": 0.9160552938450846,
    "eval_mcc": 0.8304453500431699,
    "eval_acc": 0.9149385710931998,
    "eval_threshold": 0.5
}