{
    "eval_recall": 0.9217644283692404,
    "eval_precision": 0.8598987750311744,
    "eval_f1": 0.8897575044590339,
    "eval_mcc": 0.7747336565805968,
    "eval_acc": 0.88633695907348,
    "eval_threshold": 0.5
}