{
    "eval_recall": 0.9748721614339914,
    "eval_precision": 0.9383434771103466,
    "eval_f1": 0.9562591014508387,
    "eval_mcc": 0.9115063550348615,
    "eval_acc": 0.9554077088029912,
    "eval_threshold": 0.5
}