{
    "eval_recall": 0.576656975765819,
    "eval_precision": 0.6747628582151923,
    "eval_f1": 0.5972395999899806,
    "eval_mcc": 0.918284138894764,
    "eval_acc": 0.9229265715795034
}