{
    "eval_recall": 0.9528181586330018,
    "eval_precision": 0.7837214180826516,
    "eval_f1": 0.8600368324125229,
    "eval_mcc": 0.7065162146545564,
    "eval_acc": 0.8449375159398113,
    "eval_threshold": 0.5
}