{
    "eval_recall": 0.6402129980111632,
    "eval_precision": 0.8858411007545495,
    "eval_f1": 0.7432593475346342,
    "eval_mcc": 0.5804694372474847,
    "eval_acc": 0.7788541733495862,
    "eval_threshold": 0.5
}