{
    "eval_recall": 0.35674647061989606,
    "eval_precision": 0.4770000475699804,
    "eval_f1": 0.3776319370140563,
    "eval_mcc": 0.8277230773910697,
    "eval_acc": 0.8357789253029296
}