{
    "eval_recall": 0.8881134934116891,
    "eval_precision": 0.8434270765206017,
    "eval_f1": 0.8651936666964846,
    "eval_mcc": 0.7244283292010186,
    "eval_acc": 0.8617018835891436,
    "eval_threshold": 0.5
}