{
    "eval_recall": 0.97684849284348,
    "eval_precision": 0.9352109118464259,
    "eval_f1": 0.9555763460980095,
    "eval_mcc": 0.9100772906635556,
    "eval_acc": 0.9545874282699031,
    "eval_threshold": 0.5
}