{
    "eval_recall": 0.9786780383795309,
    "eval_precision": 0.864406779661017,
    "eval_f1": 0.918,
    "eval_mcc": 0.8324659904182363,
    "eval_acc": 0.9125799573560768,
    "eval_threshold": 0.5
}