{
    "eval_recall": 0.8416974169741698,
    "eval_precision": 0.6490254659268744,
    "eval_f1": 0.7329102739175838,
    "eval_mcc": 0.4047788211509783,
    "eval_acc": 0.6932656826568265,
    "eval_threshold": 0.5
}