{
    "eval_recall": 0.7774627275221806,
    "eval_precision": 0.8767405879319237,
    "eval_f1": 0.824122551871243,
    "eval_mcc": 0.6724858991108662,
    "eval_acc": 0.8340803073264429,
    "eval_threshold": 0.5
}