{
    "eval_recall": 0.2498888454235544,
    "eval_precision": 0.3622663122683653,
    "eval_f1": 0.2698290448094892,
    "eval_mcc": 0.6478941300854412,
    "eval_acc": 0.6775718450645565
}