{
    "eval_recall": 0.6555382786060551,
    "eval_precision": 0.9282476363165393,
    "eval_f1": 0.7684142811193311,
    "eval_mcc": 0.6327909663262904,
    "eval_acc": 0.8024330010061282,
    "eval_threshold": 0.5
}