{
    "eval_recall": 0.2986419038362213,
    "eval_precision": 0.44788602912465436,
    "eval_f1": 0.32490284518059087,
    "eval_mcc": 0.6279741960738227,
    "eval_acc": 0.6465310087427782
}