{
    "eval_recall": 0.6410470263681273,
    "eval_precision": 0.8784948127307896,
    "eval_f1": 0.7412187975223471,
    "eval_mcc": 0.5737384348969394,
    "eval_acc": 0.7761916982100469,
    "eval_threshold": 0.5
}