{
    "eval_recall": 0.9177169251072254,
    "eval_precision": 0.8957877109364937,
    "eval_f1": 0.9066197320817444,
    "eval_mcc": 0.81123482376656,
    "eval_acc": 0.9054954479482782,
    "eval_threshold": 0.5
}