{
    "eval_recall": 0.9762815608263198,
    "eval_precision": 0.8345323741007195,
    "eval_f1": 0.8998589562764456,
    "eval_mcc": 0.7942496313349112,
    "eval_acc": 0.891354246365723,
    "eval_threshold": 0.5
}