{
    "eval_recall": 0.7003690036900369,
    "eval_precision": 0.7255351681957186,
    "eval_f1": 0.7127300037551633,
    "eval_mcc": 0.4356865296507094,
    "eval_acc": 0.7177121771217713,
    "eval_threshold": 0.5
}