{
    "eval_recall": 0.7962132991859507,
    "eval_precision": 0.8735574510787757,
    "eval_f1": 0.8330940759881328,
    "eval_mcc": 0.6836507946960653,
    "eval_acc": 0.8404829415530961,
    "eval_threshold": 0.5
}