{
    "eval_recall": 0.6772951818823378,
    "eval_precision": 0.8673896968203105,
    "eval_f1": 0.7606455796527127,
    "eval_mcc": 0.5880429063270196,
    "eval_acc": 0.7868736767819337,
    "eval_threshold": 0.5
}