{
    "eval_recall": 0.9568328353514703,
    "eval_precision": 0.9153065062053404,
    "eval_f1": 0.9356091185176643,
    "eval_mcc": 0.8698376288865911,
    "eval_acc": 0.9344627905156898,
    "eval_threshold": 0.5
}