{
    "eval_recall": 0.9173356575989724,
    "eval_precision": 0.8554134405612354,
    "eval_f1": 0.8852930759695413,
    "eval_mcc": 0.7642301191505668,
    "eval_acc": 0.8811140680921354,
    "eval_threshold": 0.5
}