{
    "eval_recall": 0.9852078551389951,
    "eval_precision": 0.7735282338806568,
    "eval_f1": 0.8666292765002804,
    "eval_mcc": 0.724413330515348,
    "eval_acc": 0.8483805151747004,
    "eval_threshold": 0.5
}