{
    "eval_recall": 0.2592693746510579,
    "eval_precision": 0.38652134260623877,
    "eval_f1": 0.2810364034448072,
    "eval_mcc": 0.6255184956482143,
    "eval_acc": 0.6462563700509604
}