{
    "eval_recall": 0.6843173431734317,
    "eval_precision": 0.7470292044310172,
    "eval_f1": 0.7142994703899855,
    "eval_mcc": 0.45418625421896985,
    "eval_acc": 0.7262915129151292,
    "eval_threshold": 0.5
}