{
    "eval_recall": 0.9189367455972561,
    "eval_precision": 0.8844591163026917,
    "eval_f1": 0.9013683563549315,
    "eval_mcc": 0.7994995703738016,
    "eval_acc": 0.8994459468372799,
    "eval_threshold": 0.5
}