{
    "eval_recall": 0.9272244726917167,
    "eval_precision": 0.879205298013245,
    "eval_f1": 0.9025766537494051,
    "eval_mcc": 0.8011591257891335,
    "eval_acc": 0.8999790605151113,
    "eval_threshold": 0.5
}