{
    "eval_recall": 0.9737311910226983,
    "eval_precision": 0.8102716468590832,
    "eval_f1": 0.8845129155565852,
    "eval_mcc": 0.761381918084424,
    "eval_acc": 0.872864065289467,
    "eval_threshold": 0.5
}