{
    "eval_recall": 0.9489479585779302,
    "eval_precision": 0.9118392698694384,
    "eval_f1": 0.9300235948156049,
    "eval_mcc": 0.857910125987344,
    "eval_acc": 0.9285996965899347,
    "eval_threshold": 0.5
}