{
    "eval_recall": 0.9846258335391455,
    "eval_precision": 0.9564565465123254,
    "eval_f1": 0.970336791505674,
    "eval_mcc": 0.9401945863395199,
    "eval_acc": 0.9698934691987031,
    "eval_threshold": 0.5
}