{
    "eval_recall": 0.9305179808644012,
    "eval_precision": 0.9138154484188699,
    "eval_f1": 0.9220910844476412,
    "eval_mcc": 0.8429306058465598,
    "eval_acc": 0.9213946430927563,
    "eval_threshold": 0.5
}