{
    "eval_recall": 0.9708583053829658,
    "eval_precision": 0.9151549704571369,
    "eval_f1": 0.9421840399135561,
    "eval_mcc": 0.8824852220086307,
    "eval_acc": 0.9404244790234783,
    "eval_threshold": 0.5
}