{
    "eval_recall": 0.8350864355620599,
    "eval_precision": 0.8257212625486118,
    "eval_f1": 0.8303774442928604,
    "eval_mcc": 0.6588734409170188,
    "eval_acc": 0.8294155309613098,
    "eval_threshold": 0.5
}