{
    "eval_recall": 0.9694385216773277,
    "eval_precision": 0.8632911392405064,
    "eval_f1": 0.9132909273518581,
    "eval_mcc": 0.8221589043094615,
    "eval_acc": 0.9079601990049752,
    "eval_threshold": 0.5
}