{
    "eval_recall": 0.6962853660101367,
    "eval_precision": 0.864161159327972,
    "eval_f1": 0.7711930647338875,
    "eval_mcc": 0.5982319840847242,
    "eval_acc": 0.7934175915827292,
    "eval_threshold": 0.5
}