{
    "eval_recall": 0.7134130491291916,
    "eval_precision": 0.6501243633779462,
    "eval_f1": 0.6802999318336741,
    "eval_mcc": 0.3310498870151681,
    "eval_acc": 0.6647387574733559,
    "eval_threshold": 0.5
}