{
    "eval_recall": 0.9558786023973476,
    "eval_precision": 0.7788861180382377,
    "eval_f1": 0.8583533722661171,
    "eval_mcc": 0.7029078409585029,
    "eval_acc": 0.8422596276460087,
    "eval_threshold": 0.5
}