{
    "eval_recall": 0.6349583828775267,
    "eval_precision": 0.9325631380977969,
    "eval_f1": 0.7555096043968004,
    "eval_mcc": 0.6215412251578881,
    "eval_acc": 0.7945211744260495,
    "eval_threshold": 0.5
}