{
    "eval_recall": 0.9533218078537911,
    "eval_precision": 0.9216809933142311,
    "eval_f1": 0.9372344300109263,
    "eval_mcc": 0.8728002832099799,
    "eval_acc": 0.936143276208121,
    "eval_threshold": 0.5
}