{
    "eval_recall": 0.23832321230760492,
    "eval_precision": 0.3356885102666252,
    "eval_f1": 0.24853264839732384,
    "eval_mcc": 0.7298742200648582,
    "eval_acc": 0.7456154252509245
}