{
    "eval_recall": 0.3230587323676275,
    "eval_precision": 0.45519231033990526,
    "eval_f1": 0.3481739882813878,
    "eval_mcc": 0.638228945233837,
    "eval_acc": 0.656679789355284
}