{
    "eval_recall": 0.9279445727482679,
    "eval_precision": 0.9135970895861756,
    "eval_f1": 0.9207149404216316,
    "eval_mcc": 0.840320465587902,
    "eval_acc": 0.9201081936930994,
    "eval_threshold": 0.5
}