{
    "eval_recall": 0.7927375834629105,
    "eval_precision": 0.8765169902912622,
    "eval_f1": 0.8325248547139907,
    "eval_mcc": 0.6841898839111903,
    "eval_acc": 0.840528674654715,
    "eval_threshold": 0.5
}