{
    "eval_recall": 0.9744963019637848,
    "eval_precision": 0.8240241535475523,
    "eval_f1": 0.8929656461790139,
    "eval_mcc": 0.7794924471340898,
    "eval_acc": 0.8831930629941341,
    "eval_threshold": 0.5
}