{
    "eval_recall": 0.9894389438943895,
    "eval_precision": 0.9510415565189807,
    "eval_f1": 0.9698603547743571,
    "eval_mcc": 0.9392696969481393,
    "eval_acc": 0.9692519251925192,
    "eval_threshold": 0.5
}