{
    "eval_recall": 0.9563422911125379,
    "eval_precision": 0.9085522589639698,
    "eval_f1": 0.9318349382247145,
    "eval_mcc": 0.8612766878160505,
    "eval_acc": 0.9300421902228745,
    "eval_threshold": 0.5
}