{
    "eval_recall": 0.300453312176277,
    "eval_precision": 0.45465541818768823,
    "eval_f1": 0.32694644315746607,
    "eval_mcc": 0.6309592915472845,
    "eval_acc": 0.6493941408047447
}