{
    "eval_recall": 0.951008962445703,
    "eval_precision": 0.9089284775868411,
    "eval_f1": 0.9294926913155632,
    "eval_mcc": 0.8566396701955745,
    "eval_acc": 0.927860559740474,
    "eval_threshold": 0.5
}