{
    "eval_recall": 0.2984303366799107,
    "eval_precision": 0.3924484465114276,
    "eval_f1": 0.3226873385095264,
    "eval_mcc": 0.6404134116140167,
    "eval_acc": 0.6698218892280496
}