{
    "eval_recall": 0.7783409251299159,
    "eval_precision": 0.8288583726173396,
    "eval_f1": 0.8028057173107463,
    "eval_mcc": 0.618780433230924,
    "eval_acc": 0.8088150381728363,
    "eval_threshold": 0.5
}