{
    "eval_recall": 0.9710441263768881,
    "eval_precision": 0.8941933916423712,
    "eval_f1": 0.9310355731225296,
    "eval_mcc": 0.8593235922253023,
    "eval_acc": 0.9280720269111536,
    "eval_threshold": 0.5
}