{
    "eval_recall": 0.929042904290429,
    "eval_precision": 0.9262407458184809,
    "eval_f1": 0.9276397089111631,
    "eval_mcc": 0.8550644190290378,
    "eval_acc": 0.9275302530253026,
    "eval_threshold": 0.5
}