{
    "eval_recall": 0.9907384539392443,
    "eval_precision": 0.9675007536930962,
    "eval_f1": 0.9789817272200361,
    "eval_mcc": 0.9577256209668119,
    "eval_acc": 0.9787247182337502,
    "eval_threshold": 0.5
}