{
    "eval_recall": 0.9911441144114411,
    "eval_precision": 0.966010829357208,
    "eval_f1": 0.9784160942632966,
    "eval_mcc": 0.9565944487252209,
    "eval_acc": 0.9781353135313532,
    "eval_threshold": 0.5
}