{
    "eval_recall": 0.9803365225998021,
    "eval_precision": 0.918516228748068,
    "eval_f1": 0.9484200446856048,
    "eval_mcc": 0.8954205704702427,
    "eval_acc": 0.9466948146193429,
    "eval_threshold": 0.5
}