{
    "eval_recall": 0.9653087205601528,
    "eval_precision": 0.9440510466111587,
    "eval_f1": 0.9545615484480113,
    "eval_mcc": 0.9084119541858017,
    "eval_acc": 0.9540901502504173,
    "eval_threshold": 0.5
}