{
    "eval_recall": 0.946442234123948,
    "eval_precision": 0.7686412593206297,
    "eval_f1": 0.8483255229169049,
    "eval_mcc": 0.680009088251513,
    "eval_acc": 0.8307829635297118,
    "eval_threshold": 0.5
}