{
    "eval_recall": 0.8798862828713575,
    "eval_precision": 0.8144736842105263,
    "eval_f1": 0.8459173214895799,
    "eval_mcc": 0.6816618048833915,
    "eval_acc": 0.839729921819474,
    "eval_threshold": 0.5
}