{
    "eval_recall": 0.9890539053905391,
    "eval_precision": 0.9585265739111893,
    "eval_f1": 0.9735509894691248,
    "eval_mcc": 0.9467398901676151,
    "eval_acc": 0.9731298129812981,
    "eval_threshold": 0.5
}