{
    "eval_recall": 0.9282369236857727,
    "eval_precision": 0.8996931338703491,
    "eval_f1": 0.9137421679706521,
    "eval_mcc": 0.8251630955882744,
    "eval_acc": 0.9123738539674164,
    "eval_threshold": 0.5
}