{
    "eval_recall": 0.23397982041560023,
    "eval_precision": 0.3338128637217819,
    "eval_f1": 0.2500227938605933,
    "eval_mcc": 0.623500970621895,
    "eval_acc": 0.6537058164513377
}