{
    "eval_recall": 0.9758351101634684,
    "eval_precision": 0.8651543793320731,
    "eval_f1": 0.9171676686706747,
    "eval_mcc": 0.8305632123002586,
    "eval_acc": 0.9118692253020612,
    "eval_threshold": 0.5
}