{
    "eval_recall": 0.9655606227394244,
    "eval_precision": 0.9512006196746708,
    "eval_f1": 0.9583268300296551,
    "eval_mcc": 0.9165329196382273,
    "eval_acc": 0.9582126926989593,
    "eval_threshold": 0.5
}