{
    "eval_recall": 0.9858607063472462,
    "eval_precision": 0.9625052745795407,
    "eval_f1": 0.9740430074729298,
    "eval_mcc": 0.947723702223006,
    "eval_acc": 0.9737224023467654,
    "eval_threshold": 0.5
}