{
    "eval_recall": 0.9602142310635042,
    "eval_precision": 0.7788580885395118,
    "eval_f1": 0.8600799543118218,
    "eval_mcc": 0.7070134062265898,
    "eval_acc": 0.8437898495281816,
    "eval_threshold": 0.5
}