{
    "eval_recall": 0.6920977384975305,
    "eval_precision": 0.6435823060188542,
    "eval_f1": 0.6669589178356713,
    "eval_mcc": 0.30969325565001826,
    "eval_acc": 0.6544060306732519,
    "eval_threshold": 0.5
}