{
    "eval_recall": 0.23631366123922282,
    "eval_precision": 0.32170136301561475,
    "eval_f1": 0.24953331692261113,
    "eval_mcc": 0.6256439225016573,
    "eval_acc": 0.6574344023323615
}