{
    "eval_recall": 0.9474623820453966,
    "eval_precision": 0.7855783463734405,
    "eval_f1": 0.8589595375722542,
    "eval_mcc": 0.7039638646594938,
    "eval_acc": 0.8444274419790869,
    "eval_threshold": 0.5
}