{
    "eval_recall": 0.9621795879855323,
    "eval_precision": 0.8736969870055691,
    "eval_f1": 0.9158060170633139,
    "eval_mcc": 0.8282242513456743,
    "eval_acc": 0.9119649424837625,
    "eval_threshold": 0.5
}