{
    "eval_recall": 0.9654979745774549,
    "eval_precision": 0.933675536944482,
    "eval_f1": 0.9493201483312731,
    "eval_mcc": 0.8975006628779167,
    "eval_acc": 0.9484888671738675,
    "eval_threshold": 0.5
}