{
    "eval_recall": 0.2540706185183178,
    "eval_precision": 0.34840762715666285,
    "eval_f1": 0.2744732298588949,
    "eval_mcc": 0.6371434523579221,
    "eval_acc": 0.6664405455685404
}