{
    "eval_recall": 0.9317697228144989,
    "eval_precision": 0.8234924623115578,
    "eval_f1": 0.8742914304768256,
    "eval_mcc": 0.7384652951309041,
    "eval_acc": 0.8660270078180526,
    "eval_threshold": 0.5
}