{
    "eval_recall": 0.5772759350741002,
    "eval_precision": 0.9405247203930177,
    "eval_f1": 0.7154329331319076,
    "eval_mcc": 0.5862609006915073,
    "eval_acc": 0.7703855777250272,
    "eval_threshold": 0.5
}