{
    "eval_recall": 0.967998112910835,
    "eval_precision": 0.9480209456337594,
    "eval_f1": 0.9579053843759726,
    "eval_mcc": 0.9155377117333303,
    "eval_acc": 0.9576649190077471,
    "eval_threshold": 0.5
}