{
    "eval_recall": 0.7886216043172047,
    "eval_precision": 0.8519762845849802,
    "eval_f1": 0.8190756661758419,
    "eval_mcc": 0.6534143323311742,
    "eval_acc": 0.8258026159334126,
    "eval_threshold": 0.5
}