{
    "eval_recall": 0.9701492537313433,
    "eval_precision": 0.8415536374845869,
    "eval_f1": 0.9012875536480686,
    "eval_mcc": 0.7968493225450303,
    "eval_acc": 0.8937455579246624,
    "eval_threshold": 0.5
}