{
    "eval_recall": 0.8076465745906888,
    "eval_precision": 0.8239246057665391,
    "eval_f1": 0.8157043879907622,
    "eval_mcc": 0.6351738239868692,
    "eval_acc": 0.8175249245403823,
    "eval_threshold": 0.5
}