{
    "eval_recall": 0.9372073082250512,
    "eval_precision": 0.9149388280746942,
    "eval_f1": 0.9259392004170605,
    "eval_mcc": 0.8503277464579462,
    "eval_acc": 0.9250379262581624,
    "eval_threshold": 0.5
}