{
    "eval_recall": 0.6401091759812841,
    "eval_precision": 0.636716224951519,
    "eval_f1": 0.6384081923650269,
    "eval_mcc": 0.2748934273247993,
    "eval_acc": 0.6374447621523265,
    "eval_threshold": 0.5
}