{
    "eval_recall": 0.9667415936510849,
    "eval_precision": 0.9169785049168915,
    "eval_f1": 0.9412027422344298,
    "eval_mcc": 0.8804835506669192,
    "eval_acc": 0.9395934660915849,
    "eval_threshold": 0.5
}