{
    "eval_recall": 0.3736375202933585,
    "eval_precision": 0.47080887575813457,
    "eval_f1": 0.3931059769132542,
    "eval_mcc": 0.8339831697929694,
    "eval_acc": 0.8420675903676057
}