{
    "eval_recall": 0.7396678966789668,
    "eval_precision": 0.675598247387934,
    "eval_f1": 0.7061828430509072,
    "eval_mcc": 0.38624259983330467,
    "eval_acc": 0.692250922509225,
    "eval_threshold": 0.5
}