{
    "eval_recall": 0.9856076472799528,
    "eval_precision": 0.9900204984356457,
    "eval_f1": 0.9878091444872036,
    "eval_mcc": 0.9756823200662083,
    "eval_acc": 0.9878363138392138,
    "eval_threshold": 0.5
}