{
    "eval_recall": 0.9696505993369039,
    "eval_precision": 0.7775051124744377,
    "eval_f1": 0.8630121439110203,
    "eval_mcc": 0.7143272818675913,
    "eval_acc": 0.8460851823514409,
    "eval_threshold": 0.5
}