{
    "eval_recall": 0.7564335846113855,
    "eval_precision": 0.6169175323298707,
    "eval_f1": 0.6795889771134984,
    "eval_mcc": 0.29434262386137205,
    "eval_acc": 0.6433584611385496,
    "eval_threshold": 0.5
}