{
    "eval_recall": 0.975006375924509,
    "eval_precision": 0.7997907949790795,
    "eval_f1": 0.8787495690150556,
    "eval_mcc": 0.7491342350754056,
    "eval_acc": 0.8654679928589646,
    "eval_threshold": 0.5
}