{
    "eval_recall": 0.976536597806682,
    "eval_precision": 0.8126061120543294,
    "eval_f1": 0.8870612764971622,
    "eval_mcc": 0.7671105098073574,
    "eval_acc": 0.8756694720734507,
    "eval_threshold": 0.5
}