{
    "eval_recall": 0.9875946512002578,
    "eval_precision": 0.9887096774193549,
    "eval_f1": 0.988151849762231,
    "eval_mcc": 0.9763176822426048,
    "eval_acc": 0.9881585306911551,
    "eval_threshold": 0.5
}