{
    "eval_recall": 0.6954769950610865,
    "eval_precision": 0.6542364592248441,
    "eval_f1": 0.6742266742266741,
    "eval_mcc": 0.3285713057486556,
    "eval_acc": 0.6639589290356122,
    "eval_threshold": 0.5
}