{
    "eval_recall": 0.9458147676639084,
    "eval_precision": 0.9085142158361358,
    "eval_f1": 0.9267893341649773,
    "eval_mcc": 0.8514253934887724,
    "eval_acc": 0.9253517767708085,
    "eval_threshold": 0.5
}