{
    "eval_recall": 0.909344880569912,
    "eval_precision": 0.8332266734928965,
    "eval_f1": 0.869623296820732,
    "eval_mcc": 0.7305737066562479,
    "eval_acc": 0.8637537516577092,
    "eval_threshold": 0.5
}