{
    "eval_recall": 0.9606895440631545,
    "eval_precision": 0.965772283107488,
    "eval_f1": 0.9632242084858927,
    "eval_mcc": 0.9266547966390524,
    "eval_acc": 0.9633209816873423,
    "eval_threshold": 0.5
}