{
    "eval_recall": 0.9693951586306971,
    "eval_precision": 0.9446586964905515,
    "eval_f1": 0.9568670855171068,
    "eval_mcc": 0.9129177506091694,
    "eval_acc": 0.9563023547259416,
    "eval_threshold": 0.5
}