{
    "eval_recall": 0.6424584589722204,
    "eval_precision": 0.8859594797841281,
    "eval_f1": 0.7448121978430644,
    "eval_mcc": 0.5821819147868977,
    "eval_acc": 0.7798806697889267,
    "eval_threshold": 0.5
}