{
    "eval_recall": 0.9798679262588278,
    "eval_precision": 0.9367382726874178,
    "eval_f1": 0.9578178232024387,
    "eval_mcc": 0.9146634908597744,
    "eval_acc": 0.9568467394295148,
    "eval_threshold": 0.5
}