{
    "eval_recall": 0.7846282158208764,
    "eval_precision": 0.830955292838701,
    "eval_f1": 0.8071275367101138,
    "eval_mcc": 0.6259816270687506,
    "eval_acc": 0.8125040097517162,
    "eval_threshold": 0.5
}