{
    "eval_recall": 0.8003292783316565,
    "eval_precision": 0.8582638548307994,
    "eval_f1": 0.8282847406285497,
    "eval_mcc": 0.6696880828216412,
    "eval_acc": 0.8340803073264429,
    "eval_threshold": 0.5
}