{
    "eval_recall": 0.9602142310635042,
    "eval_precision": 0.7793417511902297,
    "eval_f1": 0.8603747714808043,
    "eval_mcc": 0.7076670717683899,
    "eval_acc": 0.8441724049987248,
    "eval_threshold": 0.5
}