{
    "eval_recall": 0.6619443722381076,
    "eval_precision": 0.6310246561764341,
    "eval_f1": 0.6461148112908341,
    "eval_mcc": 0.2752201140845424,
    "eval_acc": 0.6374447621523265,
    "eval_threshold": 0.5
}