{
    "eval_recall": 0.8400369003690037,
    "eval_precision": 0.6341225626740947,
    "eval_f1": 0.7226984126984127,
    "eval_mcc": 0.3757106604664627,
    "eval_acc": 0.6776752767527675,
    "eval_threshold": 0.5
}