{
    "eval_recall": 0.9651741293532339,
    "eval_precision": 0.863318499682136,
    "eval_f1": 0.9114093959731544,
    "eval_mcc": 0.818080382300176,
    "eval_acc": 0.906183368869936,
    "eval_threshold": 0.5
}