{
    "eval_recall": 0.8963673533574461,
    "eval_precision": 0.8704283423684813,
    "eval_f1": 0.8832074375363161,
    "eval_mcc": 0.7644302581260171,
    "eval_acc": 0.8820330229282416,
    "eval_threshold": 0.5
}