{
    "eval_recall": 0.9779038322010422,
    "eval_precision": 0.9497757847533632,
    "eval_f1": 0.9636345910110169,
    "eval_mcc": 0.9265986413088525,
    "eval_acc": 0.963096101840248,
    "eval_threshold": 0.5
}