{
    "eval_recall": 0.97601577547464,
    "eval_precision": 0.9337925587925588,
    "eval_f1": 0.9544374187183283,
    "eval_mcc": 0.907743084760895,
    "eval_acc": 0.9534073190864899,
    "eval_threshold": 0.5
}