{
    "eval_recall": 0.9631598732613715,
    "eval_precision": 0.969302275306707,
    "eval_f1": 0.966221312358582,
    "eval_mcc": 0.9326754047153978,
    "eval_acc": 0.9663283389721282,
    "eval_threshold": 0.5
}