{
    "eval_recall": 0.9053310268910206,
    "eval_precision": 0.8410518626734843,
    "eval_f1": 0.8720084822780976,
    "eval_mcc": 0.7377292320780859,
    "eval_acc": 0.8677517802644964,
    "eval_threshold": 0.5
}