{
    "eval_recall": 0.9889481497773135,
    "eval_precision": 0.9469804664876533,
    "eval_f1": 0.9675094136632598,
    "eval_mcc": 0.9344970708280529,
    "eval_acc": 0.9667894650024743,
    "eval_threshold": 0.5
}