{
    "eval_recall": 0.9741023808214658,
    "eval_precision": 0.9470758045546883,
    "eval_f1": 0.9603989916786382,
    "eval_mcc": 0.9200425905688757,
    "eval_acc": 0.9598339473250124,
    "eval_threshold": 0.5
}