{
    "eval_recall": 0.24640089478864693,
    "eval_precision": 0.36308385417977346,
    "eval_f1": 0.26579356813622307,
    "eval_mcc": 0.6141538823502062,
    "eval_acc": 0.6335951112345648
}