{
    "eval_recall": 0.9319700827498408,
    "eval_precision": 0.9110212335692619,
    "eval_f1": 0.9213765978367747,
    "eval_mcc": 0.8413094778057597,
    "eval_acc": 0.9205421734637094,
    "eval_threshold": 0.5
}