{
    "eval_recall": 0.9459843638948117,
    "eval_precision": 0.8308364544319601,
    "eval_f1": 0.8846792954469923,
    "eval_mcc": 0.7607173114135675,
    "eval_acc": 0.8766879886282871,
    "eval_threshold": 0.5
}