{
    "eval_recall": 0.7266075185219062,
    "eval_precision": 0.8829609869956653,
    "eval_f1": 0.7971901655795284,
    "eval_mcc": 0.640414253388613,
    "eval_acc": 0.8151468032561968,
    "eval_threshold": 0.5
}