{
    "eval_recall": 0.9636735335744614,
    "eval_precision": 0.9344312290332418,
    "eval_f1": 0.9488271270418828,
    "eval_mcc": 0.8969970870386071,
    "eval_acc": 0.9482745128726817,
    "eval_threshold": 0.5
}