{
    "eval_recall": 0.9341254185971833,
    "eval_precision": 0.8644139746147642,
    "eval_f1": 0.8979186877149661,
    "eval_mcc": 0.7901271345355172,
    "eval_acc": 0.8937781040653391,
    "eval_threshold": 0.5
}