{
    "eval_recall": 0.9793549238176901,
    "eval_precision": 0.9256857855361597,
    "eval_f1": 0.9517643665267138,
    "eval_mcc": 0.9022498359427563,
    "eval_acc": 0.9503660708396544,
    "eval_threshold": 0.5
}