{
    "eval_recall": 0.9424180463030143,
    "eval_precision": 0.9057369255150555,
    "eval_f1": 0.9237134729764676,
    "eval_mcc": 0.8450307136799114,
    "eval_acc": 0.9221687223797903,
    "eval_threshold": 0.5
}