{
    "eval_recall": 0.9136750942869116,
    "eval_precision": 0.8681975046456066,
    "eval_f1": 0.890355951813789,
    "eval_mcc": 0.776181418153803,
    "eval_acc": 0.8875549661478328,
    "eval_threshold": 0.5
}