{
    "eval_recall": 0.7267527675276753,
    "eval_precision": 0.6996447602131439,
    "eval_f1": 0.7129411764705883,
    "eval_mcc": 0.4150718185707742,
    "eval_acc": 0.707380073800738,
    "eval_threshold": 0.5
}