{
    "eval_recall": 0.9251732101616628,
    "eval_precision": 0.9088021778584392,
    "eval_f1": 0.916914625772488,
    "eval_mcc": 0.8325013679102502,
    "eval_acc": 0.9161828737300436,
    "eval_threshold": 0.5
}