{
    "eval_recall": 0.9741023808214658,
    "eval_precision": 0.9429423035980413,
    "eval_f1": 0.9582691007437458,
    "eval_mcc": 0.9156592709620666,
    "eval_acc": 0.9575795898169022,
    "eval_threshold": 0.5
}