{
    "eval_recall": 0.9092624626513602,
    "eval_precision": 0.8478627465356697,
    "eval_f1": 0.8774898508935007,
    "eval_mcc": 0.749348411657138,
    "eval_acc": 0.8736599107911417,
    "eval_threshold": 0.5
}