{
    "eval_recall": 0.9324804548685146,
    "eval_precision": 0.8319594166138237,
    "eval_f1": 0.8793565683646113,
    "eval_mcc": 0.7496283198612718,
    "eval_acc": 0.8720682302771855,
    "eval_threshold": 0.5
}