{
    "eval_recall": 0.9625646039949713,
    "eval_precision": 0.9442312962455467,
    "eval_f1": 0.9533098153143806,
    "eval_mcc": 0.9059439908902845,
    "eval_acc": 0.9528861590004886,
    "eval_threshold": 0.5
}