{
    "eval_recall": 0.2310175359546049,
    "eval_precision": 0.3352627622992513,
    "eval_f1": 0.24742087541119487,
    "eval_mcc": 0.6159231425687279,
    "eval_acc": 0.6468810705806173
}