{
    "eval_recall": 0.9706933523945676,
    "eval_precision": 0.9332346566580324,
    "eval_f1": 0.9515955153083224,
    "eval_mcc": 0.901975024970281,
    "eval_acc": 0.9506240721394402,
    "eval_threshold": 0.5
}