{
    "eval_recall": 0.9109419425846097,
    "eval_precision": 0.8500513522766175,
    "eval_f1": 0.8794439279231415,
    "eval_mcc": 0.7521844709174841,
    "eval_acc": 0.8751261120792443,
    "eval_threshold": 0.5
}