{
    "eval_recall": 0.9896039603960396,
    "eval_precision": 0.9670500967533864,
    "eval_f1": 0.9781970421922574,
    "eval_mcc": 0.9561456626489173,
    "eval_acc": 0.977942794279428,
    "eval_threshold": 0.5
}