{
    "eval_recall": 0.6823498830257343,
    "eval_precision": 0.6599622878692646,
    "eval_f1": 0.6709693910154003,
    "eval_mcc": 0.3309677124722587,
    "eval_acc": 0.6653886145048089,
    "eval_threshold": 0.5
}