{
    "eval_recall": 0.7459409594095942,
    "eval_precision": 0.7064476673073563,
    "eval_f1": 0.7256573633671365,
    "eval_mcc": 0.4366607337321944,
    "eval_acc": 0.7179889298892989,
    "eval_threshold": 0.5
}