{
    "eval_recall": 0.2805012418043193,
    "eval_precision": 0.39654402756523066,
    "eval_f1": 0.2999072844562453,
    "eval_mcc": 0.6344856746134204,
    "eval_acc": 0.6529633090073483
}