{
    "eval_recall": 0.9882687083230427,
    "eval_precision": 0.9685930408472012,
    "eval_f1": 0.978331958069741,
    "eval_mcc": 0.9564115389171884,
    "eval_acc": 0.9781071483711595,
    "eval_threshold": 0.5
}