{
    "eval_recall": 0.7024604408670996,
    "eval_precision": 0.888683175190928,
    "eval_f1": 0.7846743295019157,
    "eval_mcc": 0.6284220979341097,
    "eval_acc": 0.8072349766761182,
    "eval_threshold": 0.5
}