{
    "eval_recall": 0.7319989602287497,
    "eval_precision": 0.6118413905486149,
    "eval_f1": 0.66654831646843,
    "eval_mcc": 0.27292594766021444,
    "eval_acc": 0.6338055627761893,
    "eval_threshold": 0.5
}