{
    "eval_recall": 0.9617264981142618,
    "eval_precision": 0.9301540124290733,
    "eval_f1": 0.9456768079115445,
    "eval_mcc": 0.8900936669704818,
    "eval_acc": 0.9447895581768688,
    "eval_threshold": 0.5
}