{
    "eval_recall": 0.7567203438763072,
    "eval_precision": 0.844188376753507,
    "eval_f1": 0.798064887174803,
    "eval_mcc": 0.6203917481134169,
    "eval_acc": 0.8085263360492718,
    "eval_threshold": 0.5
}