{
    "eval_recall": 0.9751243781094527,
    "eval_precision": 0.8537647790914747,
    "eval_f1": 0.9104180491041804,
    "eval_mcc": 0.816392283733458,
    "eval_acc": 0.9040511727078892,
    "eval_threshold": 0.5
}