{
    "eval_recall": 0.9434278530521022,
    "eval_precision": 0.910119929928581,
    "eval_f1": 0.9264746227709191,
    "eval_mcc": 0.8509251576942597,
    "eval_acc": 0.9251762406644797,
    "eval_threshold": 0.5
}