{
    "eval_recall": 0.981637337413925,
    "eval_precision": 0.7716519647153167,
    "eval_f1": 0.8640700415310361,
    "eval_mcc": 0.7182557047793974,
    "eval_acc": 0.8455751083907167,
    "eval_threshold": 0.5
}