{
    "eval_recall": 0.9917523505800847,
    "eval_precision": 0.9510677563933562,
    "eval_f1": 0.9709840654608096,
    "eval_mcc": 0.941588813265113,
    "eval_acc": 0.970363446417771,
    "eval_threshold": 0.5
}