{
    "eval_recall": 0.7867922802524467,
    "eval_precision": 0.8848883859685217,
    "eval_f1": 0.8329621380846325,
    "eval_mcc": 0.6886864116582443,
    "eval_acc": 0.8422207994146163,
    "eval_threshold": 0.5
}