{
    "eval_recall": 0.31307431914939815,
    "eval_precision": 0.4379871165826124,
    "eval_f1": 0.33782194397893783,
    "eval_mcc": 0.8309483494487753,
    "eval_acc": 0.8451062057476052
}