{
    "eval_recall": 0.890706085862557,
    "eval_precision": 0.8516012629679748,
    "eval_f1": 0.8707148347425057,
    "eval_mcc": 0.7375773443739421,
    "eval_acc": 0.8683778073401675,
    "eval_threshold": 0.5
}