{
    "eval_recall": 0.9365466268281176,
    "eval_precision": 0.8673268768659433,
    "eval_f1": 0.9006086726399758,
    "eval_mcc": 0.7968608886589325,
    "eval_acc": 0.8971359261288051,
    "eval_threshold": 0.5
}