{
    "eval_recall": 0.6881985963088121,
    "eval_precision": 0.6719543147208121,
    "eval_f1": 0.6799794529343778,
    "eval_mcc": 0.3523254782812115,
    "eval_acc": 0.6761112555237848,
    "eval_threshold": 0.5
}