{
    "eval_recall": 0.9784852516170467,
    "eval_precision": 0.9490545050055618,
    "eval_f1": 0.9635451958259927,
    "eval_mcc": 0.9263881410812305,
    "eval_acc": 0.962971460034872,
    "eval_threshold": 0.5
}