{
    "eval_recall": 0.9528181586330018,
    "eval_precision": 0.775103734439834,
    "eval_f1": 0.8548221027342409,
    "eval_mcc": 0.694868733698031,
    "eval_acc": 0.8381790359602143,
    "eval_threshold": 0.5
}