{
    "eval_recall": 0.45662471864066934,
    "eval_precision": 0.5629131831732701,
    "eval_f1": 0.4858941862618304,
    "eval_mcc": 0.9164408241039032,
    "eval_acc": 0.9228871828076342
}