{
    "eval_recall": 0.9517182243915309,
    "eval_precision": 0.92186302070023,
    "eval_f1": 0.9365527537078505,
    "eval_mcc": 0.8715078762542394,
    "eval_acc": 0.9355253611239364,
    "eval_threshold": 0.5
}