{
    "eval_recall": 0.7273368833001861,
    "eval_precision": 0.843464027974109,
    "eval_f1": 0.7811078958247211,
    "eval_mcc": 0.5980478562801476,
    "eval_acc": 0.7961763007634567,
    "eval_threshold": 0.5
}