{
    "eval_recall": 0.9867380770211681,
    "eval_precision": 0.7727181945276613,
    "eval_f1": 0.8667114695340502,
    "eval_mcc": 0.724863735539694,
    "eval_acc": 0.8482529966845193,
    "eval_threshold": 0.5
}