{
    "eval_recall": 0.5701107011070111,
    "eval_precision": 0.7775541016607952,
    "eval_f1": 0.6578667234404939,
    "eval_mcc": 0.42231808255141307,
    "eval_acc": 0.7035055350553505,
    "eval_threshold": 0.5
}