{
    "eval_recall": 0.9484825299668452,
    "eval_precision": 0.8020271727409963,
    "eval_f1": 0.8691283010049077,
    "eval_mcc": 0.7265751562138388,
    "eval_acc": 0.8571792909971946,
    "eval_threshold": 0.5
}