{
    "eval_recall": 0.6456662603451594,
    "eval_precision": 0.8807981795904078,
    "eval_f1": 0.7451227186910006,
    "eval_mcc": 0.5793091789819295,
    "eval_acc": 0.7791428754731508,
    "eval_threshold": 0.5
}