{
    "eval_recall": 0.9739862280030605,
    "eval_precision": 0.8209372312983663,
    "eval_f1": 0.8909366616120378,
    "eval_mcc": 0.7751301125107668,
    "eval_acc": 0.8807702116806937,
    "eval_threshold": 0.5
}