{
    "eval_recall": 0.7169741697416974,
    "eval_precision": 0.7100310615750046,
    "eval_f1": 0.7134857247773798,
    "eval_mcc": 0.424190022913972,
    "eval_acc": 0.7120848708487085,
    "eval_threshold": 0.5
}