{
    "eval_recall": 0.9553729660061221,
    "eval_precision": 0.9509300833867864,
    "eval_f1": 0.9531463473438881,
    "eval_mcc": 0.9060836771329394,
    "eval_acc": 0.9530368938295473,
    "eval_threshold": 0.5
}