{
    "eval_recall": 0.29574837630739326,
    "eval_precision": 0.38999696766349157,
    "eval_f1": 0.3140190386604896,
    "eval_mcc": 0.6420547650147043,
    "eval_acc": 0.6710346457825876
}