{
    "eval_recall": 0.9680170575692963,
    "eval_precision": 0.8620253164556962,
    "eval_f1": 0.9119517910947439,
    "eval_mcc": 0.8192942391376515,
    "eval_acc": 0.9065387348969438,
    "eval_threshold": 0.5
}