{
    "eval_recall": 0.9132725271269068,
    "eval_precision": 0.8894249176812926,
    "eval_f1": 0.9011909842107305,
    "eval_mcc": 0.8009946419774873,
    "eval_acc": 0.900344314891619,
    "eval_threshold": 0.5
}