{
    "eval_recall": 0.9637847487885743,
    "eval_precision": 0.839591201955121,
    "eval_f1": 0.8974115412016149,
    "eval_mcc": 0.788320271381157,
    "eval_acc": 0.8898240244835501,
    "eval_threshold": 0.5
}