{
    "eval_recall": 0.668572913958929,
    "eval_precision": 0.6421972534332084,
    "eval_f1": 0.6551197147223637,
    "eval_mcc": 0.2963248930012659,
    "eval_acc": 0.6480374317650117,
    "eval_threshold": 0.5
}