{
    "eval_recall": 0.5817343173431734,
    "eval_precision": 0.7411847672778561,
    "eval_f1": 0.6518503204465578,
    "eval_mcc": 0.38767495974938876,
    "eval_acc": 0.6892988929889299,
    "eval_threshold": 0.5
}