{
    "eval_recall": 0.9068604971108869,
    "eval_precision": 0.8441114952832203,
    "eval_f1": 0.8743616386266664,
    "eval_mcc": 0.7414350938283831,
    "eval_acc": 0.869691827937265,
    "eval_threshold": 0.5
}