{
    "eval_recall": 0.7463642184212933,
    "eval_precision": 0.8795946965613883,
    "eval_f1": 0.8075210291934686,
    "eval_mcc": 0.6517158649690009,
    "eval_acc": 0.8220982347022775,
    "eval_threshold": 0.5
}