{
    "eval_recall": 0.3033209908904157,
    "eval_precision": 0.4336578133349527,
    "eval_f1": 0.32793738479084644,
    "eval_mcc": 0.6369639135722893,
    "eval_acc": 0.6663576909212627
}