{
    "eval_recall": 0.6827484442163341,
    "eval_precision": 0.8662596662596662,
    "eval_f1": 0.763633754305396,
    "eval_mcc": 0.5907479022241974,
    "eval_acc": 0.7886700455507795,
    "eval_threshold": 0.5
}