{
    "eval_recall": 0.9035856939534457,
    "eval_precision": 0.8408527727933008,
    "eval_f1": 0.8710912430566314,
    "eval_mcc": 0.7347750577118718,
    "eval_acc": 0.8663592355518848,
    "eval_threshold": 0.5
}