{
    "eval_recall": 0.9909825699675593,
    "eval_precision": 0.960611875066624,
    "eval_f1": 0.9755609082789791,
    "eval_mcc": 0.9508244774888777,
    "eval_acc": 0.9751745752460549,
    "eval_threshold": 0.5
}