{
    "eval_recall": 0.5922884454994547,
    "eval_precision": 0.930176322418136,
    "eval_f1": 0.7237378488554407,
    "eval_mcc": 0.587993476177693,
    "eval_acc": 0.7739141592352602,
    "eval_threshold": 0.5
}