{
    "eval_recall": 0.8445074544955639,
    "eval_precision": 0.7819275067750677,
    "eval_f1": 0.8120135438195328,
    "eval_mcc": 0.6109417476904554,
    "eval_acc": 0.8044909905789811,
    "eval_threshold": 0.5
}