{
    "eval_recall": 0.9561620153124228,
    "eval_precision": 0.9367854334281047,
    "eval_f1": 0.9463745531212759,
    "eval_mcc": 0.8918068761251862,
    "eval_acc": 0.9458082445576655,
    "eval_threshold": 0.5
}