{
    "eval_recall": 0.9364657940232156,
    "eval_precision": 0.9193792810814088,
    "eval_f1": 0.9278438809531093,
    "eval_mcc": 0.8544623189882117,
    "eval_acc": 0.9271576347074263,
    "eval_threshold": 0.5
}