{
    "eval_recall": 0.9004050845090097,
    "eval_precision": 0.863496316141996,
    "eval_f1": 0.8815645514223195,
    "eval_mcc": 0.7589178196955603,
    "eval_acc": 0.8791093739094018,
    "eval_threshold": 0.5
}