{
    "eval_recall": 0.9251273074474857,
    "eval_precision": 0.8721122112211221,
    "eval_f1": 0.8978378378378379,
    "eval_mcc": 0.79112079625027,
    "eval_acc": 0.8948247078464107,
    "eval_threshold": 0.5
}