{
    "eval_recall": 0.968727789623312,
    "eval_precision": 0.8455334987593052,
    "eval_f1": 0.902947996025174,
    "eval_mcc": 0.8002956167813102,
    "eval_acc": 0.8958777540867093,
    "eval_threshold": 0.5
}