{
    "eval_recall": 0.9523676491130046,
    "eval_precision": 0.9483933787731256,
    "eval_f1": 0.9503763590744355,
    "eval_mcc": 0.9006153650310984,
    "eval_acc": 0.9503036225308857,
    "eval_threshold": 0.5
}