{
    "eval_recall": 0.6859965242842769,
    "eval_precision": 0.9262689885142645,
    "eval_f1": 0.7882291119285338,
    "eval_mcc": 0.6537694217243198,
    "eval_acc": 0.8156956004756243,
    "eval_threshold": 0.5
}