{
    "eval_recall": 0.9298199327221159,
    "eval_precision": 0.9138467522364838,
    "eval_f1": 0.9217641481675221,
    "eval_mcc": 0.8422894842407471,
    "eval_acc": 0.9210804036673043,
    "eval_threshold": 0.5
}