{
    "eval_recall": 0.25927048101161865,
    "eval_precision": 0.39805937460697205,
    "eval_f1": 0.28319105438717923,
    "eval_mcc": 0.619615931433965,
    "eval_acc": 0.6410035280282242
}