{
    "eval_recall": 0.9715058373458215,
    "eval_precision": 0.9333967046894803,
    "eval_f1": 0.9520700688406968,
    "eval_mcc": 0.9029361271257892,
    "eval_acc": 0.9510916166479784,
    "eval_threshold": 0.5
}