{
    "eval_recall": 0.2534173475455994,
    "eval_precision": 0.3419730691061748,
    "eval_f1": 0.2717707179798173,
    "eval_mcc": 0.6371633493165717,
    "eval_acc": 0.6662863720925452
}