{
    "eval_recall": 0.2492512162912384,
    "eval_precision": 0.3686329747128045,
    "eval_f1": 0.26604826592274455,
    "eval_mcc": 0.6157311579965402,
    "eval_acc": 0.6351859801520163
}