{
    "eval_recall": 0.908957348147468,
    "eval_precision": 0.8285762116012388,
    "eval_f1": 0.8669074986316365,
    "eval_mcc": 0.7244919480752019,
    "eval_acc": 0.8605318099433318,
    "eval_threshold": 0.5
}