{
    "eval_recall": 0.920830681094844,
    "eval_precision": 0.9074015994981967,
    "eval_f1": 0.9140668193665586,
    "eval_mcc": 0.8271058033701364,
    "eval_acc": 0.9135066380475395,
    "eval_threshold": 0.5
}