{
    "eval_recall": 0.9618650731247051,
    "eval_precision": 0.9259006963366636,
    "eval_f1": 0.9435403008098727,
    "eval_mcc": 0.8861177020320671,
    "eval_acc": 0.9427185225761014,
    "eval_threshold": 0.5
}