{
    "eval_recall": 0.2709700627664073,
    "eval_precision": 0.36221312015543766,
    "eval_f1": 0.28996250758739495,
    "eval_mcc": 0.6317920331963458,
    "eval_acc": 0.65041286836191
}