{
    "eval_recall": 0.9739862280030605,
    "eval_precision": 0.776219512195122,
    "eval_f1": 0.863929419748897,
    "eval_mcc": 0.7168475333968349,
    "eval_acc": 0.8465952563121653,
    "eval_threshold": 0.5
}