{
    "eval_recall": 0.9522045002953654,
    "eval_precision": 0.9407863320422348,
    "eval_f1": 0.9464609800362975,
    "eval_mcc": 0.8923378901708092,
    "eval_acc": 0.9461360829171366,
    "eval_threshold": 0.5
}