{
    "eval_recall": 0.9942266454060593,
    "eval_precision": 0.9632431280630727,
    "eval_f1": 0.9784896777510215,
    "eval_mcc": 0.9567825492970463,
    "eval_acc": 0.9781437290372244,
    "eval_threshold": 0.5
}