{
    "eval_recall": 0.5256457564575646,
    "eval_precision": 0.8043478260869565,
    "eval_f1": 0.6357955813434503,
    "eval_mcc": 0.42405535177109915,
    "eval_acc": 0.6988929889298893,
    "eval_threshold": 0.5
}