{
    "eval_recall": 0.7145756457564576,
    "eval_precision": 0.685729461756374,
    "eval_f1": 0.6998554391037225,
    "eval_mcc": 0.3874278156161803,
    "eval_acc": 0.6935424354243542,
    "eval_threshold": 0.5
}