{
    "eval_recall": 0.92691774948882,
    "eval_precision": 0.8864009082881292,
    "eval_f1": 0.9062066741899082,
    "eval_mcc": 0.8089716665993573,
    "eval_acc": 0.9040630565266143,
    "eval_threshold": 0.5
}