{
    "eval_recall": 0.9793887704335466,
    "eval_precision": 0.8591022443890274,
    "eval_f1": 0.9153105280637662,
    "eval_mcc": 0.8269087966100056,
    "eval_acc": 0.9093816631130064,
    "eval_threshold": 0.5
}