{
    "eval_recall": 0.9609061417496013,
    "eval_precision": 0.9189672398380396,
    "eval_f1": 0.9394688743145898,
    "eval_mcc": 0.8770891383149141,
    "eval_acc": 0.9380876450211689,
    "eval_threshold": 0.5
}