{
    "eval_recall": 0.9851542310441525,
    "eval_precision": 0.9506048387096774,
    "eval_f1": 0.9675712164169029,
    "eval_mcc": 0.9345812839085632,
    "eval_acc": 0.9669819101556056,
    "eval_threshold": 0.5
}