{
    "eval_recall": 0.19423942059729452,
    "eval_precision": 0.32764282425411634,
    "eval_f1": 0.2190276035512344,
    "eval_mcc": 0.6203216236667262,
    "eval_acc": 0.6385731085848687
}