{
    "eval_recall": 0.8962331201137171,
    "eval_precision": 0.8209635416666666,
    "eval_f1": 0.8569486918110771,
    "eval_mcc": 0.7037459040520273,
    "eval_acc": 0.8503909026297086,
    "eval_threshold": 0.5
}