{
    "eval_recall": 0.24777163061865665,
    "eval_precision": 0.35829319237956814,
    "eval_f1": 0.26746352882152,
    "eval_mcc": 0.6454310001265942,
    "eval_acc": 0.6755206164098292
}