{
    "eval_recall": 0.558877047049649,
    "eval_precision": 0.6542909312233719,
    "eval_f1": 0.6028319080330856,
    "eval_mcc": 0.2664301581208597,
    "eval_acc": 0.6317910059786846,
    "eval_threshold": 0.5
}