{
    "eval_recall": 0.7774627275221806,
    "eval_precision": 0.8608466680170144,
    "eval_f1": 0.8170327293699235,
    "eval_mcc": 0.6548675135896656,
    "eval_acc": 0.8258940821366505,
    "eval_threshold": 0.5
}