{
    "eval_recall": 0.9801980198019802,
    "eval_precision": 0.9361702127659575,
    "eval_f1": 0.9576783555018138,
    "eval_mcc": 0.9143781039254936,
    "eval_acc": 0.9566831683168316,
    "eval_threshold": 0.5
}