{
    "eval_recall": 0.9687242043474273,
    "eval_precision": 0.9325445876743775,
    "eval_f1": 0.9502901615007422,
    "eval_mcc": 0.8993288284100851,
    "eval_acc": 0.9493258736127671,
    "eval_threshold": 0.5
}