{
    "eval_recall": 0.7340732661833579,
    "eval_precision": 0.831903446270176,
    "eval_f1": 0.7799325176374357,
    "eval_mcc": 0.5898372447143407,
    "eval_acc": 0.7928722653493295,
    "eval_threshold": 0.5
}