{
    "eval_recall": 0.7548739277358981,
    "eval_precision": 0.652437654459672,
    "eval_f1": 0.6999276934201013,
    "eval_mcc": 0.3571721402555929,
    "eval_acc": 0.676371198336366,
    "eval_threshold": 0.5
}