{
    "eval_recall": 0.3211954890295043,
    "eval_precision": 0.44712951624449926,
    "eval_f1": 0.3406244017360081,
    "eval_mcc": 0.6082559923897843,
    "eval_acc": 0.632514527205494
}