{
    "eval_recall": 0.9525804199559637,
    "eval_precision": 0.9502839387120968,
    "eval_f1": 0.9514307935741679,
    "eval_mcc": 0.9027468495845288,
    "eval_acc": 0.9513721067611836,
    "eval_threshold": 0.5
}