{
    "eval_recall": 0.924710155049588,
    "eval_precision": 0.8796173266011161,
    "eval_f1": 0.9016002723867893,
    "eval_mcc": 0.7993390139947318,
    "eval_acc": 0.8991414811195645,
    "eval_threshold": 0.5
}