{
    "eval_recall": 0.6220604631918846,
    "eval_precision": 0.7066830536113384,
    "eval_f1": 0.6455072819446308,
    "eval_mcc": 0.9305249496007392,
    "eval_acc": 0.9344690966719493
}