{
    "eval_recall": 0.37059392150037035,
    "eval_precision": 0.4813242938237136,
    "eval_f1": 0.3904485138537305,
    "eval_mcc": 0.8357042577802444,
    "eval_acc": 0.8436781021524618
}