{
    "eval_recall": 0.9909236848604593,
    "eval_precision": 0.9169809164666896,
    "eval_f1": 0.9525194373553327,
    "eval_mcc": 0.9041327639689632,
    "eval_acc": 0.9505944109927436,
    "eval_threshold": 0.5
}