{
    "eval_recall": 0.3555743212564743,
    "eval_precision": 0.4780999109198735,
    "eval_f1": 0.37719872494533696,
    "eval_mcc": 0.8187571997471137,
    "eval_acc": 0.8272917838335293
}