{
    "eval_recall": 0.9767916347870441,
    "eval_precision": 0.8335146898803046,
    "eval_f1": 0.8994833255049318,
    "eval_mcc": 0.793499352456391,
    "eval_acc": 0.8908441724049987,
    "eval_threshold": 0.5
}