{
    "eval_recall": 0.9723322332233223,
    "eval_precision": 0.9330694114542095,
    "eval_f1": 0.9522962962962963,
    "eval_mcc": 0.9033854069650046,
    "eval_acc": 0.9512926292629263,
    "eval_threshold": 0.5
}