{
    "eval_recall": 0.6519365739537302,
    "eval_precision": 0.6304675716440422,
    "eval_f1": 0.6410223642172523,
    "eval_mcc": 0.2699772140511933,
    "eval_acc": 0.6349103197296595,
    "eval_threshold": 0.5
}