{
    "eval_recall": 0.9677461908845063,
    "eval_precision": 0.945360824742268,
    "eval_f1": 0.9564225416381474,
    "eval_mcc": 0.9120689408719451,
    "eval_acc": 0.9559066024668558,
    "eval_threshold": 0.5
}