{
    "eval_recall": 0.9559346126510305,
    "eval_precision": 0.8443188951663528,
    "eval_f1": 0.8966666666666667,
    "eval_mcc": 0.7865763923245522,
    "eval_acc": 0.8898365316275764,
    "eval_threshold": 0.5
}