{
    "eval_recall": 0.9809204376752626,
    "eval_precision": 0.947726306842329,
    "eval_f1": 0.9640377185161167,
    "eval_mcc": 0.9273848676061505,
    "eval_acc": 0.963407928740309,
    "eval_threshold": 0.5
}