{
    "eval_recall": 0.9518337273876946,
    "eval_precision": 0.9175765928124668,
    "eval_f1": 0.9343912773594582,
    "eval_mcc": 0.8669374980833161,
    "eval_acc": 0.9331665475339528,
    "eval_threshold": 0.5
}