{
    "eval_recall": 0.9743420618692699,
    "eval_precision": 0.9466803383747757,
    "eval_f1": 0.9603120429058996,
    "eval_mcc": 0.9198571821876926,
    "eval_acc": 0.9597322076380186,
    "eval_threshold": 0.5
}