{
    "eval_recall": 0.7481549815498155,
    "eval_precision": 0.6377791758414596,
    "eval_f1": 0.6885719137374767,
    "eval_mcc": 0.32819949913655233,
    "eval_acc": 0.6616236162361624,
    "eval_threshold": 0.5
}