{
    "eval_recall": 0.9594961718942949,
    "eval_precision": 0.9235157782135853,
    "eval_f1": 0.9411622202707205,
    "eval_mcc": 0.8806741013704322,
    "eval_acc": 0.940003087849313,
    "eval_threshold": 0.5
}