{
    "eval_recall": 0.4496860780223504,
    "eval_precision": 0.6033251559700261,
    "eval_f1": 0.4818074641325367,
    "eval_mcc": 0.8929938800274755,
    "eval_acc": 0.9014058396415882
}