{
    "eval_recall": 0.9741999340151765,
    "eval_precision": 0.9347261791706236,
    "eval_f1": 0.9540549273021002,
    "eval_mcc": 0.9069977273554239,
    "eval_acc": 0.9530940757355851,
    "eval_threshold": 0.5
}