{
    "eval_recall": 0.9649392373236485,
    "eval_precision": 0.9359165424739195,
    "eval_f1": 0.9502063273727647,
    "eval_mcc": 0.8993659799673391,
    "eval_acc": 0.9494660431353389,
    "eval_threshold": 0.5
}