{
    "eval_recall": 0.9846946995327855,
    "eval_precision": 0.9863367401828941,
    "eval_f1": 0.9855150358764881,
    "eval_mcc": 0.9710555317828305,
    "eval_acc": 0.9855270930669674,
    "eval_threshold": 0.5
}