{
    "eval_recall": 0.9605212514433387,
    "eval_precision": 0.9219442685243825,
    "eval_f1": 0.940837484852565,
    "eval_mcc": 0.8799701103576137,
    "eval_acc": 0.9395997140814868,
    "eval_threshold": 0.5
}