{
    "eval_recall": 0.9237323648554268,
    "eval_precision": 0.8637669801462905,
    "eval_f1": 0.8927438407019912,
    "eval_mcc": 0.7800701779318726,
    "eval_acc": 0.8890905283730021,
    "eval_threshold": 0.5
}