{
    "eval_recall": 0.4473439377500938,
    "eval_precision": 0.5938756800796331,
    "eval_f1": 0.47789345525662263,
    "eval_mcc": 0.8867137150288408,
    "eval_acc": 0.8956279932025336
}