{
    "eval_recall": 0.9880638063806381,
    "eval_precision": 0.960434154948404,
    "eval_f1": 0.9740530867879511,
    "eval_mcc": 0.947751992531356,
    "eval_acc": 0.9736798679867987,
    "eval_threshold": 0.5
}