{
    "eval_recall": 0.8199030458245679,
    "eval_precision": 0.8488636363636364,
    "eval_f1": 0.8341320429907411,
    "eval_mcc": 0.6743155387003599,
    "eval_acc": 0.8369614927284369,
    "eval_threshold": 0.5
}