{
    "eval_recall": 0.9878631652435422,
    "eval_precision": 0.9911633169890619,
    "eval_f1": 0.9895104895104895,
    "eval_mcc": 0.9790613316071105,
    "eval_acc": 0.9895279523119059,
    "eval_threshold": 0.5
}