{
    "eval_recall": 0.9490295265849233,
    "eval_precision": 0.9137593308274657,
    "eval_f1": 0.9310605243284066,
    "eval_mcc": 0.8601010175466601,
    "eval_acc": 0.9297300269423214,
    "eval_threshold": 0.5
}