{
    "eval_recall": 0.9817410450566565,
    "eval_precision": 0.9815302013422819,
    "eval_f1": 0.9816356118777855,
    "eval_mcc": 0.9632673011031245,
    "eval_acc": 0.9816336394393427,
    "eval_threshold": 0.5
}