{
    "eval_recall": 0.9930719744872711,
    "eval_precision": 0.9586518046709129,
    "eval_f1": 0.9755583763199827,
    "eval_mcc": 0.9508522761909597,
    "eval_acc": 0.9751195909165887,
    "eval_threshold": 0.5
}