{
    "eval_recall": 0.18849353569801527,
    "eval_precision": 0.31969061368701,
    "eval_f1": 0.21106905752656804,
    "eval_mcc": 0.6214425486306586,
    "eval_acc": 0.6395661831961322
}