{
    "eval_recall": 0.8592250922509225,
    "eval_precision": 0.6150290544109879,
    "eval_f1": 0.7169027093596059,
    "eval_mcc": 0.3501884549326834,
    "eval_acc": 0.6607011070110701,
    "eval_threshold": 0.5
}