{
    "eval_recall": 0.9086655351162898,
    "eval_precision": 0.8756078154009371,
    "eval_f1": 0.8918304405573939,
    "eval_mcc": 0.7800809673429673,
    "eval_acc": 0.8897632375883271,
    "eval_threshold": 0.5
}