{
    "eval_recall": 0.761913472971737,
    "eval_precision": 0.8706103678929766,
    "eval_f1": 0.8126432856933808,
    "eval_mcc": 0.6537939527272344,
    "eval_acc": 0.8243391566816062,
    "eval_threshold": 0.5
}