{
    "eval_recall": 0.9437809303860112,
    "eval_precision": 0.916330322249984,
    "eval_f1": 0.9298530750227538,
    "eval_mcc": 0.8580187060696852,
    "eval_acc": 0.9288164665523156,
    "eval_threshold": 0.5
}