{
    "eval_recall": 0.3660993883221209,
    "eval_precision": 0.5076342163294096,
    "eval_f1": 0.3864671839739649,
    "eval_mcc": 0.8326733223735188,
    "eval_acc": 0.8404059512245002
}