{
    "eval_recall": 0.7726937269372693,
    "eval_precision": 0.7115188583078491,
    "eval_f1": 0.740845568724571,
    "eval_mcc": 0.46111708859359535,
    "eval_acc": 0.7297047970479705,
    "eval_threshold": 0.5
}