{
    "eval_recall": 0.38045438869662634,
    "eval_precision": 0.5001757687050409,
    "eval_f1": 0.3982794161672661,
    "eval_mcc": 0.8360669131706049,
    "eval_acc": 0.8437803568689606
}