{
    "eval_recall": 0.9709781676670405,
    "eval_precision": 0.9414209886806932,
    "eval_f1": 0.9559711669588936,
    "eval_mcc": 0.9110091048968165,
    "eval_acc": 0.9552799947233032,
    "eval_threshold": 0.5
}