{
    "eval_recall": 0.9704157102779903,
    "eval_precision": 0.7782777664143997,
    "eval_f1": 0.8637911464245177,
    "eval_mcc": 0.7161216434407316,
    "eval_acc": 0.8469778117827085,
    "eval_threshold": 0.5
}