{
    "eval_recall": 0.9683754144350931,
    "eval_precision": 0.781275720164609,
    "eval_f1": 0.8648217742853889,
    "eval_mcc": 0.7181688368034552,
    "eval_acc": 0.8486355521550625,
    "eval_threshold": 0.5
}