{
    "eval_recall": 0.29721362302196613,
    "eval_precision": 0.4135475851307738,
    "eval_f1": 0.32009052234216223,
    "eval_mcc": 0.8083073254733258,
    "eval_acc": 0.8186593492747942
}