{
    "eval_recall": 0.7488929889298893,
    "eval_precision": 0.7006732263076126,
    "eval_f1": 0.7239810933737626,
    "eval_mcc": 0.42998622284765714,
    "eval_acc": 0.7144833948339483,
    "eval_threshold": 0.5
}