{
    "eval_recall": 0.9737311910226983,
    "eval_precision": 0.8264069264069264,
    "eval_f1": 0.8940405104788667,
    "eval_mcc": 0.7817134445562081,
    "eval_acc": 0.884595766386126,
    "eval_threshold": 0.5
}