{
    "eval_recall": 0.6915129151291513,
    "eval_precision": 0.7245312197950899,
    "eval_f1": 0.707637118852072,
    "eval_mcc": 0.42904353701661085,
    "eval_acc": 0.7142988929889299,
    "eval_threshold": 0.5
}