{
    "eval_recall": 0.9876237623762376,
    "eval_precision": 0.9270446096654275,
    "eval_f1": 0.9563758389261744,
    "eval_mcc": 0.9118499498859725,
    "eval_acc": 0.9549504950495049,
    "eval_threshold": 0.5
}