{
    "eval_recall": 0.9700424595062117,
    "eval_precision": 0.9222546161321672,
    "eval_f1": 0.9455451235868941,
    "eval_mcc": 0.8900104617630148,
    "eval_acc": 0.9444009703419672,
    "eval_threshold": 0.5
}