{
    "eval_recall": 0.8027202155642522,
    "eval_precision": 0.8143182557761145,
    "eval_f1": 0.8084776428017576,
    "eval_mcc": 0.6197459309925167,
    "eval_acc": 0.8098415346121768,
    "eval_threshold": 0.5
}