{
    "eval_recall": 0.5881030956649712,
    "eval_precision": 0.6707025142124332,
    "eval_f1": 0.6092335621363624,
    "eval_mcc": 0.9218149048473616,
    "eval_acc": 0.9262546222926572
}