{
    "eval_recall": 0.9734234942601038,
    "eval_precision": 0.9285928592859286,
    "eval_f1": 0.9504798464491362,
    "eval_mcc": 0.9001131397650963,
    "eval_acc": 0.9495265670240238,
    "eval_threshold": 0.5
}