{
    "eval_recall": 0.9449520224048482,
    "eval_precision": 0.8836131026488645,
    "eval_f1": 0.9132537604827616,
    "eval_mcc": 0.8225777061586557,
    "eval_acc": 0.9102943538210935,
    "eval_threshold": 0.5
}