{
    "eval_recall": 0.6893683389654276,
    "eval_precision": 0.6722433460076046,
    "eval_f1": 0.6806981519507187,
    "eval_mcc": 0.3533769619828772,
    "eval_acc": 0.6766311411489472,
    "eval_threshold": 0.5
}