{
    "eval_recall": 0.27136537320542237,
    "eval_precision": 0.3772047178905252,
    "eval_f1": 0.2958161081685081,
    "eval_mcc": 0.6536596007452099,
    "eval_acc": 0.6813542598131418
}