{
    "eval_recall": 0.26745875978352823,
    "eval_precision": 0.3897177879258532,
    "eval_f1": 0.2906707818241213,
    "eval_mcc": 0.6523695702758773,
    "eval_acc": 0.6804806101158357
}