{
    "eval_recall": 0.978827254138909,
    "eval_precision": 0.9434202161474888,
    "eval_f1": 0.9607976433265352,
    "eval_mcc": 0.9207727029578271,
    "eval_acc": 0.9600620011872568,
    "eval_threshold": 0.5
}