{
    "eval_recall": 0.3189668679589366,
    "eval_precision": 0.4588453769952274,
    "eval_f1": 0.34612979199184896,
    "eval_mcc": 0.6400843764251718,
    "eval_acc": 0.6584436832148883
}