{
    "eval_recall": 0.960958058106439,
    "eval_precision": 0.9639605667187415,
    "eval_f1": 0.9624569707401033,
    "eval_mcc": 0.9250353663558395,
    "eval_acc": 0.9625154395574889,
    "eval_threshold": 0.5
}