{
    "eval_recall": 0.7177021055367819,
    "eval_precision": 0.6302933455085036,
    "eval_f1": 0.6711637800060771,
    "eval_mcc": 0.2996198526005994,
    "eval_acc": 0.6483623602807382,
    "eval_threshold": 0.5
}