{
    "eval_recall": 0.9696505993369039,
    "eval_precision": 0.7876527864097783,
    "eval_f1": 0.8692272519433014,
    "eval_mcc": 0.7279366272145084,
    "eval_acc": 0.8541188472328488,
    "eval_threshold": 0.5
}