{
    "eval_recall": 0.7473355861710423,
    "eval_precision": 0.6493506493506493,
    "eval_f1": 0.6949060366185267,
    "eval_mcc": 0.34775634647529124,
    "eval_acc": 0.6718871848193397,
    "eval_threshold": 0.5
}