{
    "eval_recall": 0.9814436232111967,
    "eval_precision": 0.9451764349538089,
    "eval_f1": 0.9629686776731987,
    "eval_mcc": 0.9255636353006648,
    "eval_acc": 0.9624383754597386,
    "eval_threshold": 0.5
}