{
    "eval_recall": 0.32665926160704756,
    "eval_precision": 0.4842363244725162,
    "eval_f1": 0.3567898407117752,
    "eval_mcc": 0.8556006733932642,
    "eval_acc": 0.8675760099958351
}