{
    "eval_recall": 0.9657674295890772,
    "eval_precision": 0.947028005950456,
    "eval_f1": 0.9563059238456011,
    "eval_mcc": 0.9119257958056698,
    "eval_acc": 0.9558736231119319,
    "eval_threshold": 0.5
}