{
    "eval_recall": 0.9299013367281986,
    "eval_precision": 0.9143326552965108,
    "eval_f1": 0.9220512820512821,
    "eval_mcc": 0.8430370111570701,
    "eval_acc": 0.9214563955799349,
    "eval_threshold": 0.5
}