{
    "eval_recall": 0.9400859325270529,
    "eval_precision": 0.9148985597026483,
    "eval_f1": 0.9273212463699867,
    "eval_mcc": 0.8530966869729267,
    "eval_acc": 0.9263852452500199,
    "eval_threshold": 0.5
}