{
    "eval_recall": 0.7322589030413309,
    "eval_precision": 0.6551162790697674,
    "eval_f1": 0.6915428992267093,
    "eval_mcc": 0.3491931235355244,
    "eval_acc": 0.6733818559916819,
    "eval_threshold": 0.5
}