{
    "eval_recall": 0.6911186316655996,
    "eval_precision": 0.8987748304983942,
    "eval_f1": 0.7813857290589453,
    "eval_mcc": 0.6303356378507494,
    "eval_acc": 0.8066404463550718,
    "eval_threshold": 0.5
}