{
    "eval_recall": 0.9709666776641372,
    "eval_precision": 0.9391154508902929,
    "eval_f1": 0.9547754996106929,
    "eval_mcc": 0.9085584721973,
    "eval_acc": 0.9540176804327748,
    "eval_threshold": 0.5
}