{
    "eval_recall": 0.9695930347602401,
    "eval_precision": 0.9461894953656025,
    "eval_f1": 0.9577483141675083,
    "eval_mcc": 0.914731410780427,
    "eval_acc": 0.9572257766638085,
    "eval_threshold": 0.5
}