{
    "eval_recall": 0.29127725947181204,
    "eval_precision": 0.3843529325168283,
    "eval_f1": 0.3086576071806968,
    "eval_mcc": 0.6354957616416461,
    "eval_acc": 0.6638403272387178
}