{
    "eval_recall": 0.7097777371261319,
    "eval_precision": 0.8804175175856592,
    "eval_f1": 0.7859421684306477,
    "eval_mcc": 0.6252281070626011,
    "eval_acc": 0.8066861794566907,
    "eval_threshold": 0.5
}