{
    "eval_recall": 0.9038971923452996,
    "eval_precision": 0.8717499663208945,
    "eval_f1": 0.8875325744068029,
    "eval_mcc": 0.7715909754067624,
    "eval_acc": 0.8855308159419278,
    "eval_threshold": 0.5
}