{
    "eval_recall": 0.8414890697887131,
    "eval_precision": 0.8455105229298777,
    "eval_f1": 0.8434950032089483,
    "eval_mcc": 0.6877421611875159,
    "eval_acc": 0.8438671910728985,
    "eval_threshold": 0.5
}