{
    "eval_recall": 0.9449904359870721,
    "eval_precision": 0.9210543233686918,
    "eval_f1": 0.9328688631332205,
    "eval_mcc": 0.8642850423102771,
    "eval_acc": 0.9319965701470879,
    "eval_threshold": 0.5
}