{
    "eval_recall": 0.25031095489950644,
    "eval_precision": 0.34602233751838135,
    "eval_f1": 0.26640345483385686,
    "eval_mcc": 0.6160634534753946,
    "eval_acc": 0.6354384990278024
}