{
    "eval_recall": 0.9856613500886097,
    "eval_precision": 0.9888475836431226,
    "eval_f1": 0.9872518960787479,
    "eval_mcc": 0.9745499277787152,
    "eval_acc": 0.9872724343483165,
    "eval_threshold": 0.5
}