{
    "eval_recall": 0.31783501930014496,
    "eval_precision": 0.4380339118032083,
    "eval_f1": 0.33524906052499276,
    "eval_mcc": 0.6106124744323259,
    "eval_acc": 0.6345219228737454
}