{
    "eval_recall": 0.8050855209000274,
    "eval_precision": 0.865061425061425,
    "eval_f1": 0.8339965889710063,
    "eval_mcc": 0.6811414650825849,
    "eval_acc": 0.8397512119271929,
    "eval_threshold": 0.5
}