{
    "eval_recall": 0.954422531495284,
    "eval_precision": 0.9215973504872301,
    "eval_f1": 0.9377227658609293,
    "eval_mcc": 0.8737817844360111,
    "eval_acc": 0.9366136798364224,
    "eval_threshold": 0.5
}