{
    "eval_recall": 0.9665041673219059,
    "eval_precision": 0.9244190418891479,
    "eval_f1": 0.9449932731116664,
    "eval_mcc": 0.888953642747943,
    "eval_acc": 0.9440097034196729,
    "eval_threshold": 0.5
}