{
    "eval_recall": 0.7757993241486872,
    "eval_precision": 0.6110769860769861,
    "eval_f1": 0.6836559386095522,
    "eval_mcc": 0.29287934903553775,
    "eval_acc": 0.6410189758253184,
    "eval_threshold": 0.5
}