{
    "eval_recall": 0.9890581184362457,
    "eval_precision": 0.9398610167720362,
    "eval_f1": 0.963832181321331,
    "eval_mcc": 0.9270420775586988,
    "eval_acc": 0.9628855776103811,
    "eval_threshold": 0.5
}