{
    "eval_recall": 0.974777584151151,
    "eval_precision": 0.928452869747532,
    "eval_f1": 0.9510514541387024,
    "eval_mcc": 0.9007825752489333,
    "eval_acc": 0.9498303219297441,
    "eval_threshold": 0.5
}