{
    "eval_recall": 0.7192617624122692,
    "eval_precision": 0.6647447447447448,
    "eval_f1": 0.6909295211935826,
    "eval_mcc": 0.35771659105660103,
    "eval_acc": 0.6782557837275799,
    "eval_threshold": 0.5
}