{
    "eval_recall": 0.9721654348167951,
    "eval_precision": 0.9317256970610399,
    "eval_f1": 0.9515160843466214,
    "eval_mcc": 0.9022606566043225,
    "eval_acc": 0.9507003677909069,
    "eval_threshold": 0.5
}