{
    "eval_recall": 0.9722814498933902,
    "eval_precision": 0.862547288776797,
    "eval_f1": 0.9141329769462078,
    "eval_mcc": 0.8240376700037481,
    "eval_acc": 0.9086709310589908,
    "eval_threshold": 0.5
}