{
    "eval_recall": 0.9307765754296626,
    "eval_precision": 0.903669370413287,
    "eval_f1": 0.9170226943127033,
    "eval_mcc": 0.8320816828255875,
    "eval_acc": 0.9158518165195961,
    "eval_threshold": 0.5
}