{
    "eval_recall": 0.29309359064011076,
    "eval_precision": 0.408042538086577,
    "eval_f1": 0.31667257254352593,
    "eval_mcc": 0.6420041460531256,
    "eval_acc": 0.6711579769576255
}