{
    "eval_recall": 0.929622056592573,
    "eval_precision": 0.8965078557343681,
    "eval_f1": 0.912764717311055,
    "eval_mcc": 0.8228687607323966,
    "eval_acc": 0.9111536178352352,
    "eval_threshold": 0.5
}