{
    "eval_recall": 0.9801071155317521,
    "eval_precision": 0.7709127382146439,
    "eval_f1": 0.8630136986301369,
    "eval_mcc": 0.7157096661068196,
    "eval_acc": 0.8444274419790869,
    "eval_threshold": 0.5
}