{
    "eval_recall": 0.9787760488260846,
    "eval_precision": 0.9411547002220577,
    "eval_f1": 0.9595967763672139,
    "eval_mcc": 0.9183124642794814,
    "eval_acc": 0.9587892450651564,
    "eval_threshold": 0.5
}