{
    "eval_recall": 0.6778008838055628,
    "eval_precision": 0.6639083386378103,
    "eval_f1": 0.670782686989517,
    "eval_mcc": 0.33474966801218137,
    "eval_acc": 0.6673381855991681,
    "eval_threshold": 0.5
}