{
    "eval_recall": 0.3529897940756057,
    "eval_precision": 0.47731769438275534,
    "eval_f1": 0.37479339781357135,
    "eval_mcc": 0.6063560007990696,
    "eval_acc": 0.6308769149498151
}