{
    "eval_recall": 0.9316943707221679,
    "eval_precision": 0.8962644450416555,
    "eval_f1": 0.9136360523251832,
    "eval_mcc": 0.8246167431648711,
    "eval_acc": 0.9119843651846165,
    "eval_threshold": 0.5
}