{
    "eval_recall": 0.7308118081180812,
    "eval_precision": 0.68,
    "eval_f1": 0.7044908848377057,
    "eval_mcc": 0.3879850548560152,
    "eval_acc": 0.693450184501845,
    "eval_threshold": 0.5
}