{
    "eval_recall": 0.2520802479697144,
    "eval_precision": 0.3638232710830064,
    "eval_f1": 0.2730052978939262,
    "eval_mcc": 0.6504777897671259,
    "eval_acc": 0.6800291545189504
}