{
    "eval_recall": 0.9672185212057253,
    "eval_precision": 0.9501717099721376,
    "eval_f1": 0.9586193371249265,
    "eval_mcc": 0.9166438058241085,
    "eval_acc": 0.9582481366664468,
    "eval_threshold": 0.5
}