{
    "eval_recall": 0.2490510236655244,
    "eval_precision": 0.3538649412991014,
    "eval_f1": 0.2705526848411648,
    "eval_mcc": 0.6186100464529534,
    "eval_acc": 0.6372566349334613
}