{
    "eval_recall": 0.25520248313728816,
    "eval_precision": 0.35075391984652465,
    "eval_f1": 0.2763610532138104,
    "eval_mcc": 0.6436543263244255,
    "eval_acc": 0.6723196941198236
}