{
    "eval_recall": 0.3720051706861849,
    "eval_precision": 0.49346027153349376,
    "eval_f1": 0.3924512279132945,
    "eval_mcc": 0.829723394696497,
    "eval_acc": 0.8377217649164068
}