{
    "eval_recall": 0.6218643741579521,
    "eval_precision": 0.9049575203062272,
    "eval_f1": 0.7371663244353183,
    "eval_mcc": 0.585962497889461,
    "eval_acc": 0.7782767691024571,
    "eval_threshold": 0.5
}