{
    "eval_recall": 0.9302816436910494,
    "eval_precision": 0.9063684853158538,
    "eval_f1": 0.918169390013671,
    "eval_mcc": 0.8344702864724625,
    "eval_acc": 0.9170899017215224,
    "eval_threshold": 0.5
}