{
    "eval_recall": 0.9610916613621897,
    "eval_precision": 0.9404391155403301,
    "eval_f1": 0.9506532346922714,
    "eval_mcc": 0.9005286622990832,
    "eval_acc": 0.9501550202718817,
    "eval_threshold": 0.5
}