{
    "eval_recall": 0.9732032600642134,
    "eval_precision": 0.9420835574681728,
    "eval_f1": 0.957390591308045,
    "eval_mcc": 0.9138532685699081,
    "eval_acc": 0.956677474139262,
    "eval_threshold": 0.5
}