{
    "eval_recall": 0.9891331192887133,
    "eval_precision": 0.9694402420574887,
    "eval_f1": 0.979187677638214,
    "eval_mcc": 0.9581410992486801,
    "eval_acc": 0.9789717461787865,
    "eval_threshold": 0.5
}