{
    "eval_recall": 0.9886688668866886,
    "eval_precision": 0.9623085983510011,
    "eval_f1": 0.9753106516902708,
    "eval_mcc": 0.9503015965888586,
    "eval_acc": 0.974972497249725,
    "eval_threshold": 0.5
}