{
    "eval_recall": 0.9299901022764764,
    "eval_precision": 0.8876991875039365,
    "eval_f1": 0.9083526682134572,
    "eval_mcc": 0.8133011677501271,
    "eval_acc": 0.9061881514711704,
    "eval_threshold": 0.5
}