{
    "eval_recall": 0.9681640732391269,
    "eval_precision": 0.9359485462180407,
    "eval_f1": 0.9517837837837838,
    "eval_mcc": 0.9024426989300622,
    "eval_acc": 0.9509539781162368,
    "eval_threshold": 0.5
}