{
    "eval_recall": 0.20531551218452582,
    "eval_precision": 0.3058839216052031,
    "eval_f1": 0.22477532528057756,
    "eval_mcc": 0.6704608690909813,
    "eval_acc": 0.6864236247223311
}