{
    "eval_recall": 0.6182739797244606,
    "eval_precision": 0.6398117014122394,
    "eval_f1": 0.6288584837067883,
    "eval_mcc": 0.2703637811955082,
    "eval_acc": 0.6351052768390953,
    "eval_threshold": 0.5
}