{
    "eval_recall": 0.9336499511104903,
    "eval_precision": 0.8808645229309436,
    "eval_f1": 0.9064894554824711,
    "eval_mcc": 0.8089553326585917,
    "eval_acc": 0.9037481677950723,
    "eval_threshold": 0.5
}