{
    "eval_recall": 0.5879906420587471,
    "eval_precision": 0.6464704201200343,
    "eval_f1": 0.615845358017969,
    "eval_mcc": 0.26753826823328636,
    "eval_acc": 0.6332206914478815,
    "eval_threshold": 0.5
}