{
    "eval_recall": 0.9787214528111529,
    "eval_precision": 0.9301372848115058,
    "eval_f1": 0.9538110880203795,
    "eval_mcc": 0.9064469589599189,
    "eval_acc": 0.9526047876731175,
    "eval_threshold": 0.5
}