{
    "eval_recall": 0.9253731343283582,
    "eval_precision": 0.8308870453095086,
    "eval_f1": 0.8755884330867518,
    "eval_mcc": 0.741841340284774,
    "eval_acc": 0.8685145700071073,
    "eval_threshold": 0.5
}