{
    "eval_recall": 0.7059040590405904,
    "eval_precision": 0.6846814602720115,
    "eval_f1": 0.6951308139534883,
    "eval_mcc": 0.38099487655871134,
    "eval_acc": 0.6904059040590406,
    "eval_threshold": 0.5
}