{
    "eval_recall": 0.9722814498933902,
    "eval_precision": 0.8566061365059486,
    "eval_f1": 0.910785619174434,
    "eval_mcc": 0.8170073750661812,
    "eval_acc": 0.9047619047619048,
    "eval_threshold": 0.5
}