{
    "eval_recall": 0.7165586706871111,
    "eval_precision": 0.835315234462643,
    "eval_f1": 0.771393052006354,
    "eval_mcc": 0.5811906641014665,
    "eval_acc": 0.787643549111439,
    "eval_threshold": 0.5
}