{
    "eval_recall": 0.9685485139172826,
    "eval_precision": 0.9316291030101346,
    "eval_f1": 0.9497301464919043,
    "eval_mcc": 0.8986734491559111,
    "eval_acc": 0.9489787933328117,
    "eval_threshold": 0.5
}