{
    "eval_recall": 0.9597420978141217,
    "eval_precision": 0.9426938523324065,
    "eval_f1": 0.9511415880931973,
    "eval_mcc": 0.90202254333065,
    "eval_acc": 0.9509351279442836,
    "eval_threshold": 0.5
}