{
    "eval_recall": 0.9528395224589407,
    "eval_precision": 0.9181974194368525,
    "eval_f1": 0.9351977730303619,
    "eval_mcc": 0.8685690570022392,
    "eval_acc": 0.933975331442517,
    "eval_threshold": 0.5
}