{
    "eval_recall": 0.7380073800738007,
    "eval_precision": 0.721110510185686,
    "eval_f1": 0.7294611106045409,
    "eval_mcc": 0.4527073215048244,
    "eval_acc": 0.7262915129151292,
    "eval_threshold": 0.5
}