{
    "eval_recall": 0.9098128636578078,
    "eval_precision": 0.8637653030755449,
    "eval_f1": 0.8861913150034464,
    "eval_mcc": 0.7685665188542471,
    "eval_acc": 0.8837154706941075,
    "eval_threshold": 0.5
}