{
    "eval_recall": 0.9538024164889837,
    "eval_precision": 0.8714285714285714,
    "eval_f1": 0.9107567017305734,
    "eval_mcc": 0.8167345918877232,
    "eval_acc": 0.9065387348969438,
    "eval_threshold": 0.5
}