{
    "eval_recall": 0.9878365028402074,
    "eval_precision": 0.9220794190536569,
    "eval_f1": 0.9538259754970639,
    "eval_mcc": 0.9066464119814418,
    "eval_acc": 0.9521692141423499,
    "eval_threshold": 0.5
}