{
    "eval_recall": 0.2788984895550374,
    "eval_precision": 0.39632952181576936,
    "eval_f1": 0.3022321096541703,
    "eval_mcc": 0.6147341448184249,
    "eval_acc": 0.6339025512551767
}