{
    "eval_recall": 0.4615412931887176,
    "eval_precision": 0.5916776581789784,
    "eval_f1": 0.4889220714648643,
    "eval_mcc": 0.8926715238152327,
    "eval_acc": 0.9011071630876977
}