{
    "eval_recall": 0.5603321033210332,
    "eval_precision": 0.748767258382643,
    "eval_f1": 0.6409877585479106,
    "eval_mcc": 0.3847062740334651,
    "eval_acc": 0.6861623616236162,
    "eval_threshold": 0.5
}