{
    "eval_recall": 0.9604907328012664,
    "eval_precision": 0.9266895761741123,
    "eval_f1": 0.9432874493927126,
    "eval_mcc": 0.8850952771170284,
    "eval_acc": 0.9422531495283952,
    "eval_threshold": 0.5
}