{
    "eval_recall": 0.6990440751908642,
    "eval_precision": 0.8638021246234343,
    "eval_f1": 0.7727385553703771,
    "eval_mcc": 0.5998361755327772,
    "eval_acc": 0.7944120100083403,
    "eval_threshold": 0.5
}