{
    "eval_recall": 0.16532939698610688,
    "eval_precision": 0.18678592723714169,
    "eval_f1": 0.16084176707961123,
    "eval_mcc": 0.6314437624466032,
    "eval_acc": 0.6577451615224117
}