{
    "eval_recall": 0.30530522703475343,
    "eval_precision": 0.4418375713455904,
    "eval_f1": 0.3298356766070513,
    "eval_mcc": 0.6310649942614185,
    "eval_acc": 0.6498287233498645
}