{
    "eval_recall": 0.7577332986742916,
    "eval_precision": 0.6500167242724941,
    "eval_f1": 0.6997539458680909,
    "eval_mcc": 0.35465656049910793,
    "eval_acc": 0.6748765271640239,
    "eval_threshold": 0.5
}