{
    "eval_recall": 0.9424180463030143,
    "eval_precision": 0.9194337194337194,
    "eval_f1": 0.9307840135500473,
    "eval_mcc": 0.8601065314082451,
    "eval_acc": 0.9299188707868874,
    "eval_threshold": 0.5
}