{
    "eval_recall": 0.9737029140014215,
    "eval_precision": 0.8399754751686083,
    "eval_f1": 0.901909150757077,
    "eval_mcc": 0.7983846772826197,
    "eval_acc": 0.8941009239516702,
    "eval_threshold": 0.5
}