{
    "eval_recall": 0.9867868609533218,
    "eval_precision": 0.9572352659319597,
    "eval_f1": 0.971786452632859,
    "eval_mcc": 0.9431388774966771,
    "eval_acc": 0.9713447583757913,
    "eval_threshold": 0.5
}