{
    "eval_recall": 0.7480106100795756,
    "eval_precision": 0.8591238575480618,
    "eval_f1": 0.7997261881478583,
    "eval_mcc": 0.6306511505924629,
    "eval_acc": 0.8126772157687734,
    "eval_threshold": 0.5
}