{
    "eval_recall": 0.7035352222511048,
    "eval_precision": 0.662545899632803,
    "eval_f1": 0.6824256177508825,
    "eval_mcc": 0.3458665832145652,
    "eval_acc": 0.6726020275539382,
    "eval_threshold": 0.5
}