{
    "eval_recall": 0.28474389904900066,
    "eval_precision": 0.3778687292790574,
    "eval_f1": 0.30071395896588904,
    "eval_mcc": 0.8132769906208541,
    "eval_acc": 0.8221004520087877
}