{
    "eval_recall": 0.9721654348167951,
    "eval_precision": 0.9388715923760347,
    "eval_f1": 0.9552284930660178,
    "eval_mcc": 0.90988420020207,
    "eval_acc": 0.9546521637060803,
    "eval_threshold": 0.5
}