{
    "eval_recall": 0.29450143452237393,
    "eval_precision": 0.4121226850257495,
    "eval_f1": 0.3134236638016525,
    "eval_mcc": 0.6244355566194907,
    "eval_acc": 0.6544827231062361
}