{
    "eval_recall": 0.6364277923910951,
    "eval_precision": 0.8855561506873773,
    "eval_f1": 0.7406024860950391,
    "eval_mcc": 0.5775035215547415,
    "eval_acc": 0.7770898825944698,
    "eval_threshold": 0.5
}