{
    "eval_recall": 0.9729660800816118,
    "eval_precision": 0.819372852233677,
    "eval_f1": 0.8895884341844468,
    "eval_mcc": 0.7721676317775459,
    "eval_acc": 0.8792399897985208,
    "eval_threshold": 0.5
}