{
    "eval_recall": 0.9672055427251732,
    "eval_precision": 0.9384122919334187,
    "eval_f1": 0.952591389114541,
    "eval_mcc": 0.9041733171827909,
    "eval_acc": 0.9518735981000132,
    "eval_threshold": 0.5
}