{
    "eval_recall": 0.9791633904701997,
    "eval_precision": 0.937020316027088,
    "eval_f1": 0.9576284220239927,
    "eval_mcc": 0.9146976543065667,
    "eval_acc": 0.9568823851631583,
    "eval_threshold": 0.5
}