{
    "eval_recall": 0.30132048984393356,
    "eval_precision": 0.39320600126462957,
    "eval_f1": 0.32441761115921214,
    "eval_mcc": 0.6396330571926236,
    "eval_acc": 0.6692668989403796
}