{
    "eval_recall": 0.22985103464903478,
    "eval_precision": 0.318042652435807,
    "eval_f1": 0.2435687548034611,
    "eval_mcc": 0.620756717224494,
    "eval_acc": 0.6530403998334028
}