{
    "eval_recall": 0.9689429488762658,
    "eval_precision": 0.9472445222430133,
    "eval_f1": 0.9579708817873822,
    "eval_mcc": 0.9152004571187672,
    "eval_acc": 0.9574803149606299,
    "eval_threshold": 0.5
}