{
    "eval_recall": 0.327817014346517,
    "eval_precision": 0.4729005186761519,
    "eval_f1": 0.3581545082593684,
    "eval_mcc": 0.638344501385736,
    "eval_acc": 0.6565264072805358
}