{
    "eval_recall": 0.39574358204322035,
    "eval_precision": 0.5126277405005006,
    "eval_f1": 0.4178778359818998,
    "eval_mcc": 0.8534369154301912,
    "eval_acc": 0.8649775992584582
}