{
    "eval_recall": 0.6814653236671585,
    "eval_precision": 0.863296488946684,
    "eval_f1": 0.7616793947868488,
    "eval_mcc": 0.586716642664387,
    "eval_acc": 0.7867774427407455,
    "eval_threshold": 0.5
}