{
    "eval_recall": 0.9597355493319866,
    "eval_precision": 0.9403085781116459,
    "eval_f1": 0.9499227483413615,
    "eval_mcc": 0.8990617688670176,
    "eval_acc": 0.9494344644045243,
    "eval_threshold": 0.5
}