{
    "eval_recall": 0.7991941772809982,
    "eval_precision": 0.6411887382690302,
    "eval_f1": 0.7115251099282573,
    "eval_mcc": 0.3631618760281056,
    "eval_acc": 0.6759812841174941,
    "eval_threshold": 0.5
}