{
    "eval_recall": 0.9811881188118812,
    "eval_precision": 0.9458112407211029,
    "eval_f1": 0.9631749460043195,
    "eval_mcc": 0.9256202136307504,
    "eval_acc": 0.9624862486248625,
    "eval_threshold": 0.5
}