{
    "eval_recall": 0.9548819667551334,
    "eval_precision": 0.9368233520624915,
    "eval_f1": 0.9457664637520753,
    "eval_mcc": 0.8907228649959475,
    "eval_acc": 0.9452781461576045,
    "eval_threshold": 0.5
}