{
    "eval_recall": 0.9729462223688552,
    "eval_precision": 0.9347068145800317,
    "eval_f1": 0.953443258971872,
    "eval_mcc": 0.9057594040580023,
    "eval_acc": 0.9525003298588204,
    "eval_threshold": 0.5
}