{
    "eval_recall": 0.9595062116685014,
    "eval_precision": 0.9225128515270637,
    "eval_f1": 0.9406459569875896,
    "eval_mcc": 0.8802110169152201,
    "eval_acc": 0.939744893966664,
    "eval_threshold": 0.5
}