{
    "eval_recall": 0.6337332392378264,
    "eval_precision": 0.9046615990475319,
    "eval_f1": 0.7453406775824342,
    "eval_mcc": 0.5942200454648868,
    "eval_acc": 0.7834734073266183,
    "eval_threshold": 0.5
}