{
    "eval_recall": 0.9242911021092332,
    "eval_precision": 0.8899798251513114,
    "eval_f1": 0.9068110182266685,
    "eval_mcc": 0.810755150718987,
    "eval_acc": 0.9050743351713548,
    "eval_threshold": 0.5
}