{
    "eval_recall": 0.9825444252240918,
    "eval_precision": 0.9526568575131509,
    "eval_f1": 0.9673698471066382,
    "eval_mcc": 0.9344962324625408,
    "eval_acc": 0.967016198450583,
    "eval_threshold": 0.5
}