{
    "eval_recall": 0.3826709198597316,
    "eval_precision": 0.5055082501504262,
    "eval_f1": 0.41525077872094923,
    "eval_mcc": 0.845461065844529,
    "eval_acc": 0.8542789223454833
}