{
    "eval_recall": 0.3008983062853408,
    "eval_precision": 0.3990801599120161,
    "eval_f1": 0.32139160099519665,
    "eval_mcc": 0.8094385108333311,
    "eval_acc": 0.8198614922252712
}