{
    "eval_recall": 0.21653460462484328,
    "eval_precision": 0.26463379271094534,
    "eval_f1": 0.21789215969533543,
    "eval_mcc": 0.6332776364913029,
    "eval_acc": 0.6620678883798418
}