{
    "eval_recall": 0.9223424570337365,
    "eval_precision": 0.8887525875948785,
    "eval_f1": 0.905236031392761,
    "eval_mcc": 0.8076415922517899,
    "eval_acc": 0.9035296923443835,
    "eval_threshold": 0.5
}