{
    "eval_recall": 0.989772914719305,
    "eval_precision": 0.9489193463363205,
    "eval_f1": 0.9689156821056598,
    "eval_mcc": 0.9373622204310623,
    "eval_acc": 0.968246549733326,
    "eval_threshold": 0.5
}