{
    "eval_recall": 0.9774421212321087,
    "eval_precision": 0.9169038485335973,
    "eval_f1": 0.9462056635699008,
    "eval_mcc": 0.8908033147663375,
    "eval_acc": 0.9444297869533672,
    "eval_threshold": 0.5
}