{
    "eval_recall": 0.9869720918745369,
    "eval_precision": 0.957587012520218,
    "eval_f1": 0.9720575268326797,
    "eval_mcc": 0.9436895737802569,
    "eval_acc": 0.9716226648139571,
    "eval_threshold": 0.5
}