{
    "eval_recall": 0.9296626352641629,
    "eval_precision": 0.8945031388761292,
    "eval_f1": 0.9117440499414748,
    "eval_mcc": 0.8208156856587231,
    "eval_acc": 0.9100882423086096,
    "eval_threshold": 0.5
}