{
    "eval_recall": 0.9212140273627929,
    "eval_precision": 0.8777344920587354,
    "eval_f1": 0.8989488222205173,
    "eval_mcc": 0.7948905344165608,
    "eval_acc": 0.8969402926676578,
    "eval_threshold": 0.5
}