{
    "eval_recall": 0.24882676833215278,
    "eval_precision": 0.39139769086411835,
    "eval_f1": 0.27191440768916814,
    "eval_mcc": 0.612581687779754,
    "eval_acc": 0.6346008101398144
}