{
    "eval_recall": 0.22273858022156848,
    "eval_precision": 0.3289558307694315,
    "eval_f1": 0.23921701616855767,
    "eval_mcc": 0.6035429122800446,
    "eval_acc": 0.6255063373840324
}