{
    "eval_recall": 0.8763326226012793,
    "eval_precision": 0.8203592814371258,
    "eval_f1": 0.8474226804123712,
    "eval_mcc": 0.6860337014668909,
    "eval_acc": 0.8422174840085288,
    "eval_threshold": 0.5
}