{
    "eval_recall": 0.7993231500960395,
    "eval_precision": 0.8239675655289459,
    "eval_f1": 0.8114582849714471,
    "eval_mcc": 0.6288370825837878,
    "eval_acc": 0.8142778743254367,
    "eval_threshold": 0.5
}