{
    "eval_recall": 0.9503990501945782,
    "eval_precision": 0.9050310910118711,
    "eval_f1": 0.9271604143877484,
    "eval_mcc": 0.8517403140041221,
    "eval_acc": 0.9253347404524768,
    "eval_threshold": 0.5
}