{
    "eval_recall": 0.2962344694457358,
    "eval_precision": 0.39239087466829276,
    "eval_f1": 0.3189518250334439,
    "eval_mcc": 0.6411967342109177,
    "eval_acc": 0.6705721538761961
}