{
    "eval_recall": 0.9699638307910049,
    "eval_precision": 0.9464477520331441,
    "eval_f1": 0.9580615097856477,
    "eval_mcc": 0.9157743712947602,
    "eval_acc": 0.957743172392206,
    "eval_threshold": 0.5
}