{
    "eval_recall": 0.9719015896049074,
    "eval_precision": 0.9464928057553957,
    "eval_f1": 0.9590289303264018,
    "eval_mcc": 0.9172885725238488,
    "eval_acc": 0.9584789921509135,
    "eval_threshold": 0.5
}