{
    "eval_recall": 0.7187399756207096,
    "eval_precision": 0.8395533573141487,
    "eval_f1": 0.7744633783830494,
    "eval_mcc": 0.5874966162817858,
    "eval_acc": 0.7906909604157311,
    "eval_threshold": 0.5
}