{
    "eval_recall": 0.8199261992619926,
    "eval_precision": 0.6361294016604638,
    "eval_f1": 0.7164275350636791,
    "eval_mcc": 0.3665560287880881,
    "eval_acc": 0.6754612546125461,
    "eval_threshold": 0.5
}