{
    "eval_recall": 0.9625646039949713,
    "eval_precision": 0.9153825717321998,
    "eval_f1": 0.9383808810512698,
    "eval_mcc": 0.8748304786996816,
    "eval_acc": 0.9368325539191736,
    "eval_threshold": 0.5
}