{
    "eval_recall": 0.9824532453245325,
    "eval_precision": 0.9178314491264131,
    "eval_f1": 0.9490435706695005,
    "eval_mcc": 0.8967248115537246,
    "eval_acc": 0.9472497249724973,
    "eval_threshold": 0.5
}