{
    "eval_recall": 0.2974743583151303,
    "eval_precision": 0.42248338164212035,
    "eval_f1": 0.33005645588231963,
    "eval_mcc": 0.5943432743362549,
    "eval_acc": 0.6175094734091207
}