{
    "eval_recall": 0.9875895282785873,
    "eval_precision": 0.9715726173844378,
    "eval_f1": 0.9795156006001409,
    "eval_mcc": 0.9588147833305655,
    "eval_acc": 0.9793422880963409,
    "eval_threshold": 0.5
}