{
    "eval_recall": 0.9737029140014215,
    "eval_precision": 0.8477722772277227,
    "eval_f1": 0.9063843863711545,
    "eval_mcc": 0.8078248785456306,
    "eval_acc": 0.8994314143567875,
    "eval_threshold": 0.5
}