{
    "eval_recall": 0.7900173221274138,
    "eval_precision": 0.8189678105879223,
    "eval_f1": 0.8042321131175914,
    "eval_mcc": 0.6157694747210067,
    "eval_acc": 0.8076923076923077,
    "eval_threshold": 0.5
}