{
    "eval_recall": 0.9542989098329843,
    "eval_precision": 0.9732719903603899,
    "eval_f1": 0.9636920740800997,
    "eval_mcc": 0.9282683365586822,
    "eval_acc": 0.9640459696042103,
    "eval_threshold": 0.5
}