{
    "eval_recall": 0.9761889057450036,
    "eval_precision": 0.9368274465122167,
    "eval_f1": 0.9561032333085693,
    "eval_mcc": 0.9111667184814769,
    "eval_acc": 0.9551810566585318,
    "eval_threshold": 0.5
}