{
    "eval_recall": 0.9774421212321087,
    "eval_precision": 0.9281017097764138,
    "eval_f1": 0.9521331277306605,
    "eval_mcc": 0.902998486166658,
    "eval_acc": 0.9508607611635116,
    "eval_threshold": 0.5
}