{
    "eval_recall": 0.2699180198931188,
    "eval_precision": 0.4071076809059928,
    "eval_f1": 0.2950448771399467,
    "eval_mcc": 0.6233959167304125,
    "eval_acc": 0.6447406245916634
}