{
    "eval_recall": 0.8151291512915129,
    "eval_precision": 0.6415916352018588,
    "eval_f1": 0.7180237282626362,
    "eval_mcc": 0.3737083224791081,
    "eval_acc": 0.6798892988929889,
    "eval_threshold": 0.5
}