{
    "eval_recall": 0.7909997256013903,
    "eval_precision": 0.8314585136044611,
    "eval_f1": 0.8107246648542233,
    "eval_mcc": 0.6314074368391045,
    "eval_acc": 0.8153297356626726,
    "eval_threshold": 0.5
}