{
    "eval_recall": 0.3045302094283349,
    "eval_precision": 0.4558930421416071,
    "eval_f1": 0.3352732253374772,
    "eval_mcc": 0.6302067199504563,
    "eval_acc": 0.6493941408047447
}