{
    "eval_recall": 0.5908500129971407,
    "eval_precision": 0.6451887595799035,
    "eval_f1": 0.6168249660786974,
    "eval_mcc": 0.26686966914019383,
    "eval_acc": 0.6329607486353003,
    "eval_threshold": 0.5
}