{
    "eval_recall": 0.900497512437811,
    "eval_precision": 0.813222079589217,
    "eval_f1": 0.854637436762226,
    "eval_mcc": 0.6977040939206874,
    "eval_acc": 0.8468372423596304,
    "eval_threshold": 0.5
}