{
    "eval_recall": 0.8642501776830135,
    "eval_precision": 0.8340192043895748,
    "eval_f1": 0.8488656195462478,
    "eval_mcc": 0.6927082342165386,
    "eval_acc": 0.8461265103056148,
    "eval_threshold": 0.5
}