{
    "eval_recall": 0.5457753255918394,
    "eval_precision": 0.9614602169981917,
    "eval_f1": 0.6962962962962962,
    "eval_mcc": 0.5810069914133893,
    "eval_acc": 0.7619490601141977,
    "eval_threshold": 0.5
}