{
    "eval_recall": 0.8059040590405904,
    "eval_precision": 0.7014613778705637,
    "eval_f1": 0.7500643942646176,
    "eval_mcc": 0.4681332633508018,
    "eval_acc": 0.7314575645756457,
    "eval_threshold": 0.5
}