{
    "eval_recall": 0.9203893301501308,
    "eval_precision": 0.8501696352841391,
    "eval_f1": 0.8838870395273473,
    "eval_mcc": 0.7609305125135047,
    "eval_acc": 0.8791612177942965,
    "eval_threshold": 0.5
}