{
    "eval_recall": 0.658435144268261,
    "eval_precision": 0.6578366445916115,
    "eval_f1": 0.6581357583631049,
    "eval_mcc": 0.3159606194584658,
    "eval_acc": 0.6579802443462438,
    "eval_threshold": 0.5
}