{
    "eval_recall": 0.9207675812393468,
    "eval_precision": 0.8921683537559936,
    "eval_f1": 0.9062423898043672,
    "eval_mcc": 0.809895520933388,
    "eval_acc": 0.904739649199978,
    "eval_threshold": 0.5
}