{
    "eval_recall": 0.9738304026445067,
    "eval_precision": 0.9292473495137125,
    "eval_f1": 0.9510166565785639,
    "eval_mcc": 0.9007795529074685,
    "eval_acc": 0.9498703741941404,
    "eval_threshold": 0.5
}