{
    "eval_recall": 0.6492589978828511,
    "eval_precision": 0.8753568030447193,
    "eval_f1": 0.7455429497568883,
    "eval_mcc": 0.5763681497841181,
    "eval_acc": 0.7784050811573747,
    "eval_threshold": 0.5
}