{
    "eval_recall": 0.6629883877590299,
    "eval_precision": 0.87829338772735,
    "eval_f1": 0.7556026761232771,
    "eval_mcc": 0.5890915268743276,
    "eval_acc": 0.7855584782190287,
    "eval_threshold": 0.5
}