{
    "eval_recall": 0.6404990902001559,
    "eval_precision": 0.6344792069009914,
    "eval_f1": 0.6374749369381023,
    "eval_mcc": 0.27152248930946016,
    "eval_acc": 0.6357551338705485,
    "eval_threshold": 0.5
}