{
    "eval_recall": 0.9900592738947889,
    "eval_precision": 0.9691164027559531,
    "eval_f1": 0.979475902510537,
    "eval_mcc": 0.9587230982022341,
    "eval_acc": 0.9792496526169523,
    "eval_threshold": 0.5
}