{
    "eval_recall": 0.9503990501945782,
    "eval_precision": 0.9136968928344958,
    "eval_f1": 0.9316866573987261,
    "eval_mcc": 0.8613244159705871,
    "eval_acc": 0.9303146230459732,
    "eval_threshold": 0.5
}