{
    "eval_recall": 0.9599901210175352,
    "eval_precision": 0.9398537145620505,
    "eval_f1": 0.949815205107059,
    "eval_mcc": 0.8987391868873456,
    "eval_acc": 0.9492666357881735,
    "eval_threshold": 0.5
}