{
    "eval_recall": 0.9902127893550338,
    "eval_precision": 0.9486909339935732,
    "eval_f1": 0.969007263922518,
    "eval_mcc": 0.9375564727946814,
    "eval_acc": 0.9683290262275251,
    "eval_threshold": 0.5
}