{
    "eval_recall": 0.9345430550973276,
    "eval_precision": 0.916521063871093,
    "eval_f1": 0.9254443282801883,
    "eval_mcc": 0.8496172170659338,
    "eval_acc": 0.9247262171790473,
    "eval_threshold": 0.5
}