{
    "eval_recall": 0.9617264981142618,
    "eval_precision": 0.9396751740139211,
    "eval_f1": 0.9505729670026233,
    "eval_mcc": 0.900297903768921,
    "eval_acc": 0.9500244293990368,
    "eval_threshold": 0.5
}