{
    "eval_recall": 0.9857179290997194,
    "eval_precision": 0.7759486046978519,
    "eval_f1": 0.8683441923163334,
    "eval_mcc": 0.7282115117273482,
    "eval_acc": 0.8505483295077786,
    "eval_threshold": 0.5
}