{
    "eval_recall": 0.9902127893550338,
    "eval_precision": 0.9648023143683703,
    "eval_f1": 0.9773424144574391,
    "eval_mcc": 0.9544191652280418,
    "eval_acc": 0.9770440424479023,
    "eval_threshold": 0.5
}