{
    "eval_recall": 0.9604247740914188,
    "eval_precision": 0.9146931339908285,
    "eval_f1": 0.937001287001287,
    "eval_mcc": 0.8719433133626429,
    "eval_acc": 0.935426423059165,
    "eval_threshold": 0.5
}