{
    "eval_recall": 0.9939517237587288,
    "eval_precision": 0.9523734260576365,
    "eval_f1": 0.9727184674989238,
    "eval_mcc": 0.9451470362961388,
    "eval_acc": 0.9721229449606862,
    "eval_threshold": 0.5
}