{
    "eval_recall": 0.9798710489070609,
    "eval_precision": 0.9408833522083805,
    "eval_f1": 0.9599815121519084,
    "eval_mcc": 0.9194908328163247,
    "eval_acc": 0.959347366773613,
    "eval_threshold": 0.5
}