{
    "eval_recall": 0.9290403687665875,
    "eval_precision": 0.8847944658773447,
    "eval_f1": 0.9063777596075224,
    "eval_mcc": 0.8092113591079805,
    "eval_acc": 0.9040971592098834,
    "eval_threshold": 0.5
}