{
    "eval_recall": 0.9808594714744381,
    "eval_precision": 0.9437975285171103,
    "eval_f1": 0.9619716604093496,
    "eval_mcc": 0.9231449260535477,
    "eval_acc": 0.9612166126293037,
    "eval_threshold": 0.5
}