{
    "eval_recall": 0.8617031007042898,
    "eval_precision": 0.8293133802816901,
    "eval_f1": 0.8451980442291303,
    "eval_mcc": 0.6848726763169798,
    "eval_acc": 0.8421750663129973,
    "eval_threshold": 0.5
}