{
    "eval_recall": 0.5750922509225093,
    "eval_precision": 0.74002849002849,
    "eval_f1": 0.647217607973422,
    "eval_mcc": 0.3826887718350199,
    "eval_acc": 0.6865313653136531,
    "eval_threshold": 0.5
}