{
    "eval_recall": 0.2874141707929693,
    "eval_precision": 0.38004586353137154,
    "eval_f1": 0.3030524963008695,
    "eval_mcc": 0.7982576190409919,
    "eval_acc": 0.8074543572132017
}