{
    "eval_recall": 0.33421312483878024,
    "eval_precision": 0.46930127512818043,
    "eval_f1": 0.36183017767248726,
    "eval_mcc": 0.61098771745684,
    "eval_acc": 0.6350765979926043
}