{
    "eval_recall": 0.9767916347870441,
    "eval_precision": 0.7782970940865678,
    "eval_f1": 0.8663198371409184,
    "eval_mcc": 0.722436319223013,
    "eval_acc": 0.8492731446059678,
    "eval_threshold": 0.5
}