{
    "eval_recall": 0.9357307819201583,
    "eval_precision": 0.9079326461361162,
    "eval_f1": 0.9216221485669721,
    "eval_mcc": 0.841271297452696,
    "eval_acc": 0.9204380525135242,
    "eval_threshold": 0.5
}