{
    "eval_recall": 0.9832847638423049,
    "eval_precision": 0.9222319632819349,
    "eval_f1": 0.9517802969822767,
    "eval_mcc": 0.9023478765785722,
    "eval_acc": 0.9501841975037114,
    "eval_threshold": 0.5
}