{
    "eval_recall": 0.7511070110701107,
    "eval_precision": 0.6702337833388212,
    "eval_f1": 0.7083695841308509,
    "eval_mcc": 0.38435817412875417,
    "eval_acc": 0.6907749077490775,
    "eval_threshold": 0.5
}