{
    "eval_recall": 0.7217712177121771,
    "eval_precision": 0.6801112656467315,
    "eval_f1": 0.7003222341568206,
    "eval_mcc": 0.38300704380645123,
    "eval_acc": 0.6911439114391144,
    "eval_threshold": 0.5
}