{
    "eval_recall": 0.3508174698701056,
    "eval_precision": 0.475608975848563,
    "eval_f1": 0.37571295731480153,
    "eval_mcc": 0.8700222276029972,
    "eval_acc": 0.8802586003104026
}