{
    "eval_recall": 0.2459715567277896,
    "eval_precision": 0.3378598716819468,
    "eval_f1": 0.26515474639222003,
    "eval_mcc": 0.6266392476925852,
    "eval_acc": 0.6567378948125765
}