{
    "eval_recall": 0.9594882729211087,
    "eval_precision": 0.8681672025723473,
    "eval_f1": 0.9115462525320729,
    "eval_mcc": 0.8183280257069331,
    "eval_acc": 0.9068941009239516,
    "eval_threshold": 0.5
}