{
    "eval_recall": 0.6538918869477728,
    "eval_precision": 0.9274779449922159,
    "eval_f1": 0.7670189367523201,
    "eval_mcc": 0.6308318432443074,
    "eval_acc": 0.8013811396688924,
    "eval_threshold": 0.5
}