{
    "eval_recall": 0.23486257521337897,
    "eval_precision": 0.3309163527009886,
    "eval_f1": 0.24785608477152307,
    "eval_mcc": 0.5808380588254313,
    "eval_acc": 0.6055467511885896
}