{
    "eval_recall": 0.28488215830697156,
    "eval_precision": 0.40058369357668927,
    "eval_f1": 0.3032547883625887,
    "eval_mcc": 0.620746533812819,
    "eval_acc": 0.6509809979916577
}