{
    "eval_recall": 0.30312255777733027,
    "eval_precision": 0.4032702872906412,
    "eval_f1": 0.3218808395884317,
    "eval_mcc": 0.7758089643871294,
    "eval_acc": 0.7872990983927871
}