{
    "eval_recall": 0.9303482587064676,
    "eval_precision": 0.8300570703868104,
    "eval_f1": 0.8773458445040214,
    "eval_mcc": 0.7453324555640725,
    "eval_acc": 0.8699360341151386,
    "eval_threshold": 0.5
}