{
    "eval_recall": 0.9622545269064015,
    "eval_precision": 0.7760180995475113,
    "eval_f1": 0.8591597404076056,
    "eval_mcc": 0.7051262817955892,
    "eval_acc": 0.8422596276460087,
    "eval_threshold": 0.5
}