{
    "eval_recall": 0.9864830400408059,
    "eval_precision": 0.8279109589041096,
    "eval_f1": 0.9002676597230304,
    "eval_mcc": 0.7961734898370857,
    "eval_acc": 0.8907166539148177,
    "eval_threshold": 0.5
}