{
    "eval_recall": 0.9772565742714996,
    "eval_precision": 0.8389261744966443,
    "eval_f1": 0.9028233749179252,
    "eval_mcc": 0.800581682003005,
    "eval_acc": 0.8948116560056859,
    "eval_threshold": 0.5
}