{
    "eval_recall": 0.9340305079415002,
    "eval_precision": 0.8572562603738183,
    "eval_f1": 0.8939981185324554,
    "eval_mcc": 0.7827618669122546,
    "eval_acc": 0.8897801079896706,
    "eval_threshold": 0.5
}