{
    "eval_recall": 0.9778378734911946,
    "eval_precision": 0.9457735247208932,
    "eval_f1": 0.9615384615384616,
    "eval_mcc": 0.9223031693547853,
    "eval_acc": 0.9608864850603522,
    "eval_threshold": 0.5
}