{
    "eval_recall": 0.59829849611303,
    "eval_precision": 0.7025388079021748,
    "eval_f1": 0.6263807705643226,
    "eval_mcc": 0.9590089760712385,
    "eval_acc": 0.9621270516654847
}