{
    "eval_recall": 0.3033711672160534,
    "eval_precision": 0.4265967465087061,
    "eval_f1": 0.3251925573955487,
    "eval_mcc": 0.6397464079923946,
    "eval_acc": 0.6685411195221175
}