{
    "eval_recall": 0.3944472789656579,
    "eval_precision": 0.49602118737676726,
    "eval_f1": 0.41668267497751976,
    "eval_mcc": 0.8522401589963199,
    "eval_acc": 0.8638755857665174
}