{
    "eval_recall": 0.977024672108594,
    "eval_precision": 0.9411167064228289,
    "eval_f1": 0.9587345873458735,
    "eval_mcc": 0.9165621055459642,
    "eval_acc": 0.9579473539392828,
    "eval_threshold": 0.5
}