{
    "eval_recall": 0.657150189260281,
    "eval_precision": 0.8863793700242298,
    "eval_f1": 0.754743396087389,
    "eval_mcc": 0.5930896253796186,
    "eval_acc": 0.7864566626034516,
    "eval_threshold": 0.5
}