{
    "eval_recall": 0.9394622532578215,
    "eval_precision": 0.9204827066048917,
    "eval_f1": 0.929875642874636,
    "eval_mcc": 0.8584878946821456,
    "eval_acc": 0.9291526914829273,
    "eval_threshold": 0.5
}