{
    "eval_recall": 0.44474478080991964,
    "eval_precision": 0.604313575710711,
    "eval_f1": 0.47712439437029447,
    "eval_mcc": 0.8829812911535142,
    "eval_acc": 0.8922086616200628
}