{
    "eval_recall": 0.9913558903432946,
    "eval_precision": 0.9477039310589068,
    "eval_f1": 0.9690385659967409,
    "eval_mcc": 0.937632313866536,
    "eval_acc": 0.9683186660490968,
    "eval_threshold": 0.5
}