{
    "eval_recall": 0.36600334957480085,
    "eval_precision": 0.4906318700895964,
    "eval_f1": 0.39208256808922093,
    "eval_mcc": 0.8837197180381775,
    "eval_acc": 0.8932736359850062
}