{
    "eval_recall": 0.9867380770211681,
    "eval_precision": 0.8456830601092896,
    "eval_f1": 0.9107815442561206,
    "eval_mcc": 0.8181427297530302,
    "eval_acc": 0.9033409844427442,
    "eval_threshold": 0.5
}