{
    "eval_recall": 0.9559767843912077,
    "eval_precision": 0.9285714285714286,
    "eval_f1": 0.9420748402798904,
    "eval_mcc": 0.8827986757852908,
    "eval_acc": 0.9412073490813648,
    "eval_threshold": 0.5
}