{
    "eval_recall": 0.9854628921193573,
    "eval_precision": 0.7726454709058188,
    "eval_f1": 0.8661735036987223,
    "eval_mcc": 0.7234709441865179,
    "eval_acc": 0.8477429227237949,
    "eval_threshold": 0.5
}