{
    "eval_recall": 0.9897964663551904,
    "eval_precision": 0.9902750913389211,
    "eval_f1": 0.990035721000188,
    "eval_mcc": 0.9800763724628487,
    "eval_acc": 0.9900381289941464,
    "eval_threshold": 0.5
}