{
    "eval_recall": 0.9813812712097588,
    "eval_precision": 0.9389259389259389,
    "eval_f1": 0.9596842907753711,
    "eval_mcc": 0.9184850632090619,
    "eval_acc": 0.9587728148216087,
    "eval_threshold": 0.5
}