{
    "eval_recall": 0.9586534432183266,
    "eval_precision": 0.9274324324324325,
    "eval_f1": 0.9427845319046638,
    "eval_mcc": 0.884218988582679,
    "eval_acc": 0.9418580302924549,
    "eval_threshold": 0.5
}