{
    "eval_recall": 0.9687355715322208,
    "eval_precision": 0.9489565161206952,
    "eval_f1": 0.9587440433448657,
    "eval_mcc": 0.9168273604275059,
    "eval_acc": 0.9583140953762944,
    "eval_threshold": 0.5
}