{
    "eval_recall": 0.9825076901886965,
    "eval_precision": 0.9472379603399433,
    "eval_f1": 0.9645505149527867,
    "eval_mcc": 0.9284670999884183,
    "eval_acc": 0.9639112579438823,
    "eval_threshold": 0.5
}