{
    "eval_recall": 0.9414966734480673,
    "eval_precision": 0.9112341014315364,
    "eval_f1": 0.9261182324625453,
    "eval_mcc": 0.8502518294799645,
    "eval_acc": 0.9248914059493044,
    "eval_threshold": 0.5
}