{
    "eval_recall": 0.9558597569492946,
    "eval_precision": 0.922485845241305,
    "eval_f1": 0.9388763119983536,
    "eval_mcc": 0.8761950875766754,
    "eval_acc": 0.9378097298806449,
    "eval_threshold": 0.5
}