{
    "eval_recall": 0.2941954360079169,
    "eval_precision": 0.4119132740934184,
    "eval_f1": 0.31927887854563447,
    "eval_mcc": 0.6454927660232692,
    "eval_acc": 0.665203188292173
}