{
    "eval_recall": 0.973607521856271,
    "eval_precision": 0.9395627719409955,
    "eval_f1": 0.9562822347635892,
    "eval_mcc": 0.9115789966726005,
    "eval_acc": 0.9554901852971903,
    "eval_threshold": 0.5
}