{
    "eval_recall": 0.9763208231646989,
    "eval_precision": 0.9217261348776387,
    "eval_f1": 0.9482383087764253,
    "eval_mcc": 0.8949820379186946,
    "eval_acc": 0.9467053624431107,
    "eval_threshold": 0.5
}