{
    "eval_recall": 0.5504587155963303,
    "eval_precision": 0.9596242031092719,
    "eval_f1": 0.6996086105675148,
    "eval_mcc": 0.5829440837135773,
    "eval_acc": 0.7636491948418553,
    "eval_threshold": 0.5
}