{
    "eval_recall": 0.3357625849947454,
    "eval_precision": 0.4719744238450158,
    "eval_f1": 0.36020126197010544,
    "eval_mcc": 0.6142726873236156,
    "eval_acc": 0.6382989963021659
}