{
    "eval_recall": 0.34956388663589455,
    "eval_precision": 0.45791835812206766,
    "eval_f1": 0.36933603465944487,
    "eval_mcc": 0.8223665782796142,
    "eval_acc": 0.8306917531571144
}