{
    "eval_recall": 0.922271704696754,
    "eval_precision": 0.8600419574431648,
    "eval_f1": 0.8900704506181045,
    "eval_mcc": 0.774354023697028,
    "eval_acc": 0.8861587170486613,
    "eval_threshold": 0.5
}