{
    "eval_recall": 0.9289006844531359,
    "eval_precision": 0.8927372801718352,
    "eval_f1": 0.9104600219058051,
    "eval_mcc": 0.8180828715840895,
    "eval_acc": 0.9087038458853912,
    "eval_threshold": 0.5
}