{
    "eval_recall": 0.9898828833782372,
    "eval_precision": 0.963706439698089,
    "eval_f1": 0.9766192904415754,
    "eval_mcc": 0.952955112431137,
    "eval_acc": 0.97630175400011,
    "eval_threshold": 0.5
}