{
    "eval_recall": 0.9704356030822456,
    "eval_precision": 0.9196036062886521,
    "eval_f1": 0.9443360495810857,
    "eval_mcc": 0.8875119504535632,
    "eval_acc": 0.9430706628061664,
    "eval_threshold": 0.5
}