{
    "eval_recall": 0.6809520754474883,
    "eval_precision": 0.8843526078986835,
    "eval_f1": 0.7694370944941824,
    "eval_mcc": 0.6082091212086097,
    "eval_acc": 0.795951754667351,
    "eval_threshold": 0.5
}