{
    "eval_recall": 0.9556414800494066,
    "eval_precision": 0.9666992611907866,
    "eval_f1": 0.961138567069054,
    "eval_mcc": 0.9227820304794274,
    "eval_acc": 0.9613608291713657,
    "eval_threshold": 0.5
}