{
    "eval_recall": 0.276628838343909,
    "eval_precision": 0.396563167208408,
    "eval_f1": 0.2923321022576525,
    "eval_mcc": 0.620942191583907,
    "eval_acc": 0.6515165559503578
}