{
    "eval_recall": 0.2874334098651657,
    "eval_precision": 0.3841792157941147,
    "eval_f1": 0.30503014875858825,
    "eval_mcc": 0.6440038888620168,
    "eval_acc": 0.6619529809853286
}