{
    "eval_recall": 0.9516702203269367,
    "eval_precision": 0.8316770186335404,
    "eval_f1": 0.8876367252237322,
    "eval_mcc": 0.7670877921711711,
    "eval_acc": 0.8795309168443497,
    "eval_threshold": 0.5
}