{
    "eval_recall": 0.9734631100500436,
    "eval_precision": 0.9293039971949509,
    "eval_f1": 0.9508711348296971,
    "eval_mcc": 0.9004841441604434,
    "eval_acc": 0.9497327184711037,
    "eval_threshold": 0.5
}