{
    "eval_recall": 0.9261676364208209,
    "eval_precision": 0.8700051702489106,
    "eval_f1": 0.8972083634840233,
    "eval_mcc": 0.7904862031444658,
    "eval_acc": 0.8943970576727444,
    "eval_threshold": 0.5
}