{
    "eval_recall": 0.9358389683912565,
    "eval_precision": 0.872516677662928,
    "eval_f1": 0.9030691604385599,
    "eval_mcc": 0.8022208851412481,
    "eval_acc": 0.9000313013537835,
    "eval_threshold": 0.5
}