{
    "eval_recall": 0.990979097909791,
    "eval_precision": 0.9524715833994184,
    "eval_f1": 0.9713438468796334,
    "eval_mcc": 0.9422995657139019,
    "eval_acc": 0.9707645764576458,
    "eval_threshold": 0.5
}