{
    "eval_recall": 0.7344582023481107,
    "eval_precision": 0.8665506017712512,
    "eval_f1": 0.7950552121675116,
    "eval_mcc": 0.6286983836839264,
    "eval_acc": 0.810675562969141,
    "eval_threshold": 0.5
}