{
    "eval_recall": 0.9762815608263198,
    "eval_precision": 0.8343504795117699,
    "eval_f1": 0.8997532024914796,
    "eval_mcc": 0.7940262796180612,
    "eval_acc": 0.8912267278755419,
    "eval_threshold": 0.5
}