{
    "eval_recall": 0.9683669253018686,
    "eval_precision": 0.9204049572351196,
    "eval_f1": 0.9437769872698392,
    "eval_mcc": 0.8858959482882681,
    "eval_acc": 0.942345194668135,
    "eval_threshold": 0.5
}