{
    "eval_recall": 0.9206593099594915,
    "eval_precision": 0.8689518787079763,
    "eval_f1": 0.8940586001085188,
    "eval_mcc": 0.7833444805252754,
    "eval_acc": 0.8909750820129825,
    "eval_threshold": 0.5
}