{
    "eval_recall": 0.9827016826545054,
    "eval_precision": 0.9512139432224674,
    "eval_f1": 0.9667014734888039,
    "eval_mcc": 0.933139288459476,
    "eval_acc": 0.9663119179904531,
    "eval_threshold": 0.5
}