{
    "eval_recall": 0.9916973662506186,
    "eval_precision": 0.9469704924918618,
    "eval_f1": 0.9688179840464104,
    "eval_mcc": 0.937209148799038,
    "eval_acc": 0.9680815967449277,
    "eval_threshold": 0.5
}