{
    "eval_recall": 0.7535900484770878,
    "eval_precision": 0.8814592917513641,
    "eval_f1": 0.8125246548323471,
    "eval_mcc": 0.6592186649809624,
    "eval_acc": 0.8261227476447452,
    "eval_threshold": 0.5
}