{
    "eval_recall": 0.8644470868014269,
    "eval_precision": 0.8240474322085622,
    "eval_f1": 0.843763949647353,
    "eval_mcc": 0.6806868088985221,
    "eval_acc": 0.8399341443336688,
    "eval_threshold": 0.5
}