{
    "eval_recall": 0.9793258921207456,
    "eval_precision": 0.9465377052665144,
    "eval_f1": 0.962652686196087,
    "eval_mcc": 0.9245665346441917,
    "eval_acc": 0.9620058283389235,
    "eval_threshold": 0.5
}