{
    "eval_recall": 0.9637526652452025,
    "eval_precision": 0.8771021992238034,
    "eval_f1": 0.9183880799187267,
    "eval_mcc": 0.832787463555837,
    "eval_acc": 0.9143567874911158,
    "eval_threshold": 0.5
}