{
    "eval_recall": 0.928184903237641,
    "eval_precision": 0.8602516150969058,
    "eval_f1": 0.8929280451758063,
    "eval_mcc": 0.7798360928548093,
    "eval_acc": 0.8887003576997157,
    "eval_threshold": 0.5
}