{
    "eval_recall": 0.7862434830330193,
    "eval_precision": 0.8839983545865899,
    "eval_f1": 0.8322602507624535,
    "eval_mcc": 0.6872847695684471,
    "eval_acc": 0.841534802890332,
    "eval_threshold": 0.5
}