{
    "eval_recall": 0.6797047970479705,
    "eval_precision": 0.6943083301922353,
    "eval_f1": 0.6869289576729444,
    "eval_mcc": 0.3805269855355552,
    "eval_acc": 0.6902214022140222,
    "eval_threshold": 0.5
}