{
    "eval_recall": 0.924710155049588,
    "eval_precision": 0.8696794534944824,
    "eval_f1": 0.8963509579581612,
    "eval_mcc": 0.7878628285119987,
    "eval_acc": 0.8931388287848119,
    "eval_threshold": 0.5
}