{
    "eval_recall": 0.9819153955024374,
    "eval_precision": 0.9474243228890069,
    "eval_f1": 0.9643615583613266,
    "eval_mcc": 0.9283923416555427,
    "eval_acc": 0.9638860630722279,
    "eval_threshold": 0.5
}