{
    "eval_recall": 0.21921677676203616,
    "eval_precision": 0.3157351944989139,
    "eval_f1": 0.23256433659702483,
    "eval_mcc": 0.6180252909895049,
    "eval_acc": 0.6500728862973761
}