{
    "eval_recall": 0.25593226670177305,
    "eval_precision": 0.3497550715564367,
    "eval_f1": 0.27072016284814643,
    "eval_mcc": 0.6171465025225563,
    "eval_acc": 0.636398070755789
}