{
    "eval_recall": 0.3584708386961482,
    "eval_precision": 0.4490156275443699,
    "eval_f1": 0.3810374637643481,
    "eval_mcc": 0.8066079106865262,
    "eval_acc": 0.8159415103021627
}