{
    "eval_recall": 0.9875409483916009,
    "eval_precision": 0.9902530963920302,
    "eval_f1": 0.9888951628082062,
    "eval_mcc": 0.9778244074902637,
    "eval_acc": 0.9889103700123516,
    "eval_threshold": 0.5
}