{
    "eval_recall": 0.2650153730244579,
    "eval_precision": 0.3618326962875496,
    "eval_f1": 0.28612029887400364,
    "eval_mcc": 0.7999765808318118,
    "eval_acc": 0.8157740572873308
}