{
    "eval_recall": 0.9870039203050319,
    "eval_precision": 0.9888093829020282,
    "eval_f1": 0.9879058267039347,
    "eval_mcc": 0.9758353627717583,
    "eval_acc": 0.9879168680521991,
    "eval_threshold": 0.5
}