{
    "eval_recall": 0.8986058882876272,
    "eval_precision": 0.8508097781251357,
    "eval_f1": 0.8740549100073599,
    "eval_mcc": 0.742206659822879,
    "eval_acc": 0.8705172888195909,
    "eval_threshold": 0.5
}