{
    "eval_recall": 0.2787225219614581,
    "eval_precision": 0.406603240410026,
    "eval_f1": 0.30303390221335114,
    "eval_mcc": 0.6302942401544196,
    "eval_acc": 0.6508036064288514
}