{
    "eval_recall": 0.6898882245905901,
    "eval_precision": 0.6549851924975321,
    "eval_f1": 0.6719837954171415,
    "eval_mcc": 0.32695271669603093,
    "eval_acc": 0.6632440863010137,
    "eval_threshold": 0.5
}