{
    "eval_recall": 0.40497399049678484,
    "eval_precision": 0.5362868641215668,
    "eval_f1": 0.42919232114303096,
    "eval_mcc": 0.8696408100803182,
    "eval_acc": 0.8798908285699573
}