{
    "eval_recall": 0.9788319306299413,
    "eval_precision": 0.8241357096843461,
    "eval_f1": 0.8948472837491256,
    "eval_mcc": 0.7838902734291272,
    "eval_acc": 0.8849783218566692,
    "eval_threshold": 0.5
}