{
    "eval_recall": 0.9684914067472947,
    "eval_precision": 0.9488618646710321,
    "eval_f1": 0.958576153724996,
    "eval_mcc": 0.9165658014618652,
    "eval_acc": 0.9581842753796009,
    "eval_threshold": 0.5
}