{
    "eval_recall": 0.9251292079899427,
    "eval_precision": 0.8699592801786418,
    "eval_f1": 0.896696452748443,
    "eval_mcc": 0.7885691983581916,
    "eval_acc": 0.8934878201996231,
    "eval_threshold": 0.5
}