{
    "eval_recall": 0.9502723844112306,
    "eval_precision": 0.9529345846757249,
    "eval_f1": 0.95160162260456,
    "eval_mcc": 0.9034024898156404,
    "eval_acc": 0.9516995881901306,
    "eval_threshold": 0.5
}