{
    "eval_recall": 0.36777549589478775,
    "eval_precision": 0.45980154318673977,
    "eval_f1": 0.38367750939513623,
    "eval_mcc": 0.8018746841834796,
    "eval_acc": 0.8114678664553403
}