{
    "eval_recall": 0.9701075569213577,
    "eval_precision": 0.8993783993783994,
    "eval_f1": 0.9334050131039581,
    "eval_mcc": 0.864339894955684,
    "eval_acc": 0.930829901584421,
    "eval_threshold": 0.5
}