{
    "eval_recall": 0.9806124969128179,
    "eval_precision": 0.9318235156066651,
    "eval_f1": 0.9555956678700361,
    "eval_mcc": 0.9100945542184126,
    "eval_acc": 0.9544233441408059,
    "eval_threshold": 0.5
}