{
    "eval_recall": 0.8898926900852976,
    "eval_precision": 0.8495687579352919,
    "eval_f1": 0.8692633323627567,
    "eval_mcc": 0.7331476741128403,
    "eval_acc": 0.8661606897184261,
    "eval_threshold": 0.5
}