{
    "eval_recall": 0.9519801980198019,
    "eval_precision": 0.9369822965730064,
    "eval_f1": 0.9444217074568224,
    "eval_mcc": 0.8880675691250418,
    "eval_acc": 0.943976897689769,
    "eval_threshold": 0.5
}