{
    "eval_recall": 0.2770029373005915,
    "eval_precision": 0.39603309323557223,
    "eval_f1": 0.2988747372768649,
    "eval_mcc": 0.6264785462091234,
    "eval_acc": 0.647484646543839
}