{
    "eval_recall": 0.976536597806682,
    "eval_precision": 0.8253934037508084,
    "eval_f1": 0.8946261682242991,
    "eval_mcc": 0.7831996007969718,
    "eval_acc": 0.8849783218566692,
    "eval_threshold": 0.5
}