{
    "eval_recall": 0.3024237715963999,
    "eval_precision": 0.46376924614678366,
    "eval_f1": 0.33849260849914836,
    "eval_mcc": 0.7375521698451585,
    "eval_acc": 0.7600687213660975
}