{
    "eval_recall": 0.6404876422584848,
    "eval_precision": 0.7231591838974774,
    "eval_f1": 0.6652152320078213,
    "eval_mcc": 0.9662545379665186,
    "eval_acc": 0.9688177679112838
}