{
    "eval_recall": 0.34976512119662667,
    "eval_precision": 0.4803119415952528,
    "eval_f1": 0.37228423953920065,
    "eval_mcc": 0.6037910896613798,
    "eval_acc": 0.6283676703645008
}