{
    "eval_recall": 0.9904327266728983,
    "eval_precision": 0.9638805650684932,
    "eval_f1": 0.9769762711864407,
    "eval_mcc": 0.9536802208905857,
    "eval_acc": 0.9766591521416397,
    "eval_threshold": 0.5
}