{
    "eval_recall": 0.9097370291400142,
    "eval_precision": 0.8327911515940143,
    "eval_f1": 0.8695652173913043,
    "eval_mcc": 0.7302023920855649,
    "eval_acc": 0.8635394456289979,
    "eval_threshold": 0.5
}