{
    "eval_recall": 0.29048644037530125,
    "eval_precision": 0.407020774630217,
    "eval_f1": 0.3139892459561802,
    "eval_mcc": 0.6433448792181572,
    "eval_acc": 0.6631909055272442
}