{
    "eval_recall": 0.6854691967767091,
    "eval_precision": 0.6676794530953285,
    "eval_f1": 0.6764573847239146,
    "eval_mcc": 0.34441652935589095,
    "eval_acc": 0.672147127631921,
    "eval_threshold": 0.5
}