{
    "eval_recall": 0.9729432266348711,
    "eval_precision": 0.9283276450511946,
    "eval_f1": 0.9501119570085087,
    "eval_mcc": 0.898864976489444,
    "eval_acc": 0.9489131431716041,
    "eval_threshold": 0.5
}