{
    "eval_recall": 0.8756093725428526,
    "eval_precision": 0.8437642066979846,
    "eval_f1": 0.8593918814631888,
    "eval_mcc": 0.7153939765832932,
    "eval_acc": 0.8574223335159246,
    "eval_threshold": 0.5
}