{
    "eval_recall": 0.23693412167228553,
    "eval_precision": 0.32277328763492186,
    "eval_f1": 0.2504630004955527,
    "eval_mcc": 0.6280000648041368,
    "eval_acc": 0.6595481049562683
}