{
    "eval_recall": 0.4785489950600349,
    "eval_precision": 0.5980476134227752,
    "eval_f1": 0.5094694189214606,
    "eval_mcc": 0.8948245440334155,
    "eval_acc": 0.9008188061278394
}