{
    "eval_recall": 0.9871336669049321,
    "eval_precision": 0.9435043094387219,
    "eval_f1": 0.9648260110170631,
    "eval_mcc": 0.9290193080609249,
    "eval_acc": 0.9640127563644362,
    "eval_threshold": 0.5
}