{
    "eval_recall": 0.9419698151291344,
    "eval_precision": 0.914980839497371,
    "eval_f1": 0.9282791980289776,
    "eval_mcc": 0.8547805889344869,
    "eval_acc": 0.9272047352482334,
    "eval_threshold": 0.5
}