{
    "eval_recall": 0.8191881918819188,
    "eval_precision": 0.6447865233807726,
    "eval_f1": 0.7215992198927352,
    "eval_mcc": 0.38214071539658545,
    "eval_acc": 0.6839483394833948,
    "eval_threshold": 0.5
}