{
    "eval_recall": 0.8569468581359188,
    "eval_precision": 0.8302171023482499,
    "eval_f1": 0.8433702403456657,
    "eval_mcc": 0.6820512078071312,
    "eval_acc": 0.8408488063660478,
    "eval_threshold": 0.5
}