{
    "eval_recall": 0.7394073303873148,
    "eval_precision": 0.6301506424457244,
    "eval_f1": 0.6804210022724554,
    "eval_mcc": 0.3101298215423513,
    "eval_acc": 0.6527164023914739,
    "eval_threshold": 0.5
}