{
    "eval_recall": 0.22090526341784553,
    "eval_precision": 0.307269247866167,
    "eval_f1": 0.23523297601740764,
    "eval_mcc": 0.6007166093181542,
    "eval_acc": 0.6206156410191662
}