{
    "eval_recall": 0.6416688328567716,
    "eval_precision": 0.6378552971576228,
    "eval_f1": 0.6397563820137361,
    "eval_mcc": 0.2773639382097792,
    "eval_acc": 0.6386794905120874,
    "eval_threshold": 0.5
}