{
    "eval_recall": 0.9694287128168472,
    "eval_precision": 0.9410728582866293,
    "eval_f1": 0.9550403553436976,
    "eval_mcc": 0.9091388112851955,
    "eval_acc": 0.9543630065431352,
    "eval_threshold": 0.5
}