{
    "eval_recall": 0.9716377547655168,
    "eval_precision": 0.9595492443981241,
    "eval_f1": 0.9655556647986104,
    "eval_mcc": 0.9307512597947727,
    "eval_acc": 0.9653386979750677,
    "eval_threshold": 0.5
}