{
    "eval_recall": 0.9832057298098296,
    "eval_precision": 0.9532475306794373,
    "eval_f1": 0.9679948937722258,
    "eval_mcc": 0.9354317264676831,
    "eval_acc": 0.9674849467345994,
    "eval_threshold": 0.5
}