{
    "eval_recall": 0.8005389106306537,
    "eval_precision": 0.8103123579453211,
    "eval_f1": 0.8053959852836765,
    "eval_mcc": 0.6131837577316598,
    "eval_acc": 0.806569577211779,
    "eval_threshold": 0.5
}