{
    "eval_recall": 0.9462803101116182,
    "eval_precision": 0.9209610959490555,
    "eval_f1": 0.9334490426859033,
    "eval_mcc": 0.8653955585650612,
    "eval_acc": 0.9325342277450926,
    "eval_threshold": 0.5
}