{
    "eval_recall": 0.963044503852807,
    "eval_precision": 0.929004854368932,
    "eval_f1": 0.9457184773376572,
    "eval_mcc": 0.8905845399465231,
    "eval_acc": 0.9449878707254089,
    "eval_threshold": 0.5
}