{
    "eval_recall": 0.24161189302412095,
    "eval_precision": 0.3409386306843301,
    "eval_f1": 0.2583841411913151,
    "eval_mcc": 0.63308621658058,
    "eval_acc": 0.6623498093388014
}