{
    "eval_recall": 0.9568411953568783,
    "eval_precision": 0.9213436385255648,
    "eval_f1": 0.9387569663193602,
    "eval_mcc": 0.8757768669646047,
    "eval_acc": 0.9375636868920797,
    "eval_threshold": 0.5
}