{
    "eval_recall": 0.7882851093860268,
    "eval_precision": 0.8247969389810029,
    "eval_f1": 0.8061278047500328,
    "eval_mcc": 0.621447078126712,
    "eval_acc": 0.8104189388593058,
    "eval_threshold": 0.5
}