{
    "eval_recall": 0.9627756089514489,
    "eval_precision": 0.918581470989403,
    "eval_f1": 0.9401594673682515,
    "eval_mcc": 0.8784571993378476,
    "eval_acc": 0.9387199648100292,
    "eval_threshold": 0.5
}