{
    "eval_recall": 0.9566453447050463,
    "eval_precision": 0.8267813267813268,
    "eval_f1": 0.886985172981878,
    "eval_mcc": 0.7657236893668353,
    "eval_acc": 0.8781094527363185,
    "eval_threshold": 0.5
}