{
    "eval_recall": 0.9484825299668452,
    "eval_precision": 0.7811384162990969,
    "eval_f1": 0.8567150426169086,
    "eval_mcc": 0.6989617841794954,
    "eval_acc": 0.8413669982147411,
    "eval_threshold": 0.5
}