{
    "eval_recall": 0.22628809536752897,
    "eval_precision": 0.31460044331911646,
    "eval_f1": 0.23981423594750267,
    "eval_mcc": 0.6249844766507285,
    "eval_acc": 0.6564868804664723
}