{
    "eval_recall": 0.38454821298296094,
    "eval_precision": 0.4687602823202465,
    "eval_f1": 0.4026018618815463,
    "eval_mcc": 0.8357307053704758,
    "eval_acc": 0.8436269747942123
}