{
    "eval_recall": 0.6911528838134343,
    "eval_precision": 0.8797876684360963,
    "eval_f1": 0.7741448692152917,
    "eval_mcc": 0.6109229131949201,
    "eval_acc": 0.7983576056970553,
    "eval_threshold": 0.5
}