{
    "eval_recall": 0.6911439114391144,
    "eval_precision": 0.7403162055335968,
    "eval_f1": 0.7148854961832062,
    "eval_mcc": 0.449701558805711,
    "eval_acc": 0.7243542435424354,
    "eval_threshold": 0.5
}