{
    "eval_recall": 0.9289267945984364,
    "eval_precision": 0.8272151898734177,
    "eval_f1": 0.8751255440241044,
    "eval_mcc": 0.7405159469128774,
    "eval_acc": 0.8674484719260839,
    "eval_threshold": 0.5
}