{
    "eval_recall": 0.7632642586771027,
    "eval_precision": 0.8508188514624901,
    "eval_f1": 0.8046668921203922,
    "eval_mcc": 0.6327942536647878,
    "eval_acc": 0.8147173926990441,
    "eval_threshold": 0.5
}