{
    "eval_recall": 0.7816770385577725,
    "eval_precision": 0.8298596921400354,
    "eval_f1": 0.8050480689814662,
    "eval_mcc": 0.6224653652862027,
    "eval_acc": 0.8107076409828703,
    "eval_threshold": 0.5
}