{
    "eval_recall": 0.7879813408945394,
    "eval_precision": 0.8320455862468611,
    "eval_f1": 0.8094141964579321,
    "eval_mcc": 0.6298054249967635,
    "eval_acc": 0.8144608067319126,
    "eval_threshold": 0.5
}