{
    "eval_recall": 0.6787106836495971,
    "eval_precision": 0.6302957151478575,
    "eval_f1": 0.6536078603166656,
    "eval_mcc": 0.28143977740312975,
    "eval_acc": 0.6403041330907201,
    "eval_threshold": 0.5
}