{
    "eval_recall": 0.8017927375834629,
    "eval_precision": 0.8636453201970443,
    "eval_f1": 0.8315704596120097,
    "eval_mcc": 0.6769418099172906,
    "eval_acc": 0.8376017561511022,
    "eval_threshold": 0.5
}