{
    "eval_recall": 0.768780868208994,
    "eval_precision": 0.5973540698848717,
    "eval_f1": 0.6723118890656967,
    "eval_mcc": 0.26158790935242077,
    "eval_acc": 0.6252924356641539,
    "eval_threshold": 0.5
}