{
    "eval_recall": 0.9841877072175466,
    "eval_precision": 0.8369117328128388,
    "eval_f1": 0.9045944678856072,
    "eval_mcc": 0.804961692524017,
    "eval_acc": 0.8961999489926039,
    "eval_threshold": 0.5
}