{
    "eval_recall": 0.9681419431435921,
    "eval_precision": 0.9453210536484833,
    "eval_f1": 0.9565954118873826,
    "eval_mcc": 0.9124089051849955,
    "eval_acc": 0.9560714992414748,
    "eval_threshold": 0.5
}