{
    "eval_recall": 0.9871573227957521,
    "eval_precision": 0.9551347153354441,
    "eval_f1": 0.9708820403825718,
    "eval_mcc": 0.9413040380189294,
    "eval_acc": 0.9703875250887757,
    "eval_threshold": 0.5
}