{
    "eval_recall": 0.681240281715906,
    "eval_precision": 0.9148753224419605,
    "eval_f1": 0.7809583726538745,
    "eval_mcc": 0.6390433199320616,
    "eval_acc": 0.8089271014360194,
    "eval_threshold": 0.5
}