{
    "eval_recall": 0.8099332296716363,
    "eval_precision": 0.8181650189411439,
    "eval_f1": 0.814028314028314,
    "eval_mcc": 0.6299596277248176,
    "eval_acc": 0.814963870849721,
    "eval_threshold": 0.5
}