{
    "eval_recall": 0.42660240728806836,
    "eval_precision": 0.5908414203371405,
    "eval_f1": 0.4531064450860524,
    "eval_mcc": 0.8819581280516757,
    "eval_acc": 0.8912611360008239
}