{
    "eval_recall": 0.9117785815379776,
    "eval_precision": 0.8522710568866676,
    "eval_f1": 0.8810211214101201,
    "eval_mcc": 0.7568143919041741,
    "eval_acc": 0.8774551999373973,
    "eval_threshold": 0.5
}