{
    "eval_recall": 0.2502615425140078,
    "eval_precision": 0.33440873105043767,
    "eval_f1": 0.26891992981193885,
    "eval_mcc": 0.7616018120274344,
    "eval_acc": 0.7743891284463609
}