{
    "eval_recall": 0.9918073349095508,
    "eval_precision": 0.9506693369874565,
    "eval_f1": 0.9708027232851646,
    "eval_mcc": 0.9412236472572617,
    "eval_acc": 0.9701710012646396,
    "eval_threshold": 0.5
}