{
    "eval_recall": 0.9707988542329726,
    "eval_precision": 0.9602549976389108,
    "eval_f1": 0.9654981403814197,
    "eval_mcc": 0.9307347365629286,
    "eval_acc": 0.9653390571587567,
    "eval_threshold": 0.5
}