{
    "eval_recall": 0.35340738889817,
    "eval_precision": 0.43539203252485303,
    "eval_f1": 0.36815459188480565,
    "eval_mcc": 0.7787839922348552,
    "eval_acc": 0.7891507745794775
}