{
    "eval_recall": 0.9189830981980723,
    "eval_precision": 0.8665700737618546,
    "eval_f1": 0.8920073215375228,
    "eval_mcc": 0.7790554138551783,
    "eval_acc": 0.8888113352411531,
    "eval_threshold": 0.5
}