{
    "eval_recall": 0.2919809110600411,
    "eval_precision": 0.460270515043128,
    "eval_f1": 0.32082454411845646,
    "eval_mcc": 0.6193323060734036,
    "eval_acc": 0.6390919781174906
}