{
    "eval_recall": 0.7501845018450185,
    "eval_precision": 0.7127081507449605,
    "eval_f1": 0.7309662921348314,
    "eval_mcc": 0.44840632301428307,
    "eval_acc": 0.7238929889298893,
    "eval_threshold": 0.5
}