{
    "eval_recall": 0.9666794963435421,
    "eval_precision": 0.928051097972973,
    "eval_f1": 0.9469715332202203,
    "eval_mcc": 0.892509320188711,
    "eval_acc": 0.9458679276406224,
    "eval_threshold": 0.5
}