{
    "eval_recall": 0.9476608052890133,
    "eval_precision": 0.916156236129605,
    "eval_f1": 0.9316422558732593,
    "eval_mcc": 0.8615252302107859,
    "eval_acc": 0.93050680248698,
    "eval_threshold": 0.5
}