{
    "eval_recall": 0.9866633736725118,
    "eval_precision": 0.9538590103265087,
    "eval_f1": 0.9699839145345838,
    "eval_mcc": 0.9394778828132119,
    "eval_acc": 0.9694611702948897,
    "eval_threshold": 0.5
}