{
    "eval_recall": 0.8745387453874539,
    "eval_precision": 0.613116026387272,
    "eval_f1": 0.720857729450232,
    "eval_mcc": 0.35674805320421527,
    "eval_acc": 0.6613468634686347,
    "eval_threshold": 0.5
}