{
    "eval_recall": 0.9027797178376868,
    "eval_precision": 0.8672839506172839,
    "eval_f1": 0.8846759290945178,
    "eval_mcc": 0.7654262352372555,
    "eval_acc": 0.882389893208627,
    "eval_threshold": 0.5
}