{
    "eval_recall": 0.9884539392442578,
    "eval_precision": 0.9544506051392119,
    "eval_f1": 0.9711547211016409,
    "eval_mcc": 0.9418668255802578,
    "eval_acc": 0.970634553033812,
    "eval_threshold": 0.5
}