{
    "eval_recall": 0.6915759626817891,
    "eval_precision": 0.9079010566762729,
    "eval_f1": 0.7851098073827943,
    "eval_mcc": 0.6398496392126058,
    "eval_acc": 0.8107106923991585,
    "eval_threshold": 0.5
}