{
    "eval_recall": 0.9911475229559575,
    "eval_precision": 0.9625160187953866,
    "eval_f1": 0.9766219693891373,
    "eval_mcc": 0.9529702374990654,
    "eval_acc": 0.9762742618353769,
    "eval_threshold": 0.5
}