{
    "eval_recall": 0.9282085120422303,
    "eval_precision": 0.8966154630632928,
    "eval_f1": 0.9121385034366489,
    "eval_mcc": 0.8217278238209212,
    "eval_acc": 0.9106082596648635,
    "eval_threshold": 0.5
}