{
    "eval_recall": 0.716662334286457,
    "eval_precision": 0.6577597518788023,
    "eval_f1": 0.6859488710580331,
    "eval_mcc": 0.345161123128288,
    "eval_acc": 0.6718871848193397,
    "eval_threshold": 0.5
}