{
    "eval_recall": 0.8881113382607329,
    "eval_precision": 0.8461307963143306,
    "eval_f1": 0.8666129589135688,
    "eval_mcc": 0.7288596093440113,
    "eval_acc": 0.8639564911182409,
    "eval_threshold": 0.5
}