{
    "eval_recall": 0.7603772374414576,
    "eval_precision": 0.8156916724019271,
    "eval_f1": 0.7870637845734967,
    "eval_mcc": 0.5899253720246596,
    "eval_acc": 0.7942836979534227,
    "eval_threshold": 0.5
}