{
    "eval_recall": 0.694502881185402,
    "eval_precision": 0.8991119005328597,
    "eval_f1": 0.7836722055939725,
    "eval_mcc": 0.6331871053355108,
    "eval_acc": 0.8082868380133541,
    "eval_threshold": 0.5
}