{
    "eval_recall": 0.9253813492687529,
    "eval_precision": 0.8638432178508514,
    "eval_f1": 0.8935540201958848,
    "eval_mcc": 0.7826148735170457,
    "eval_acc": 0.8902887549886532,
    "eval_threshold": 0.5
}