{
    "eval_recall": 0.9368525239194985,
    "eval_precision": 0.9157636738906089,
    "eval_f1": 0.9261880687563196,
    "eval_mcc": 0.8509321445588189,
    "eval_acc": 0.9253529489378546,
    "eval_threshold": 0.5
}