{
    "eval_recall": 0.9898278990487711,
    "eval_precision": 0.9490721214677351,
    "eval_f1": 0.9690216659938097,
    "eval_mcc": 0.937577920394243,
    "eval_acc": 0.9683565183922582,
    "eval_threshold": 0.5
}