{
    "eval_recall": 0.29722024847126005,
    "eval_precision": 0.40350585990035676,
    "eval_f1": 0.3199738889090766,
    "eval_mcc": 0.6427599830148405,
    "eval_acc": 0.6717849104307342
}