{
    "eval_recall": 0.5882505848713283,
    "eval_precision": 0.6497272466264714,
    "eval_f1": 0.617462482946794,
    "eval_mcc": 0.27234220569672396,
    "eval_acc": 0.6355601767611125,
    "eval_threshold": 0.5
}