{
    "eval_recall": 0.9207176307631423,
    "eval_precision": 0.9058991498474918,
    "eval_f1": 0.9132482826300296,
    "eval_mcc": 0.8251879092395804,
    "eval_acc": 0.9125387507420355,
    "eval_threshold": 0.5
}