{
    "eval_recall": 0.9914793776241048,
    "eval_precision": 0.9464254140390169,
    "eval_f1": 0.968428670506287,
    "eval_mcc": 0.9364018746243967,
    "eval_acc": 0.9676702176933766,
    "eval_threshold": 0.5
}