{
    "eval_recall": 0.9565581785165526,
    "eval_precision": 0.9476889011901467,
    "eval_f1": 0.9521028849496003,
    "eval_mcc": 0.9038580275256969,
    "eval_acc": 0.9519089830390173,
    "eval_threshold": 0.5
}