{
    "eval_recall": 0.7896678966789668,
    "eval_precision": 0.7206600437784139,
    "eval_f1": 0.7535874636851835,
    "eval_mcc": 0.4858117415755741,
    "eval_acc": 0.741789667896679,
    "eval_threshold": 0.5
}