{
    "eval_recall": 0.9725522552255226,
    "eval_precision": 0.9266285834075783,
    "eval_f1": 0.9490351842408954,
    "eval_mcc": 0.8966463980722661,
    "eval_acc": 0.9477722772277227,
    "eval_threshold": 0.5
}