{
    "eval_recall": 0.8671586715867159,
    "eval_precision": 0.6209538908706567,
    "eval_f1": 0.7236892755408423,
    "eval_mcc": 0.36798390147966337,
    "eval_acc": 0.6689114391143911,
    "eval_threshold": 0.5
}