{
    "eval_recall": 0.36164319040891296,
    "eval_precision": 0.5229204663105347,
    "eval_f1": 0.39352882637647796,
    "eval_mcc": 0.8751648735120563,
    "eval_acc": 0.8849865869075885
}