{
    "eval_recall": 0.9317697228144989,
    "eval_precision": 0.7859712230215827,
    "eval_f1": 0.8526829268292684,
    "eval_mcc": 0.690014222938863,
    "eval_acc": 0.8390191897654584,
    "eval_threshold": 0.5
}