{
    "eval_recall": 0.3324429225473224,
    "eval_precision": 0.46937329704385256,
    "eval_f1": 0.3616287231675331,
    "eval_mcc": 0.858608730337132,
    "eval_acc": 0.8697748039427297
}