{
    "eval_recall": 0.8263971462544589,
    "eval_precision": 0.7864728412256268,
    "eval_f1": 0.805940859016101,
    "eval_mcc": 0.6028077557501859,
    "eval_acc": 0.8010152748559407,
    "eval_threshold": 0.5
}