{
    "eval_recall": 0.25150671443013767,
    "eval_precision": 0.3305440262038329,
    "eval_f1": 0.26520234105369495,
    "eval_mcc": 0.7894905729463589,
    "eval_acc": 0.7992474937501578
}