{
    "eval_recall": 0.8120228395457754,
    "eval_precision": 0.8155809008312391,
    "eval_f1": 0.8137979810968946,
    "eval_mcc": 0.628414269092026,
    "eval_acc": 0.8142041444793738,
    "eval_threshold": 0.5
}