{
    "eval_recall": 0.28833653628649214,
    "eval_precision": 0.3731974632432992,
    "eval_f1": 0.29791411377631755,
    "eval_mcc": 0.7747183232038412,
    "eval_acc": 0.7853589555819297
}