{
    "eval_recall": 0.9227402928071292,
    "eval_precision": 0.9094259723964868,
    "eval_f1": 0.9160347551342812,
    "eval_mcc": 0.8310791011674862,
    "eval_acc": 0.9154940774306384,
    "eval_threshold": 0.5
}