{
    "eval_recall": 0.9751335663874414,
    "eval_precision": 0.940517844646606,
    "eval_f1": 0.9575129533678756,
    "eval_mcc": 0.914081492204229,
    "eval_acc": 0.9567310863399512,
    "eval_threshold": 0.5
}