{
    "eval_recall": 0.7768224640995153,
    "eval_precision": 0.8802860696517413,
    "eval_f1": 0.8253243282639328,
    "eval_mcc": 0.6758635102948835,
    "eval_acc": 0.8355894996798683,
    "eval_threshold": 0.5
}