{
    "eval_recall": 0.6069407313870447,
    "eval_precision": 0.7022218496252214,
    "eval_f1": 0.6259839951558283,
    "eval_mcc": 0.9296559900102321,
    "eval_acc": 0.9336502905441099
}