{
    "eval_recall": 0.9580947059645202,
    "eval_precision": 0.9533009034051425,
    "eval_f1": 0.9556917932283684,
    "eval_mcc": 0.9112283360517037,
    "eval_acc": 0.9556082920360159,
    "eval_threshold": 0.5
}