{
    "eval_recall": 0.9762548644548512,
    "eval_precision": 0.9453883495145631,
    "eval_f1": 0.9605737093162865,
    "eval_mcc": 0.9203508425067533,
    "eval_acc": 0.9599300837675615,
    "eval_threshold": 0.5
}