{
    "eval_recall": 0.265276845619798,
    "eval_precision": 0.36560348842787294,
    "eval_f1": 0.28332076491996494,
    "eval_mcc": 0.7996313985450478,
    "eval_acc": 0.815044347835024
}