{
    "eval_recall": 0.6756608433183938,
    "eval_precision": 0.9310562137635493,
    "eval_f1": 0.7830603699581279,
    "eval_mcc": 0.650583838827905,
    "eval_acc": 0.8128144150736303,
    "eval_threshold": 0.5
}