{
    "eval_recall": 0.9104477611940298,
    "eval_precision": 0.8222079589216945,
    "eval_f1": 0.864080944350759,
    "eval_mcc": 0.7177201949757892,
    "eval_acc": 0.8567874911158493,
    "eval_threshold": 0.5
}