{
    "eval_recall": 0.9344236515175341,
    "eval_precision": 0.8767244559203246,
    "eval_f1": 0.9046549689795605,
    "eval_mcc": 0.8057612878832302,
    "eval_acc": 0.9019876359652556,
    "eval_threshold": 0.5
}