{
    "eval_recall": 0.9689218921892189,
    "eval_precision": 0.9289142013394505,
    "eval_f1": 0.9484963519371079,
    "eval_mcc": 0.8956055215535822,
    "eval_acc": 0.9473872387238724,
    "eval_threshold": 0.5
}