{
    "eval_recall": 0.9812863657807831,
    "eval_precision": 0.9350415823780625,
    "eval_f1": 0.9576059850374065,
    "eval_mcc": 0.9146565433478506,
    "eval_acc": 0.95676500508647,
    "eval_threshold": 0.5
}