{
    "eval_recall": 0.324161485048831,
    "eval_precision": 0.44786329880702686,
    "eval_f1": 0.3437294679278612,
    "eval_mcc": 0.6098109809704423,
    "eval_acc": 0.6338880084521923
}