{
    "eval_recall": 0.720021951888777,
    "eval_precision": 0.8914052768655871,
    "eval_f1": 0.7965998785670916,
    "eval_mcc": 0.6443266532221402,
    "eval_acc": 0.8161529314918138,
    "eval_threshold": 0.5
}