{
    "eval_recall": 0.29657236268830245,
    "eval_precision": 0.41137357181853534,
    "eval_f1": 0.32013225398065365,
    "eval_mcc": 0.6479563086670825,
    "eval_acc": 0.6675552071083235
}