{
    "eval_recall": 0.6256457564575646,
    "eval_precision": 0.7475749559082893,
    "eval_f1": 0.6811972679791082,
    "eval_mcc": 0.42001531538202563,
    "eval_acc": 0.7071955719557196,
    "eval_threshold": 0.5
}