{
    "eval_recall": 0.9653048881068895,
    "eval_precision": 0.9273678094131319,
    "eval_f1": 0.9459561398782262,
    "eval_mcc": 0.8904468250580191,
    "eval_acc": 0.9448507175454995,
    "eval_threshold": 0.5
}