{
    "eval_recall": 0.9622746357125216,
    "eval_precision": 0.9412937126290994,
    "eval_f1": 0.9516685494458522,
    "eval_mcc": 0.9024625226731039,
    "eval_acc": 0.9511193453759457,
    "eval_threshold": 0.5
}