{
    "eval_recall": 0.9625095638867636,
    "eval_precision": 0.7781443298969072,
    "eval_f1": 0.8605632197012884,
    "eval_mcc": 0.7082560311471556,
    "eval_acc": 0.8440448865085437,
    "eval_threshold": 0.5
}