{
    "eval_recall": 0.9640465926809135,
    "eval_precision": 0.9320741331914516,
    "eval_f1": 0.9477908025247971,
    "eval_mcc": 0.8943170084305578,
    "eval_acc": 0.9468953499036963,
    "eval_threshold": 0.5
}