{
    "eval_recall": 0.7142066420664207,
    "eval_precision": 0.7220667785860847,
    "eval_f1": 0.7181152026713663,
    "eval_mcc": 0.4393249229885806,
    "eval_acc": 0.7196494464944649,
    "eval_threshold": 0.5
}