{
    "eval_recall": 0.24253757216463198,
    "eval_precision": 0.3374508983746102,
    "eval_f1": 0.2484078621432701,
    "eval_mcc": 0.7272993381753957,
    "eval_acc": 0.7416534601162177
}