{
    "eval_recall": 0.9859224499876512,
    "eval_precision": 0.935387499267764,
    "eval_f1": 0.9599903808579072,
    "eval_mcc": 0.9191434662275941,
    "eval_acc": 0.9589007256445885,
    "eval_threshold": 0.5
}