{
    "eval_recall": 0.966102741417634,
    "eval_precision": 0.9447530491486535,
    "eval_f1": 0.9553086269002992,
    "eval_mcc": 0.9098197707891559,
    "eval_acc": 0.9547938860583604,
    "eval_threshold": 0.5
}