{
    "eval_recall": 0.28124598039794796,
    "eval_precision": 0.3852122718868774,
    "eval_f1": 0.2985657881926276,
    "eval_mcc": 0.6366176455047702,
    "eval_acc": 0.6544279184869068
}