{
    "eval_recall": 0.9941694169416941,
    "eval_precision": 0.9468280161349468,
    "eval_f1": 0.9699213823821407,
    "eval_mcc": 0.9395139612491622,
    "eval_acc": 0.9691694169416941,
    "eval_threshold": 0.5
}