{
    "eval_recall": 0.9340690040508451,
    "eval_precision": 0.8942230542925916,
    "eval_f1": 0.9137118261938922,
    "eval_mcc": 0.8245122793874295,
    "eval_acc": 0.911844768618692,
    "eval_threshold": 0.5
}