{
    "eval_recall": 0.568667496778921,
    "eval_precision": 0.6250317514184915,
    "eval_f1": 0.5796322142124881,
    "eval_mcc": 0.9094811603198397,
    "eval_acc": 0.9146592709984153
}