{
    "eval_recall": 0.636210607059232,
    "eval_precision": 0.7210537182303144,
    "eval_f1": 0.6608143427564558,
    "eval_mcc": 0.9593413345882282,
    "eval_acc": 0.9624353796030791
}