{
    "eval_recall": 0.9658250446314716,
    "eval_precision": 0.8184568835098336,
    "eval_f1": 0.886055217594759,
    "eval_mcc": 0.7640818744464039,
    "eval_acc": 0.8757969905636317,
    "eval_threshold": 0.5
}