{
    "eval_recall": 0.9749356902578985,
    "eval_precision": 0.9418249012361412,
    "eval_f1": 0.9580943121050073,
    "eval_mcc": 0.9152811810927345,
    "eval_acc": 0.9573576940835037,
    "eval_threshold": 0.5
}