{
    "eval_recall": 0.9688015302420685,
    "eval_precision": 0.9487759188682902,
    "eval_f1": 0.9586841589974544,
    "eval_mcc": 0.91670048949306,
    "eval_acc": 0.9582481366664468,
    "eval_threshold": 0.5
}