{
    "eval_recall": 0.3610263761764884,
    "eval_precision": 0.499027291549877,
    "eval_f1": 0.3893473784484137,
    "eval_mcc": 0.8738146745377071,
    "eval_acc": 0.8837120861726948
}