{
    "eval_recall": 0.9350966295099268,
    "eval_precision": 0.9052423216908243,
    "eval_f1": 0.9199273246382453,
    "eval_mcc": 0.8376695685940294,
    "eval_acc": 0.9186069520480179,
    "eval_threshold": 0.5
}