{
    "eval_recall": 0.9694385216773277,
    "eval_precision": 0.8291793313069908,
    "eval_f1": 0.8938401048492791,
    "eval_mcc": 0.7809770106721521,
    "eval_acc": 0.8848614072494669,
    "eval_threshold": 0.5
}