{
    "eval_recall": 0.7537691666132033,
    "eval_precision": 0.8360492421547001,
    "eval_f1": 0.7927800269905534,
    "eval_mcc": 0.608909676198384,
    "eval_acc": 0.8029768396740874,
    "eval_threshold": 0.5
}