{
    "eval_recall": 0.9586534432183266,
    "eval_precision": 0.9202198980960042,
    "eval_f1": 0.9390435793938564,
    "eval_mcc": 0.876386374518782,
    "eval_acc": 0.9378097298806449,
    "eval_threshold": 0.5
}