{
    "eval_recall": 0.9305179808644012,
    "eval_precision": 0.9084584165431939,
    "eval_f1": 0.919355890214486,
    "eval_mcc": 0.8370333421844498,
    "eval_acc": 0.9183929278268901,
    "eval_threshold": 0.5
}