{
    "eval_recall": 0.724460618663894,
    "eval_precision": 0.6365193559438164,
    "eval_f1": 0.6776487751504467,
    "eval_mcc": 0.3137707005113306,
    "eval_acc": 0.6553808162204315,
    "eval_threshold": 0.5
}