{
    "eval_recall": 0.9538024164889837,
    "eval_precision": 0.8304455445544554,
    "eval_f1": 0.8878597419781673,
    "eval_mcc": 0.7675773756999408,
    "eval_acc": 0.8795309168443497,
    "eval_threshold": 0.5
}