{
    "eval_recall": 0.9909825699675593,
    "eval_precision": 0.9624586136921927,
    "eval_f1": 0.9765123398260774,
    "eval_mcc": 0.9527470892088877,
    "eval_acc": 0.9761642931764447,
    "eval_threshold": 0.5
}