{
    "eval_recall": 0.9673063255152807,
    "eval_precision": 0.8437693738375698,
    "eval_f1": 0.9013245033112582,
    "eval_mcc": 0.7967881357040753,
    "eval_acc": 0.8941009239516702,
    "eval_threshold": 0.5
}