{
    "eval_recall": 0.22599876604561883,
    "eval_precision": 0.32277754229292077,
    "eval_f1": 0.24249336600028376,
    "eval_mcc": 0.6202223731692184,
    "eval_acc": 0.6505812340045019
}