{
    "eval_recall": 0.7389491242702252,
    "eval_precision": 0.8489091981132075,
    "eval_f1": 0.7901217629909106,
    "eval_mcc": 0.6125901128328375,
    "eval_acc": 0.8037146339898633,
    "eval_threshold": 0.5
}