{
    "eval_recall": 0.35085960228577534,
    "eval_precision": 0.4547060184218009,
    "eval_f1": 0.37231764849742066,
    "eval_mcc": 0.8239824647793021,
    "eval_acc": 0.8321233191880976
}