{
    "eval_recall": 0.8714899844507454,
    "eval_precision": 0.8202479338842975,
    "eval_f1": 0.8450929087764424,
    "eval_mcc": 0.68184035440666,
    "eval_acc": 0.8402542760450014,
    "eval_threshold": 0.5
}