{
    "eval_recall": 0.3156872134937723,
    "eval_precision": 0.43943006870559176,
    "eval_f1": 0.3339613503873807,
    "eval_mcc": 0.6046186643072149,
    "eval_acc": 0.6286053882725832
}