{
    "eval_recall": 0.6194264451145185,
    "eval_precision": 0.9165559141826467,
    "eval_f1": 0.7392519428812068,
    "eval_mcc": 0.5951755899194292,
    "eval_acc": 0.7815166484891255,
    "eval_threshold": 0.5
}