{
    "eval_recall": 0.95046390941972,
    "eval_precision": 0.8879095049214044,
    "eval_f1": 0.9181224365790673,
    "eval_mcc": 0.8333880699699262,
    "eval_acc": 0.9156428515533297,
    "eval_threshold": 0.5
}