{
    "eval_recall": 0.9549128498377962,
    "eval_precision": 0.9173357278681598,
    "eval_f1": 0.9357471914652874,
    "eval_mcc": 0.8695922658565878,
    "eval_acc": 0.9344311871116732,
    "eval_threshold": 0.5
}