{
    "eval_recall": 0.6958362738179252,
    "eval_precision": 0.844375243285325,
    "eval_f1": 0.7629431626336521,
    "eval_mcc": 0.5765800179868511,
    "eval_acc": 0.7837941874639123,
    "eval_threshold": 0.5
}