{
    "eval_recall": 0.9092051962564603,
    "eval_precision": 0.8548726030995535,
    "eval_f1": 0.8812021931902796,
    "eval_mcc": 0.7565452058850698,
    "eval_acc": 0.8775040134012704,
    "eval_threshold": 0.5
}