{
    "eval_recall": 0.7169741697416974,
    "eval_precision": 0.7010644055565578,
    "eval_f1": 0.7089300373985223,
    "eval_mcc": 0.411360552608339,
    "eval_acc": 0.7056273062730627,
    "eval_threshold": 0.5
}