{
    "eval_recall": 0.9334128221590388,
    "eval_precision": 0.8618368124655968,
    "eval_f1": 0.8961979613852012,
    "eval_mcc": 0.7864921733047437,
    "eval_acc": 0.891887553884252,
    "eval_threshold": 0.5
}