{
    "eval_recall": 0.9175550817341862,
    "eval_precision": 0.8307593307593307,
    "eval_f1": 0.8720027017899359,
    "eval_mcc": 0.7346531327296653,
    "eval_acc": 0.8653162757640369,
    "eval_threshold": 0.5
}