{
    "eval_recall": 0.16313641460334227,
    "eval_precision": 0.17971444426125582,
    "eval_f1": 0.15768567611824,
    "eval_mcc": 0.56283319106089,
    "eval_acc": 0.5865557316428949
}