{
    "eval_recall": 0.2351582940853094,
    "eval_precision": 0.3106013286208326,
    "eval_f1": 0.24230553470784888,
    "eval_mcc": 0.6294753337619213,
    "eval_acc": 0.6515055467511885
}