{
    "eval_recall": 0.9752820324681281,
    "eval_precision": 0.9289333449812178,
    "eval_f1": 0.9515436241610739,
    "eval_mcc": 0.9017927300381818,
    "eval_acc": 0.9503347702467211,
    "eval_threshold": 0.5
}