{
    "eval_recall": 0.9836776332568222,
    "eval_precision": 0.837386018237082,
    "eval_f1": 0.904655799225988,
    "eval_mcc": 0.8050350454489671,
    "eval_acc": 0.896327467482785,
    "eval_threshold": 0.5
}