{
    "eval_recall": 0.713671649451466,
    "eval_precision": 0.8698099929627023,
    "eval_f1": 0.7840428531153086,
    "eval_mcc": 0.6168720805986041,
    "eval_acc": 0.8034259318662988,
    "eval_threshold": 0.5
}