{
    "eval_recall": 0.8101117754094099,
    "eval_precision": 0.630678943640595,
    "eval_f1": 0.7092222791147522,
    "eval_mcc": 0.3501880701008087,
    "eval_acc": 0.6678580712243306,
    "eval_threshold": 0.5
}