{
    "eval_recall": 0.9577697129660178,
    "eval_precision": 0.924463409973887,
    "eval_f1": 0.9408218822919368,
    "eval_mcc": 0.8801075521077315,
    "eval_acc": 0.9397677793904209,
    "eval_threshold": 0.5
}