{
    "eval_recall": 0.9375371017742893,
    "eval_precision": 0.9087654242056135,
    "eval_f1": 0.9229270826569703,
    "eval_mcc": 0.8438370460770361,
    "eval_acc": 0.9217070114108568,
    "eval_threshold": 0.5
}