{
    "eval_recall": 0.9651741293532339,
    "eval_precision": 0.8622222222222222,
    "eval_f1": 0.9107981220657277,
    "eval_mcc": 0.816788683763074,
    "eval_acc": 0.9054726368159204,
    "eval_threshold": 0.5
}