{
    "eval_recall": 0.27214550794640774,
    "eval_precision": 0.39436087319931623,
    "eval_f1": 0.2937816485365653,
    "eval_mcc": 0.6099678742091851,
    "eval_acc": 0.6289943248632344
}