{
    "eval_recall": 0.9798679262588278,
    "eval_precision": 0.9458191315125493,
    "eval_f1": 0.962542514133838,
    "eval_mcc": 0.9243357255711402,
    "eval_acc": 0.9618682931303311,
    "eval_threshold": 0.5
}