{
    "eval_recall": 0.5915185731699493,
    "eval_precision": 0.9375635550132194,
    "eval_f1": 0.7253845246056408,
    "eval_mcc": 0.5940719297976877,
    "eval_acc": 0.7760633861551293,
    "eval_threshold": 0.5
}