{
    "eval_recall": 0.990322758013966,
    "eval_precision": 0.947847594990001,
    "eval_f1": 0.9686197531528141,
    "eval_mcc": 0.936774345254495,
    "eval_acc": 0.9679166437565294,
    "eval_threshold": 0.5
}