{
    "eval_recall": 0.9217644283692404,
    "eval_precision": 0.8610356224752111,
    "eval_f1": 0.8903657008316561,
    "eval_mcc": 0.7760660471201798,
    "eval_acc": 0.8870412395336098,
    "eval_threshold": 0.5
}