{
    "eval_recall": 0.9064115099874284,
    "eval_precision": 0.8677453864669697,
    "eval_f1": 0.8866571018651362,
    "eval_mcc": 0.7691786753357285,
    "eval_acc": 0.8842046485656453,
    "eval_threshold": 0.5
}