{
    "eval_recall": 0.7410662731763649,
    "eval_precision": 0.8584912671869194,
    "eval_f1": 0.7954686316369396,
    "eval_mcc": 0.6247853295356403,
    "eval_acc": 0.8094565984474241,
    "eval_threshold": 0.5
}