{
    "eval_recall": 0.9657065563335455,
    "eval_precision": 0.9469454630568775,
    "eval_f1": 0.9562339964545992,
    "eval_mcc": 0.9118583170343357,
    "eval_acc": 0.9558390969075443,
    "eval_threshold": 0.5
}