{
    "eval_recall": 0.9379476413929365,
    "eval_precision": 0.9167219841892462,
    "eval_f1": 0.9272133548997465,
    "eval_mcc": 0.8529376059731081,
    "eval_acc": 0.9263547938860583,
    "eval_threshold": 0.5
}