{
    "eval_recall": 0.9411667674712707,
    "eval_precision": 0.9028906002742906,
    "eval_f1": 0.9216314443397496,
    "eval_mcc": 0.8406963893883996,
    "eval_acc": 0.9199703084620883,
    "eval_threshold": 0.5
}