{
    "eval_recall": 0.9286051265922315,
    "eval_precision": 0.8643782478225865,
    "eval_f1": 0.8953413441491983,
    "eval_mcc": 0.7861648294406985,
    "eval_acc": 0.8919712027545191,
    "eval_threshold": 0.5
}