{
    "eval_recall": 0.9562788098896494,
    "eval_precision": 0.9005524861878453,
    "eval_f1": 0.9275794322877854,
    "eval_mcc": 0.8524083962524117,
    "eval_acc": 0.9253856355133664,
    "eval_threshold": 0.5
}