{
    "eval_recall": 0.7206914478814661,
    "eval_precision": 0.6559801253992665,
    "eval_f1": 0.6868148882145291,
    "eval_mcc": 0.3444145281119581,
    "eval_acc": 0.6713672991941773,
    "eval_threshold": 0.5
}