{
    "eval_recall": 0.20137563006124926,
    "eval_precision": 0.31758467323373235,
    "eval_f1": 0.21983993323482512,
    "eval_mcc": 0.6787817541749424,
    "eval_acc": 0.694890892460473
}