{
    "eval_recall": 0.9059924570470737,
    "eval_precision": 0.8781478472786353,
    "eval_f1": 0.8918528704022001,
    "eval_mcc": 0.7808109973499215,
    "eval_acc": 0.8902073009003979,
    "eval_threshold": 0.5
}