{
    "eval_recall": 0.96942289151095,
    "eval_precision": 0.915575405428844,
    "eval_f1": 0.9417300359030394,
    "eval_mcc": 0.8816300865509602,
    "eval_acc": 0.9400509326175236,
    "eval_threshold": 0.5
}