{
    "eval_recall": 0.9606070603761135,
    "eval_precision": 0.9357845342932442,
    "eval_f1": 0.94803334201615,
    "eval_mcc": 0.8950244205332557,
    "eval_acc": 0.9473545322601926,
    "eval_threshold": 0.5
}