{
    "eval_recall": 0.947082874665828,
    "eval_precision": 0.8920900607317435,
    "eval_f1": 0.9187643020594966,
    "eval_mcc": 0.8349372365577804,
    "eval_acc": 0.916660145551295,
    "eval_threshold": 0.5
}