{
    "eval_recall": 0.9026297085998578,
    "eval_precision": 0.8204134366925064,
    "eval_f1": 0.8595600676818951,
    "eval_mcc": 0.7086133681547315,
    "eval_acc": 0.8525230987917555,
    "eval_threshold": 0.5
}