{
    "eval_recall": 0.7214712763192098,
    "eval_precision": 0.6058720803318053,
    "eval_f1": 0.6586378737541528,
    "eval_mcc": 0.25686328241705614,
    "eval_acc": 0.6260722641018975,
    "eval_threshold": 0.5
}