{
    "eval_recall": 0.3446507594527516,
    "eval_precision": 0.483943957804453,
    "eval_f1": 0.3726027190226968,
    "eval_mcc": 0.6142024344712745,
    "eval_acc": 0.6380876914949815
}