{
    "eval_recall": 0.9213577315267496,
    "eval_precision": 0.8534092379350499,
    "eval_f1": 0.8860827512090276,
    "eval_mcc": 0.7656834931302364,
    "eval_acc": 0.8816221120960425,
    "eval_threshold": 0.5
}