{
    "eval_recall": 0.25596045823395697,
    "eval_precision": 0.37623872137823383,
    "eval_f1": 0.27833401197339847,
    "eval_mcc": 0.6194399141054908,
    "eval_acc": 0.6409512609434209
}