{
    "eval_recall": 0.9224325572191808,
    "eval_precision": 0.8999356499356499,
    "eval_f1": 0.9110452428259666,
    "eval_mcc": 0.8201230581009885,
    "eval_acc": 0.9099333817030539,
    "eval_threshold": 0.5
}