{
    "eval_recall": 0.9601899706662942,
    "eval_precision": 0.8758919469928644,
    "eval_f1": 0.916105817285267,
    "eval_mcc": 0.8280972675255105,
    "eval_acc": 0.9121239617505409,
    "eval_threshold": 0.5
}