{
    "eval_recall": 0.9526470177399078,
    "eval_precision": 0.9292819185175092,
    "eval_f1": 0.9408194233687405,
    "eval_mcc": 0.8805059943412319,
    "eval_acc": 0.9401130732183989,
    "eval_threshold": 0.5
}