{
    "eval_recall": 0.9871287128712871,
    "eval_precision": 0.9626649501126489,
    "eval_f1": 0.9747433599478573,
    "eval_mcc": 0.9491514136731798,
    "eval_acc": 0.9744224422442245,
    "eval_threshold": 0.5
}