{
    "eval_recall": 0.6523264881726021,
    "eval_precision": 0.6308446455505279,
    "eval_f1": 0.6414057507987221,
    "eval_mcc": 0.27075749501665913,
    "eval_acc": 0.6353002339485313,
    "eval_threshold": 0.5
}