{
    "eval_recall": 0.9728927255732116,
    "eval_precision": 0.9375298044825942,
    "eval_f1": 0.9548839719373987,
    "eval_mcc": 0.9087128631199024,
    "eval_acc": 0.9540331005663386,
    "eval_threshold": 0.5
}