{
    "eval_recall": 0.7151291512915129,
    "eval_precision": 0.7229994404029099,
    "eval_f1": 0.7190427604118357,
    "eval_mcc": 0.4411700507625772,
    "eval_acc": 0.7205719557195572,
    "eval_threshold": 0.5
}