{
    "eval_recall": 0.9666154490850678,
    "eval_precision": 0.9339991901741126,
    "eval_f1": 0.9500274574409666,
    "eval_mcc": 0.898923452964989,
    "eval_acc": 0.9491868500034899,
    "eval_threshold": 0.5
}