{
    "eval_recall": 0.7816770385577725,
    "eval_precision": 0.83224043715847,
    "eval_f1": 0.8061666721805008,
    "eval_mcc": 0.6252649103684699,
    "eval_acc": 0.8120549175595048,
    "eval_threshold": 0.5
}