{
    "eval_recall": 0.7028263056800512,
    "eval_precision": 0.8987134502923977,
    "eval_f1": 0.788790227377714,
    "eval_mcc": 0.638979678199497,
    "eval_acc": 0.8118082868380133,
    "eval_threshold": 0.5
}