{
    "eval_recall": 0.9729660800816118,
    "eval_precision": 0.7787303531332925,
    "eval_f1": 0.8650793650793651,
    "eval_mcc": 0.7192383720426542,
    "eval_acc": 0.8482529966845193,
    "eval_threshold": 0.5
}