{
    "eval_recall": 0.7622793377846886,
    "eval_precision": 0.8625543365762782,
    "eval_f1": 0.8093226511289148,
    "eval_mcc": 0.6451868645153389,
    "eval_acc": 0.8204061099423763,
    "eval_threshold": 0.5
}