{
    "eval_recall": 0.6364991471227656,
    "eval_precision": 0.7190111560947036,
    "eval_f1": 0.6617069122970227,
    "eval_mcc": 0.9653972804582107,
    "eval_acc": 0.9680263928714581
}