{
    "eval_recall": 0.9813823004335629,
    "eval_precision": 0.8262830148164054,
    "eval_f1": 0.897178829564001,
    "eval_mcc": 0.7890833192948385,
    "eval_acc": 0.8875286916602907,
    "eval_threshold": 0.5
}