{
    "eval_recall": 0.9220147713197853,
    "eval_precision": 0.853170897359708,
    "eval_f1": 0.8862579094737306,
    "eval_mcc": 0.7657774396249021,
    "eval_acc": 0.8816417362576856,
    "eval_threshold": 0.5
}