{
    "eval_recall": 0.9682339990564555,
    "eval_precision": 0.9269798253538091,
    "eval_f1": 0.9471579109299284,
    "eval_mcc": 0.8933765091081219,
    "eval_acc": 0.9462399248767509,
    "eval_threshold": 0.5
}