{
    "eval_recall": 0.9826574853353737,
    "eval_precision": 0.7743167202572347,
    "eval_f1": 0.8661346521299315,
    "eval_mcc": 0.72291022603596,
    "eval_acc": 0.8481254781943381,
    "eval_threshold": 0.5
}