{
    "eval_recall": 0.726698984725144,
    "eval_precision": 0.875192773738709,
    "eval_f1": 0.7940632652041376,
    "eval_mcc": 0.6322345660912086,
    "eval_acc": 0.8115338882282996,
    "eval_threshold": 0.5
}