{
    "eval_recall": 0.8113966889234427,
    "eval_precision": 0.8299962574850299,
    "eval_f1": 0.8205910919938948,
    "eval_mcc": 0.645364660384927,
    "eval_acc": 0.8226012988200859,
    "eval_threshold": 0.5
}