{
    "eval_recall": 0.9886732281299829,
    "eval_precision": 0.9498679344955098,
    "eval_f1": 0.9688821833661126,
    "eval_mcc": 0.9372755810473977,
    "eval_acc": 0.968246549733326,
    "eval_threshold": 0.5
}