{
    "eval_recall": 0.3407214352645867,
    "eval_precision": 0.4697800806760062,
    "eval_f1": 0.36445984071748133,
    "eval_mcc": 0.8443853280725894,
    "eval_acc": 0.856524733039394
}