{
    "eval_recall": 0.9693662294781253,
    "eval_precision": 0.9278784952372591,
    "eval_f1": 0.9481687487384216,
    "eval_mcc": 0.8949150010848304,
    "eval_acc": 0.9470099972484637,
    "eval_threshold": 0.5
}