{
    "eval_recall": 0.9270384297899661,
    "eval_precision": 0.8610921792468904,
    "eval_f1": 0.8928492557749216,
    "eval_mcc": 0.7797825766205165,
    "eval_acc": 0.8887462166376227,
    "eval_threshold": 0.5
}