{
    "eval_recall": 0.9492777521271684,
    "eval_precision": 0.9240449438202247,
    "eval_f1": 0.9364914107235816,
    "eval_mcc": 0.8715736108636545,
    "eval_acc": 0.9356242991887078,
    "eval_threshold": 0.5
}