{
    "eval_recall": 0.9735837046467218,
    "eval_precision": 0.9631612090680101,
    "eval_f1": 0.9683444127888573,
    "eval_mcc": 0.9364572253185384,
    "eval_acc": 0.9682009698704189,
    "eval_threshold": 0.5
}