{
    "eval_recall": 0.7830258302583026,
    "eval_precision": 0.6983709066973836,
    "eval_f1": 0.7382795511872662,
    "eval_mcc": 0.4481385467283303,
    "eval_acc": 0.7224169741697417,
    "eval_threshold": 0.5
}