{
    "eval_recall": 0.9796611725816078,
    "eval_precision": 0.932278923453338,
    "eval_f1": 0.9553829277575051,
    "eval_mcc": 0.9097276460545819,
    "eval_acc": 0.9542753573313144,
    "eval_threshold": 0.5
}