{
    "eval_recall": 0.31906155495254973,
    "eval_precision": 0.4344791836167346,
    "eval_f1": 0.3424286369283096,
    "eval_mcc": 0.649244690770705,
    "eval_acc": 0.6772645347340234
}