{
    "eval_recall": 0.9726271354132313,
    "eval_precision": 0.9614030512452731,
    "eval_f1": 0.9669825240171809,
    "eval_mcc": 0.9336432084010353,
    "eval_acc": 0.9667897895917156,
    "eval_threshold": 0.5
}