{
    "eval_recall": 0.689238367559137,
    "eval_precision": 0.6467073170731708,
    "eval_f1": 0.667295834906254,
    "eval_mcc": 0.3133896595429027,
    "eval_acc": 0.6563556017676111,
    "eval_threshold": 0.5
}