{
    "eval_recall": 0.9604693392931973,
    "eval_precision": 0.9379347974355476,
    "eval_f1": 0.9490683229813665,
    "eval_mcc": 0.897237910279831,
    "eval_acc": 0.9484888671738675,
    "eval_threshold": 0.5
}