{
    "eval_recall": 0.644196469404555,
    "eval_precision": 0.9317370022489747,
    "eval_f1": 0.7617348042396713,
    "eval_mcc": 0.6276349963465996,
    "eval_acc": 0.7984999542668983,
    "eval_threshold": 0.5
}