{
    "eval_recall": 0.9258624101312578,
    "eval_precision": 0.905671333634428,
    "eval_f1": 0.9156555772994128,
    "eval_mcc": 0.8296369768669912,
    "eval_acc": 0.9147153881670075,
    "eval_threshold": 0.5
}