{
    "eval_recall": 0.7968634686346864,
    "eval_precision": 0.6984152652005174,
    "eval_f1": 0.7443984832816269,
    "eval_mcc": 0.4573338340203147,
    "eval_acc": 0.7263837638376384,
    "eval_threshold": 0.5
}