{
    "eval_recall": 0.3392014987591679,
    "eval_precision": 0.4662912481559727,
    "eval_f1": 0.36638998045978727,
    "eval_mcc": 0.6502005221223826,
    "eval_acc": 0.6677232987371543
}