{
    "eval_recall": 0.31765330254324997,
    "eval_precision": 0.4219230782764606,
    "eval_f1": 0.3412095344876338,
    "eval_mcc": 0.8292264165838605,
    "eval_acc": 0.8382856396184503
}