{
    "eval_recall": 0.9758351101634684,
    "eval_precision": 0.8423312883435583,
    "eval_f1": 0.9041817583141258,
    "eval_mcc": 0.803331027355796,
    "eval_acc": 0.896588486140725,
    "eval_threshold": 0.5
}