{
    "eval_recall": 0.9834225962764601,
    "eval_precision": 0.8393556813234654,
    "eval_f1": 0.9056958308866706,
    "eval_mcc": 0.8071841122770052,
    "eval_acc": 0.8976026523845958,
    "eval_threshold": 0.5
}