{
    "eval_recall": 0.7884775774684032,
    "eval_precision": 0.8337290550166203,
    "eval_f1": 0.8104721709311526,
    "eval_mcc": 0.6321629803699368,
    "eval_acc": 0.815615577083467,
    "eval_threshold": 0.5
}