{
    "eval_recall": 0.92155603468049,
    "eval_precision": 0.8888151491018494,
    "eval_f1": 0.9048895295151009,
    "eval_mcc": 0.8067772418743294,
    "eval_acc": 0.9031155363861614,
    "eval_threshold": 0.5
}