{
    "eval_recall": 0.9890983298426508,
    "eval_precision": 0.9908543146115774,
    "eval_f1": 0.9899755435512914,
    "eval_mcc": 0.9799703912524802,
    "eval_acc": 0.9899844261854895,
    "eval_threshold": 0.5
}