{
    "eval_recall": 0.9650599336903851,
    "eval_precision": 0.7758868156653681,
    "eval_f1": 0.8601954989770403,
    "eval_mcc": 0.707660526342499,
    "eval_acc": 0.8431522570772763,
    "eval_threshold": 0.5
}