{
    "eval_recall": 0.9020453086306521,
    "eval_precision": 0.8298877731836976,
    "eval_f1": 0.8644633910521227,
    "eval_mcc": 0.7198683537389897,
    "eval_acc": 0.858571035494818,
    "eval_threshold": 0.5
}