{
    "eval_recall": 0.9640397857689365,
    "eval_precision": 0.7830950901180858,
    "eval_f1": 0.8641975308641975,
    "eval_mcc": 0.7164028815906559,
    "eval_acc": 0.8485080336648814,
    "eval_threshold": 0.5
}