{
    "eval_recall": 0.9678408554804214,
    "eval_precision": 0.9058061667525205,
    "eval_f1": 0.9357965560497207,
    "eval_mcc": 0.8698917269695279,
    "eval_acc": 0.9339150168244776,
    "eval_threshold": 0.5
}