{
    "eval_recall": 0.956418494203101,
    "eval_precision": 0.9444137931034483,
    "eval_f1": 0.9503782358248317,
    "eval_mcc": 0.9002618535058203,
    "eval_acc": 0.950094227681999,
    "eval_threshold": 0.5
}