{
    "eval_recall": 0.6495970886404991,
    "eval_precision": 0.6254536353397572,
    "eval_f1": 0.6372967803634045,
    "eval_mcc": 0.2607870383506335,
    "eval_acc": 0.6302963348063426,
    "eval_threshold": 0.5
}