{
    "eval_recall": 0.7939266441050032,
    "eval_precision": 0.8719236564540432,
    "eval_f1": 0.8310991957104558,
    "eval_mcc": 0.6800335168865026,
    "eval_acc": 0.8386536174883381,
    "eval_threshold": 0.5
}