{
    "eval_recall": 0.855350553505535,
    "eval_precision": 0.6197032482288464,
    "eval_f1": 0.7187039764359351,
    "eval_mcc": 0.35728168715469083,
    "eval_acc": 0.6652214022140222,
    "eval_threshold": 0.5
}