{
    "eval_recall": 0.6390694047309592,
    "eval_precision": 0.6362577639751553,
    "eval_f1": 0.637660485021398,
    "eval_mcc": 0.2737224542606896,
    "eval_acc": 0.6368598908240187,
    "eval_threshold": 0.5
}