{
    "eval_recall": 0.2417894668141266,
    "eval_precision": 0.32015525082521756,
    "eval_f1": 0.2505953525897525,
    "eval_mcc": 0.6296654994232952,
    "eval_acc": 0.6515055467511885
}