{
    "eval_recall": 0.921916468780556,
    "eval_precision": 0.8818813468733298,
    "eval_f1": 0.9014546199549274,
    "eval_mcc": 0.7993909015907164,
    "eval_acc": 0.8992810776854889,
    "eval_threshold": 0.5
}