{
    "eval_recall": 0.948618165028692,
    "eval_precision": 0.9121004566210046,
    "eval_f1": 0.9300009699634647,
    "eval_mcc": 0.8578872468299918,
    "eval_acc": 0.9285996965899347,
    "eval_threshold": 0.5
}