{
    "eval_recall": 0.9645498597296608,
    "eval_precision": 0.8179065743944637,
    "eval_f1": 0.8851960210649503,
    "eval_mcc": 0.762158676101845,
    "eval_acc": 0.8749043611323641,
    "eval_threshold": 0.5
}