{
    "eval_recall": 0.7177121771217713,
    "eval_precision": 0.6941470378301213,
    "eval_f1": 0.7057329462989841,
    "eval_mcc": 0.401707563419153,
    "eval_acc": 0.7007380073800737,
    "eval_threshold": 0.5
}