{
    "eval_recall": 0.982279575203754,
    "eval_precision": 0.9469079221474912,
    "eval_f1": 0.9642694790435493,
    "eval_mcc": 0.9278357841542109,
    "eval_acc": 0.9635942566002779,
    "eval_threshold": 0.5
}