{
    "eval_recall": 0.22346890544286657,
    "eval_precision": 0.3288803032156525,
    "eval_f1": 0.24051192760549986,
    "eval_mcc": 0.6822981110157904,
    "eval_acc": 0.6977350580295516
}