{
    "eval_recall": 0.7099630996309964,
    "eval_precision": 0.7328127975623691,
    "eval_f1": 0.7212070096523286,
    "eval_mcc": 0.4513264639267376,
    "eval_acc": 0.7255535055350554,
    "eval_threshold": 0.5
}