{
    "eval_recall": 0.3043281524318351,
    "eval_precision": 0.4216755612406599,
    "eval_f1": 0.32643817443190226,
    "eval_mcc": 0.6406890964782294,
    "eval_acc": 0.669169370204439
}