{
    "eval_recall": 0.6670132570834416,
    "eval_precision": 0.6364087301587301,
    "eval_f1": 0.6513516943774591,
    "eval_mcc": 0.28626829637004886,
    "eval_acc": 0.6429685469196776,
    "eval_threshold": 0.5
}