{
    "eval_recall": 0.7933778468855758,
    "eval_precision": 0.8474013286440015,
    "eval_f1": 0.8195002125749917,
    "eval_mcc": 0.6518336131343011,
    "eval_acc": 0.8252538187139852,
    "eval_threshold": 0.5
}