{
    "eval_recall": 0.9068305629277832,
    "eval_precision": 0.8665242925787506,
    "eval_f1": 0.8862193706914203,
    "eval_mcc": 0.7681295608049624,
    "eval_acc": 0.8836462623019474,
    "eval_threshold": 0.5
}