{
    "eval_recall": 0.8122198847525839,
    "eval_precision": 0.8496794565113386,
    "eval_f1": 0.8305274971941637,
    "eval_mcc": 0.6691771148024068,
    "eval_acc": 0.8342632397329187,
    "eval_threshold": 0.5
}