{
    "eval_recall": 0.958513758904875,
    "eval_precision": 0.8974627256081611,
    "eval_f1": 0.926984126984127,
    "eval_mcc": 0.8510713315699543,
    "eval_acc": 0.9245480561178195,
    "eval_threshold": 0.5
}