{
    "eval_recall": 0.9665827960371127,
    "eval_precision": 0.9253293187805796,
    "eval_f1": 0.9455062877360304,
    "eval_mcc": 0.890012077861341,
    "eval_acc": 0.944557477110885,
    "eval_threshold": 0.5
}