{
    "eval_recall": 0.2923033834926465,
    "eval_precision": 0.394194907668338,
    "eval_f1": 0.31322832928721106,
    "eval_mcc": 0.6382722435389752,
    "eval_acc": 0.6676635936648886
}