{
    "eval_recall": 0.9721779292901523,
    "eval_precision": 0.9342668428005284,
    "eval_f1": 0.9528454408277647,
    "eval_mcc": 0.9045224278090449,
    "eval_acc": 0.9518887117171606,
    "eval_threshold": 0.5
}