{
    "eval_recall": 0.9893330400835761,
    "eval_precision": 0.9490980061187889,
    "eval_f1": 0.9687979539641943,
    "eval_mcc": 0.9371156139372656,
    "eval_acc": 0.9681365810743938,
    "eval_threshold": 0.5
}