{
    "eval_recall": 0.9644251388354319,
    "eval_precision": 0.9323340243448679,
    "eval_f1": 0.9481081081081081,
    "eval_mcc": 0.8949603964820656,
    "eval_acc": 0.947215043712542,
    "eval_threshold": 0.5
}