{
    "eval_recall": 0.7001845018450185,
    "eval_precision": 0.7112068965517241,
    "eval_f1": 0.7056526589810338,
    "eval_mcc": 0.4159171118208205,
    "eval_acc": 0.7079335793357934,
    "eval_threshold": 0.5
}