{
    "eval_recall": 0.9608883922335522,
    "eval_precision": 0.9336319218241043,
    "eval_f1": 0.9470640875610932,
    "eval_mcc": 0.8930323168430191,
    "eval_acc": 0.9463251204020381,
    "eval_threshold": 0.5
}