{
    "eval_recall": 0.7603321033210332,
    "eval_precision": 0.7117443868739205,
    "eval_f1": 0.7352363960749331,
    "eval_mcc": 0.4534563572895174,
    "eval_acc": 0.72619926199262,
    "eval_threshold": 0.5
}