{
    "eval_recall": 0.9665589341072489,
    "eval_precision": 0.9430465280906107,
    "eval_f1": 0.9546579804560262,
    "eval_mcc": 0.9084678825910513,
    "eval_acc": 0.9540927379460458,
    "eval_threshold": 0.5
}