{
    "eval_recall": 0.9308562648414583,
    "eval_precision": 0.879968308464281,
    "eval_f1": 0.9046972576703775,
    "eval_mcc": 0.8053594491988596,
    "eval_acc": 0.9020032107210163,
    "eval_threshold": 0.5
}