{
    "eval_recall": 0.6263322069144788,
    "eval_precision": 0.6553787569699442,
    "eval_f1": 0.6405263507675948,
    "eval_mcc": 0.29727677497572574,
    "eval_acc": 0.6484923316870288,
    "eval_threshold": 0.5
}