{
    "eval_recall": 0.9790869676103034,
    "eval_precision": 0.7977971737323358,
    "eval_f1": 0.8791938623611588,
    "eval_mcc": 0.7505714874020377,
    "eval_acc": 0.8654679928589646,
    "eval_threshold": 0.5
}