{
    "eval_recall": 0.6747232472324723,
    "eval_precision": 0.7077607896264757,
    "eval_f1": 0.69084726551431,
    "eval_mcc": 0.3965577318188006,
    "eval_acc": 0.6980627306273063,
    "eval_threshold": 0.5
}