{
    "eval_recall": 0.8065489801518338,
    "eval_precision": 0.8551202482544609,
    "eval_f1": 0.8301247352318193,
    "eval_mcc": 0.6709817405433457,
    "eval_acc": 0.834949236257203,
    "eval_threshold": 0.5
}