{
    "eval_recall": 0.3533175695124894,
    "eval_precision": 0.43637016220856945,
    "eval_f1": 0.36767310271194814,
    "eval_mcc": 0.7775171145082472,
    "eval_acc": 0.7883838642057365
}