{
    "eval_recall": 0.6969066805302834,
    "eval_precision": 0.6714249937390433,
    "eval_f1": 0.6839285714285714,
    "eval_mcc": 0.35611826635523264,
    "eval_acc": 0.6779308552118534,
    "eval_threshold": 0.5
}