{
    "eval_recall": 0.7498556489382178,
    "eval_precision": 0.8249576510446076,
    "eval_f1": 0.7856158628801881,
    "eval_mcc": 0.593212029278264,
    "eval_acc": 0.795374350420222,
    "eval_threshold": 0.5
}