{
    "eval_recall": 0.8241104911735114,
    "eval_precision": 0.8570341481974698,
    "eval_f1": 0.8402499300568871,
    "eval_mcc": 0.6871440095789135,
    "eval_acc": 0.8433183938534712,
    "eval_threshold": 0.5
}