{
    "eval_recall": 0.9679441359212625,
    "eval_precision": 0.9345437171524128,
    "eval_f1": 0.9509507346585998,
    "eval_mcc": 0.9007239042836482,
    "eval_acc": 0.9500742288447792,
    "eval_threshold": 0.5
}