{
    "eval_recall": 0.9277832099455231,
    "eval_precision": 0.8730283911671924,
    "eval_f1": 0.8995733730615562,
    "eval_mcc": 0.7945485232492797,
    "eval_acc": 0.8964891463669994,
    "eval_threshold": 0.5
}