{
    "eval_recall": 0.9269232533602458,
    "eval_precision": 0.8464309651474531,
    "eval_f1": 0.8848503426682139,
    "eval_mcc": 0.7621454851903748,
    "eval_acc": 0.8793475268422501,
    "eval_threshold": 0.5
}