{
    "eval_recall": 0.9761889057450036,
    "eval_precision": 0.9424350483953133,
    "eval_f1": 0.9590150656082942,
    "eval_mcc": 0.9171506609392507,
    "eval_acc": 0.9582811160213707,
    "eval_threshold": 0.5
}