{
    "eval_recall": 0.988268298903341,
    "eval_precision": 0.8387445887445888,
    "eval_f1": 0.9073878936892636,
    "eval_mcc": 0.811260968654155,
    "eval_acc": 0.8991328742667687,
    "eval_threshold": 0.5
}