{
    "eval_recall": 0.33730414653620844,
    "eval_precision": 0.46944583833816994,
    "eval_f1": 0.3598757816214872,
    "eval_mcc": 0.6112228428551069,
    "eval_acc": 0.63486529318542
}