{
    "eval_recall": 0.9804102631752523,
    "eval_precision": 0.9263945154253661,
    "eval_f1": 0.9526373133371787,
    "eval_mcc": 0.9040511156871622,
    "eval_acc": 0.9512565134225974,
    "eval_threshold": 0.5
}