{
    "eval_recall": 0.9534841047754484,
    "eval_precision": 0.8859006052339954,
    "eval_f1": 0.9184507633503458,
    "eval_mcc": 0.8330673868376252,
    "eval_acc": 0.9153207304762778,
    "eval_threshold": 0.5
}