{
    "eval_recall": 0.23393992321381335,
    "eval_precision": 0.3195782322562334,
    "eval_f1": 0.2488443619411529,
    "eval_mcc": 0.6225825164760573,
    "eval_acc": 0.6534496757417856
}