{
    "eval_recall": 0.9866633736725118,
    "eval_precision": 0.9622448365147227,
    "eval_f1": 0.9743011309941163,
    "eval_mcc": 0.948244079231788,
    "eval_acc": 0.9739694302918017,
    "eval_threshold": 0.5
}