{
    "eval_recall": 0.547635850388144,
    "eval_precision": 0.960287996400045,
    "eval_f1": 0.6974995914365093,
    "eval_mcc": 0.5814063608842738,
    "eval_acc": 0.7624943863475974,
    "eval_threshold": 0.5
}