{
    "eval_recall": 0.6633740577073044,
    "eval_precision": 0.6276438760452533,
    "eval_f1": 0.6450145330468849,
    "eval_mcc": 0.270258913931663,
    "eval_acc": 0.6349103197296595,
    "eval_threshold": 0.5
}