{
    "eval_recall": 0.8882876272585527,
    "eval_precision": 0.8518404503276309,
    "eval_f1": 0.8696823436973846,
    "eval_mcc": 0.7344614535570395,
    "eval_acc": 0.866894432724938,
    "eval_threshold": 0.5
}