{
    "eval_recall": 0.9632630255622293,
    "eval_precision": 0.9425915800984145,
    "eval_f1": 0.9528151986183074,
    "eval_mcc": 0.904874164434796,
    "eval_acc": 0.9523277727367907,
    "eval_threshold": 0.5
}