{
    "eval_recall": 0.9621795879855323,
    "eval_precision": 0.9125960176001193,
    "eval_f1": 0.9367321162016305,
    "eval_mcc": 0.8719526721591684,
    "eval_acc": 0.9353235777447375,
    "eval_threshold": 0.5
}