{
    "eval_recall": 0.9482841952634122,
    "eval_precision": 0.9476734825309934,
    "eval_f1": 0.9479787405379289,
    "eval_mcc": 0.8959241428592793,
    "eval_acc": 0.9479619784114709,
    "eval_threshold": 0.5
}