{
    "eval_recall": 0.8167403171302313,
    "eval_precision": 0.6294700991685866,
    "eval_f1": 0.7109803699722804,
    "eval_mcc": 0.35191044943582783,
    "eval_acc": 0.6679880426306213,
    "eval_threshold": 0.5
}