{
    "eval_recall": 0.9894205466945921,
    "eval_precision": 0.9909638554216867,
    "eval_f1": 0.9901915997097789,
    "eval_mcc": 0.980399663789757,
    "eval_acc": 0.9901992374201171,
    "eval_threshold": 0.5
}