{
    "eval_recall": 0.7521265892252813,
    "eval_precision": 0.8749733985954459,
    "eval_f1": 0.8089124981555261,
    "eval_mcc": 0.6511031227353989,
    "eval_acc": 0.8223269002103722,
    "eval_threshold": 0.5
}