{
    "eval_recall": 0.8923232137943685,
    "eval_precision": 0.8532339399254549,
    "eval_f1": 0.8723409024680012,
    "eval_mcc": 0.7396099170818113,
    "eval_acc": 0.869416674309823,
    "eval_threshold": 0.5
}