{
    "eval_recall": 0.9727880330999363,
    "eval_precision": 0.9573251898833294,
    "eval_f1": 0.9649946722443664,
    "eval_mcc": 0.9296076478410744,
    "eval_acc": 0.964742825343827,
    "eval_threshold": 0.5
}