{
    "eval_recall": 0.8468634686346863,
    "eval_precision": 0.6209415584415584,
    "eval_f1": 0.7165157664689353,
    "eval_mcc": 0.3541627708662998,
    "eval_acc": 0.6649446494464945,
    "eval_threshold": 0.5
}