{
    "eval_recall": 0.3150814054411914,
    "eval_precision": 0.441059263982121,
    "eval_f1": 0.34009322253669816,
    "eval_mcc": 0.6454132506058148,
    "eval_acc": 0.6742365724290643
}