{
    "eval_recall": 0.9751470830813218,
    "eval_precision": 0.943652229434926,
    "eval_f1": 0.9591411806062572,
    "eval_mcc": 0.9174297937172599,
    "eval_acc": 0.9584593390883598,
    "eval_threshold": 0.5
}