{
    "eval_recall": 0.7919420029511772,
    "eval_precision": 0.8187848235606262,
    "eval_f1": 0.8051397449695072,
    "eval_mcc": 0.6169993922014699,
    "eval_acc": 0.8083338679668954,
    "eval_threshold": 0.5
}