{
    "eval_recall": 0.9512501746053919,
    "eval_precision": 0.9323658269441402,
    "eval_f1": 0.9417133374818503,
    "eval_mcc": 0.8825023476099387,
    "eval_acc": 0.9411600474628324,
    "eval_threshold": 0.5
}