{
    "eval_recall": 0.6331558349906974,
    "eval_precision": 0.8965297965116279,
    "eval_f1": 0.742169580748261,
    "eval_mcc": 0.5859359593694933,
    "eval_acc": 0.7800410598575737,
    "eval_threshold": 0.5
}