{
    "eval_recall": 0.9055669130366409,
    "eval_precision": 0.8492110308214128,
    "eval_f1": 0.8764840182648401,
    "eval_mcc": 0.7476953564385088,
    "eval_acc": 0.8729947570232413,
    "eval_threshold": 0.5
}