{
    "eval_recall": 0.9751533259946532,
    "eval_precision": 0.9272523364485982,
    "eval_f1": 0.9505997777181621,
    "eval_mcc": 0.9003440094978901,
    "eval_acc": 0.9495656937162532,
    "eval_threshold": 0.5
}