{
    "eval_recall": 0.9907040704070407,
    "eval_precision": 0.964186295503212,
    "eval_f1": 0.9772653282691265,
    "eval_mcc": 0.9542663629576794,
    "eval_acc": 0.976952695269527,
    "eval_threshold": 0.5
}