{
    "eval_recall": 0.32263779952048205,
    "eval_precision": 0.4362903735366911,
    "eval_f1": 0.3390856050259691,
    "eval_mcc": 0.709158698279776,
    "eval_acc": 0.7235288102663735
}