{
    "eval_recall": 0.9607642711118101,
    "eval_precision": 0.910235399284863,
    "eval_f1": 0.9348175350011475,
    "eval_mcc": 0.868013408727695,
    "eval_acc": 0.9333281164410361,
    "eval_threshold": 0.5
}