{
    "eval_recall": 0.6747461812860148,
    "eval_precision": 0.9175373134328358,
    "eval_f1": 0.7776313708954831,
    "eval_mcc": 0.6368029055039524,
    "eval_acc": 0.8070520442696424,
    "eval_threshold": 0.5
}