{
    "eval_recall": 0.726800103977125,
    "eval_precision": 0.6639753027784374,
    "eval_f1": 0.6939687267311988,
    "eval_mcc": 0.36059883611426247,
    "eval_acc": 0.6794905120873408,
    "eval_threshold": 0.5
}