{
    "eval_recall": 0.6881002469587487,
    "eval_precision": 0.9097835288426653,
    "eval_f1": 0.7835642120612435,
    "eval_mcc": 0.6391303496770575,
    "eval_acc": 0.8099332296716363,
    "eval_threshold": 0.5
}