{
    "eval_recall": 0.17627655904793404,
    "eval_precision": 0.29609325283518445,
    "eval_f1": 0.1941679277371904,
    "eval_mcc": 0.644961245579345,
    "eval_acc": 0.6760516451478551
}