{
    "eval_recall": 0.6648037431765011,
    "eval_precision": 0.6496888098564715,
    "eval_f1": 0.6571593756022354,
    "eval_mcc": 0.30642554298719543,
    "eval_acc": 0.6531713023134911,
    "eval_threshold": 0.5
}