{
    "eval_recall": 0.7771217712177122,
    "eval_precision": 0.7043478260869566,
    "eval_f1": 0.7389473684210527,
    "eval_mcc": 0.4533488046363807,
    "eval_acc": 0.7254612546125462,
    "eval_threshold": 0.5
}