{
    "eval_recall": 0.7232908760072784,
    "eval_precision": 0.661319073083779,
    "eval_f1": 0.6909181203054193,
    "eval_mcc": 0.35443201287253534,
    "eval_acc": 0.6764361840395113,
    "eval_threshold": 0.5
}