{
    "eval_recall": 0.9834225962764601,
    "eval_precision": 0.773055332798717,
    "eval_f1": 0.8656414861376137,
    "eval_mcc": 0.7219662508557485,
    "eval_acc": 0.8473603672532517,
    "eval_threshold": 0.5
}