{
    "eval_recall": 0.9657322795752038,
    "eval_precision": 0.9340698716034638,
    "eval_f1": 0.9496372301994475,
    "eval_mcc": 0.8980607300044181,
    "eval_acc": 0.9487725798981009,
    "eval_threshold": 0.5
}