{
    "eval_recall": 0.9505640649362561,
    "eval_precision": 0.9110407876230661,
    "eval_f1": 0.9303828717626466,
    "eval_mcc": 0.8585538740913917,
    "eval_acc": 0.928872787306246,
    "eval_threshold": 0.5
}