{
    "eval_recall": 0.9675483147549634,
    "eval_precision": 0.9460208951373662,
    "eval_f1": 0.956663514527016,
    "eval_mcc": 0.9125771825652751,
    "eval_acc": 0.9561704373062463,
    "eval_threshold": 0.5
}