{
    "eval_recall": 0.9096607466871941,
    "eval_precision": 0.8876012661623478,
    "eval_f1": 0.8984956280888503,
    "eval_mcc": 0.7947140488783423,
    "eval_acc": 0.8972342882278551,
    "eval_threshold": 0.5
}