{
    "eval_recall": 0.991917303568483,
    "eval_precision": 0.9620307167235495,
    "eval_f1": 0.9767454451934269,
    "eval_mcc": 0.9532285550555972,
    "eval_acc": 0.9763842304943091,
    "eval_threshold": 0.5
}