{
    "eval_recall": 0.27384588802505133,
    "eval_precision": 0.2922254934107296,
    "eval_f1": 0.26415404426277794,
    "eval_mcc": 0.5904017907651657,
    "eval_acc": 0.6096937471240861
}