{
    "eval_recall": 0.2733161942176633,
    "eval_precision": 0.39619781304664226,
    "eval_f1": 0.296993242644692,
    "eval_mcc": 0.6311795463877424,
    "eval_acc": 0.6513524108192865
}