{
    "eval_recall": 0.24981471823120616,
    "eval_precision": 0.3525363838214173,
    "eval_f1": 0.2693101249310771,
    "eval_mcc": 0.6466858990264036,
    "eval_acc": 0.6767388588088297
}