{
    "eval_recall": 0.9668451925529201,
    "eval_precision": 0.8302671922908453,
    "eval_f1": 0.8933663249675974,
    "eval_mcc": 0.7798147348736115,
    "eval_acc": 0.884595766386126,
    "eval_threshold": 0.5
}