{
    "eval_recall": 0.6441906717136074,
    "eval_precision": 0.8809440252675909,
    "eval_f1": 0.7441912173429682,
    "eval_mcc": 0.5784106246170436,
    "eval_acc": 0.7785654712260217,
    "eval_threshold": 0.5
}