{
    "eval_recall": 0.9488272921108742,
    "eval_precision": 0.8771353482260184,
    "eval_f1": 0.9115739160122909,
    "eval_mcc": 0.8186594983549975,
    "eval_acc": 0.9079601990049752,
    "eval_threshold": 0.5
}