{
    "eval_recall": 0.9715674584976612,
    "eval_precision": 0.9243858807103277,
    "eval_f1": 0.9473896031302405,
    "eval_mcc": 0.8932582286933614,
    "eval_acc": 0.9460469595524168,
    "eval_threshold": 0.5
}