{
    "eval_recall": 0.9849345517411706,
    "eval_precision": 0.9527563757988413,
    "eval_f1": 0.968578281064999,
    "eval_mcc": 0.9366156244370376,
    "eval_acc": 0.968040759610931,
    "eval_threshold": 0.5
}