{
    "eval_recall": 0.6180150125104253,
    "eval_precision": 0.9099754392593992,
    "eval_f1": 0.7361020899400145,
    "eval_mcc": 0.5879585369618183,
    "eval_acc": 0.7784371591711041,
    "eval_threshold": 0.5
}