{
    "eval_recall": 0.9915873975916863,
    "eval_precision": 0.9426092410620949,
    "eval_f1": 0.9664782014523433,
    "eval_mcc": 0.9324742302465863,
    "eval_acc": 0.965607301918953,
    "eval_threshold": 0.5
}