{
    "eval_recall": 0.2942923254500552,
    "eval_precision": 0.3977250149846313,
    "eval_f1": 0.30879659468079196,
    "eval_mcc": 0.8192780194725227,
    "eval_acc": 0.8279841418146007
}