{
    "eval_recall": 0.6854691967767091,
    "eval_precision": 0.645769560426105,
    "eval_f1": 0.6650274257613014,
    "eval_mcc": 0.31004836472879993,
    "eval_acc": 0.6547309591889784,
    "eval_threshold": 0.5
}