{
    "eval_recall": 0.3542150570073984,
    "eval_precision": 0.48020055524990735,
    "eval_f1": 0.3732561048585269,
    "eval_mcc": 0.8185099166892564,
    "eval_acc": 0.8273173475126541
}