{
    "eval_recall": 0.3336468820887762,
    "eval_precision": 0.4706007886314717,
    "eval_f1": 0.3601108510686568,
    "eval_mcc": 0.6112147707102122,
    "eval_acc": 0.6353143159006868
}