{
    "eval_recall": 0.24115095318014326,
    "eval_precision": 0.33853707986756776,
    "eval_f1": 0.25801191961999553,
    "eval_mcc": 0.6288445050483839,
    "eval_acc": 0.6590402187207712
}