{
    "eval_recall": 0.8099818040031194,
    "eval_precision": 0.6343002544529263,
    "eval_f1": 0.7114561333409442,
    "eval_mcc": 0.35695920090840405,
    "eval_acc": 0.6714972706004679,
    "eval_threshold": 0.5
}