{
    "eval_recall": 0.8146894722400073,
    "eval_precision": 0.8652613172721974,
    "eval_f1": 0.8392142083195929,
    "eval_mcc": 0.6890036873711297,
    "eval_acc": 0.8439129241745175,
    "eval_threshold": 0.5
}