{
    "eval_recall": 0.9767916347870441,
    "eval_precision": 0.8358795285901353,
    "eval_f1": 0.9008585205221687,
    "eval_mcc": 0.7964018735362486,
    "eval_acc": 0.8925019127773527,
    "eval_threshold": 0.5
}