{
    "eval_recall": 0.9799596441346419,
    "eval_precision": 0.9424450912939931,
    "eval_f1": 0.9608363309352518,
    "eval_mcc": 0.9208435496016326,
    "eval_acc": 0.9600568650830047,
    "eval_threshold": 0.5
}