{
    "eval_recall": 0.9444924672758706,
    "eval_precision": 0.9202310052337124,
    "eval_f1": 0.9322039062738049,
    "eval_mcc": 0.8628899937432958,
    "eval_acc": 0.931295352786784,
    "eval_threshold": 0.5
}