{
    "eval_recall": 0.9328934345100627,
    "eval_precision": 0.9126000516395559,
    "eval_f1": 0.9226351682056971,
    "eval_mcc": 0.8437901891754939,
    "eval_acc": 0.9217904736772661,
    "eval_threshold": 0.5
}