{
    "eval_recall": 0.9920822565568813,
    "eval_precision": 0.9508326306913997,
    "eval_f1": 0.9710195624680462,
    "eval_mcc": 0.9416684294904228,
    "eval_acc": 0.970390938582504,
    "eval_threshold": 0.5
}