{
    "eval_recall": 0.19038946721857167,
    "eval_precision": 0.31455986329358104,
    "eval_f1": 0.21058595444519798,
    "eval_mcc": 0.6303494928939788,
    "eval_acc": 0.6484254540702993
}