{
    "eval_recall": 0.6,
    "eval_precision": 0.7538247566063978,
    "eval_f1": 0.6681734127799466,
    "eval_mcc": 0.41274375387726764,
    "eval_acc": 0.7020295202952029,
    "eval_threshold": 0.5
}