{
    "eval_recall": 0.9924121625336779,
    "eval_precision": 0.9566438755499019,
    "eval_f1": 0.9741998164840503,
    "eval_mcc": 0.9480979157267937,
    "eval_acc": 0.9737174905152032,
    "eval_threshold": 0.5
}