{
    "eval_recall": 0.700173785786152,
    "eval_precision": 0.8938580102755722,
    "eval_f1": 0.7852490126686156,
    "eval_mcc": 0.632047235030761,
    "eval_acc": 0.8085155035214489,
    "eval_threshold": 0.5
}