{
    "eval_recall": 0.9200580436646659,
    "eval_precision": 0.9009817852990569,
    "eval_f1": 0.9104199980419672,
    "eval_mcc": 0.8191269632831687,
    "eval_acc": 0.9094716707341204,
    "eval_threshold": 0.5
}