{
    "eval_recall": 0.9704504979882593,
    "eval_precision": 0.9398875686725437,
    "eval_f1": 0.9549245497322733,
    "eval_mcc": 0.9088639942196282,
    "eval_acc": 0.9541916760108172,
    "eval_threshold": 0.5
}