{
    "eval_recall": 0.9693348010693505,
    "eval_precision": 0.9435175264044083,
    "eval_f1": 0.9562519391870928,
    "eval_mcc": 0.9120778291279091,
    "eval_acc": 0.9558650911651929,
    "eval_threshold": 0.5
}