{
    "eval_recall": 0.9914774289327541,
    "eval_precision": 0.9514563106796117,
    "eval_f1": 0.9710546864482081,
    "eval_mcc": 0.9417253105236926,
    "eval_acc": 0.9704459229119701,
    "eval_threshold": 0.5
}