{
    "eval_recall": 0.9400435327484994,
    "eval_precision": 0.9110784376398389,
    "eval_f1": 0.9253343721594598,
    "eval_mcc": 0.8487239943723373,
    "eval_acc": 0.9241474836752193,
    "eval_threshold": 0.5
}