{
    "eval_recall": 0.6434849554115609,
    "eval_precision": 0.8867474140217487,
    "eval_f1": 0.7457803554167596,
    "eval_mcc": 0.5836943561248698,
    "eval_acc": 0.780650542118432,
    "eval_threshold": 0.5
}