{
    "eval_recall": 0.8088560885608856,
    "eval_precision": 0.63785828604685,
    "eval_f1": 0.713251443911169,
    "eval_mcc": 0.3629150194577396,
    "eval_acc": 0.6748154981549815,
    "eval_threshold": 0.5
}