{
    "eval_recall": 0.7505848713283078,
    "eval_precision": 0.5999376688136298,
    "eval_f1": 0.6668591224018475,
    "eval_mcc": 0.2583422942373482,
    "eval_acc": 0.6250324928515727,
    "eval_threshold": 0.5
}