{
    "eval_recall": 0.6759812841174941,
    "eval_precision": 0.6662823469126313,
    "eval_f1": 0.6710967741935484,
    "eval_mcc": 0.33744152461379534,
    "eval_acc": 0.6687028853652196,
    "eval_threshold": 0.5
}