{
    "eval_recall": 0.954802881178864,
    "eval_precision": 0.9321988404552287,
    "eval_f1": 0.9433654760287927,
    "eval_mcc": 0.8856180697000546,
    "eval_acc": 0.9426788365315885,
    "eval_threshold": 0.5
}