{
    "eval_recall": 0.9055734041067188,
    "eval_precision": 0.8753713205509047,
    "eval_f1": 0.890216271884655,
    "eval_mcc": 0.7772519908600933,
    "eval_acc": 0.8883925455433797,
    "eval_threshold": 0.5
}