{
    "eval_recall": 0.7614037338807981,
    "eval_precision": 0.8492915414340919,
    "eval_f1": 0.802949832549643,
    "eval_mcc": 0.6296717516478009,
    "eval_acc": 0.8131455700263039,
    "eval_threshold": 0.5
}