{
    "eval_recall": 0.5009225092250923,
    "eval_precision": 0.8046828689982217,
    "eval_f1": 0.6174664544007279,
    "eval_mcc": 0.40964398133497704,
    "eval_acc": 0.6896678966789668,
    "eval_threshold": 0.5
}