{
    "eval_recall": 0.9711039762904421,
    "eval_precision": 0.946215858500782,
    "eval_f1": 0.958498385032604,
    "eval_mcc": 0.9162036297080425,
    "eval_acc": 0.9579434923575729,
    "eval_threshold": 0.5
}