{
    "eval_recall": 0.9700082546088232,
    "eval_precision": 0.9337394605571006,
    "eval_f1": 0.9515283744573652,
    "eval_mcc": 0.9018545782814175,
    "eval_acc": 0.9505869944052096,
    "eval_threshold": 0.5
}