{
    "eval_recall": 0.9696493159301777,
    "eval_precision": 0.9236761291289042,
    "eval_f1": 0.9461045686447503,
    "eval_mcc": 0.8911709987571843,
    "eval_acc": 0.9450269974176383,
    "eval_threshold": 0.5
}