{
    "eval_recall": 0.7528709822287803,
    "eval_precision": 0.8379748643244788,
    "eval_f1": 0.7931465648339022,
    "eval_mcc": 0.6104573140591844,
    "eval_acc": 0.8036504779624045,
    "eval_threshold": 0.5
}