{
    "eval_recall": 0.9598840019333011,
    "eval_precision": 0.9546547027719917,
    "eval_f1": 0.9572622107969152,
    "eval_mcc": 0.9143040343552646,
    "eval_acc": 0.9571451586917996,
    "eval_threshold": 0.5
}