{
    "eval_recall": 0.7502972651605232,
    "eval_precision": 0.8741474850809889,
    "eval_f1": 0.8075011074469657,
    "eval_mcc": 0.6488207586852704,
    "eval_acc": 0.8211378395682796,
    "eval_threshold": 0.5
}