{
    "eval_recall": 0.6525042058845095,
    "eval_precision": 0.7221708810825604,
    "eval_f1": 0.6670550209288428,
    "eval_mcc": 0.9351229591708767,
    "eval_acc": 0.9388008452192287
}