{
    "eval_recall": 0.5831817000259942,
    "eval_precision": 0.6509502393732772,
    "eval_f1": 0.6152053198053061,
    "eval_mcc": 0.27194823804463836,
    "eval_acc": 0.635235248245386,
    "eval_threshold": 0.5
}