{
    "eval_recall": 0.9659617413642828,
    "eval_precision": 0.9185169029443838,
    "eval_f1": 0.941642071371076,
    "eval_mcc": 0.8814180563463758,
    "eval_acc": 0.940121134257135,
    "eval_threshold": 0.5
}