{
    "eval_recall": 0.9748721614339914,
    "eval_precision": 0.9433861870809833,
    "eval_f1": 0.9588707714772452,
    "eval_mcc": 0.9168796439249132,
    "eval_acc": 0.9581844174410293,
    "eval_threshold": 0.5
}