{
    "eval_recall": 0.4147099336163903,
    "eval_precision": 0.5272967254113675,
    "eval_f1": 0.44415335748317575,
    "eval_mcc": 0.8722409786184642,
    "eval_acc": 0.8795562599049128
}