{
    "eval_recall": 0.9527076050392455,
    "eval_precision": 0.9171375960378437,
    "eval_f1": 0.9345842769330315,
    "eval_mcc": 0.8672840085052521,
    "eval_acc": 0.9333157443440406,
    "eval_threshold": 0.5
}