{
    "eval_recall": 0.9770404151596163,
    "eval_precision": 0.9403662781897987,
    "eval_f1": 0.95835261453031,
    "eval_mcc": 0.916190231910008,
    "eval_acc": 0.957743172392206,
    "eval_threshold": 0.5
}