{
    "eval_recall": 0.9733526812215553,
    "eval_precision": 0.9335146761133604,
    "eval_f1": 0.9530175336626949,
    "eval_mcc": 0.9048544040141424,
    "eval_acc": 0.9520150385858452,
    "eval_threshold": 0.5
}