{
    "eval_recall": 0.9418673705047839,
    "eval_precision": 0.9264018691588785,
    "eval_f1": 0.9340706082518077,
    "eval_mcc": 0.8671881295792623,
    "eval_acc": 0.9335334476843911,
    "eval_threshold": 0.5
}