{
    "eval_recall": 0.9720335070246026,
    "eval_precision": 0.9436511493884869,
    "eval_f1": 0.9576320748586653,
    "eval_mcc": 0.914403537237311,
    "eval_acc": 0.9569949211793417,
    "eval_threshold": 0.5
}