{
    "eval_recall": 0.9561620153124228,
    "eval_precision": 0.9368421052631579,
    "eval_f1": 0.946403471246104,
    "eval_mcc": 0.8918675097487669,
    "eval_acc": 0.9458391230507951,
    "eval_threshold": 0.5
}