{
    "eval_recall": 0.9444056432462634,
    "eval_precision": 0.913772131369104,
    "eval_f1": 0.9288363786234373,
    "eval_mcc": 0.8558613956122985,
    "eval_acc": 0.9276889788511202,
    "eval_threshold": 0.5
}