{
    "eval_recall": 0.9053762453514531,
    "eval_precision": 0.8421232437972413,
    "eval_f1": 0.8726049825213505,
    "eval_mcc": 0.7378859130027863,
    "eval_acc": 0.8678963911257944,
    "eval_threshold": 0.5
}