{
    "eval_recall": 0.7507380073800738,
    "eval_precision": 0.7047107724281261,
    "eval_f1": 0.7269966053242808,
    "eval_mcc": 0.43709565535538414,
    "eval_acc": 0.7180811808118082,
    "eval_threshold": 0.5
}