{
    "eval_recall": 0.9679317931793179,
    "eval_precision": 0.9455160926333889,
    "eval_f1": 0.9565926449403386,
    "eval_mcc": 0.9124126576030069,
    "eval_acc": 0.9560781078107811,
    "eval_threshold": 0.5
}