{
    "eval_recall": 0.8483490350315558,
    "eval_precision": 0.8257656695156695,
    "eval_f1": 0.8369050304534176,
    "eval_mcc": 0.6696001307200516,
    "eval_acc": 0.8346748376474893,
    "eval_threshold": 0.5
}