{
    "eval_recall": 0.9694385216773277,
    "eval_precision": 0.8627450980392157,
    "eval_f1": 0.9129852744310576,
    "eval_mcc": 0.8215158456122561,
    "eval_acc": 0.9076048329779673,
    "eval_threshold": 0.5
}