{
    "eval_recall": 0.931281251433552,
    "eval_precision": 0.8596654668642811,
    "eval_f1": 0.8940414850046241,
    "eval_mcc": 0.7819203890495798,
    "eval_acc": 0.8896026429292466,
    "eval_threshold": 0.5
}