{
    "eval_recall": 0.9715979254136824,
    "eval_precision": 0.9441411171776565,
    "eval_f1": 0.9576727626814352,
    "eval_mcc": 0.9144824397080596,
    "eval_acc": 0.9570480160568164,
    "eval_threshold": 0.5
}