{
    "eval_recall": 0.8191881918819188,
    "eval_precision": 0.6264992239311415,
    "eval_f1": 0.7100023986567522,
    "eval_mcc": 0.34766405475484247,
    "eval_acc": 0.6654059040590405,
    "eval_threshold": 0.5
}