{
    "eval_recall": 0.8044452574773621,
    "eval_precision": 0.8647134008455413,
    "eval_f1": 0.8334912812736923,
    "eval_mcc": 0.6802419810469179,
    "eval_acc": 0.8392938809110034,
    "eval_threshold": 0.5
}