{
    "eval_recall": 0.7260587213024787,
    "eval_precision": 0.8914093206064009,
    "eval_f1": 0.8002822865208187,
    "eval_mcc": 0.6488717483317297,
    "eval_acc": 0.818805451385713,
    "eval_threshold": 0.5
}