{
    "eval_recall": 0.19185450948498278,
    "eval_precision": 0.18789816320325234,
    "eval_f1": 0.17716337903831494,
    "eval_mcc": 0.5943970986181606,
    "eval_acc": 0.6127370520946441
}