{
    "eval_recall": 0.8873250511086649,
    "eval_precision": 0.8272247471045301,
    "eval_f1": 0.8562215477996965,
    "eval_mcc": 0.7053603480276865,
    "eval_acc": 0.8517098364504265,
    "eval_threshold": 0.5
}