{
    "eval_recall": 0.3112317875592273,
    "eval_precision": 0.4141840218078707,
    "eval_f1": 0.3321415426505881,
    "eval_mcc": 0.8267071480811127,
    "eval_acc": 0.835672285378283
}