{
    "eval_recall": 0.964101131442939,
    "eval_precision": 0.9430250034157672,
    "eval_f1": 0.9534466086476032,
    "eval_mcc": 0.9061392434885832,
    "eval_acc": 0.9529559572834508,
    "eval_threshold": 0.5
}