{
    "eval_recall": 0.9657322795752038,
    "eval_precision": 0.9255029585798816,
    "eval_f1": 0.9451897510273144,
    "eval_mcc": 0.8888122174123617,
    "eval_acc": 0.943986413463023,
    "eval_threshold": 0.5
}