{
    "eval_recall": 0.7086715867158672,
    "eval_precision": 0.6868741058655222,
    "eval_f1": 0.6976026153287324,
    "eval_mcc": 0.3858031698232055,
    "eval_acc": 0.6928044280442804,
    "eval_threshold": 0.5
}