{
    "eval_recall": 0.2968777675569777,
    "eval_precision": 0.4251030257999807,
    "eval_f1": 0.31572966023192667,
    "eval_mcc": 0.6325023692049607,
    "eval_acc": 0.6619187393789587
}