{
    "eval_recall": 0.9872808100765621,
    "eval_precision": 0.9569120287253142,
    "eval_f1": 0.9718592353977998,
    "eval_mcc": 0.9432880017516089,
    "eval_acc": 0.9714065153620504,
    "eval_threshold": 0.5
}