{
    "eval_recall": 0.2899917342612379,
    "eval_precision": 0.3839021092224966,
    "eval_f1": 0.3015879882965911,
    "eval_mcc": 0.8093550916189443,
    "eval_acc": 0.81864094341052
}