{
    "eval_recall": 0.9349389640382711,
    "eval_precision": 0.9122456863250065,
    "eval_f1": 0.9234529279499463,
    "eval_mcc": 0.845294563770324,
    "eval_acc": 0.9225161630822009,
    "eval_threshold": 0.5
}