{
    "eval_recall": 0.32456197186512664,
    "eval_precision": 0.4623879442043956,
    "eval_f1": 0.3506418406261628,
    "eval_mcc": 0.8613273656648388,
    "eval_acc": 0.8722518577903857
}