{
    "eval_recall": 0.3111351799780856,
    "eval_precision": 0.39144949769461157,
    "eval_f1": 0.3275222092439694,
    "eval_mcc": 0.7805201958675442,
    "eval_acc": 0.7918463347706781
}