{
    "eval_recall": 0.9744224422442245,
    "eval_precision": 0.9294333683105981,
    "eval_f1": 0.9513963480128894,
    "eval_mcc": 0.9014967797187596,
    "eval_acc": 0.9502200220022002,
    "eval_threshold": 0.5
}