{
    "eval_recall": 0.9225302061122956,
    "eval_precision": 0.8199620972836387,
    "eval_f1": 0.8682274247491638,
    "eval_mcc": 0.7256713237429776,
    "eval_acc": 0.8599857853589197,
    "eval_threshold": 0.5
}