{
    "eval_recall": 0.5783727579932415,
    "eval_precision": 0.6513466042154566,
    "eval_f1": 0.6126944788654826,
    "eval_mcc": 0.2704837741353294,
    "eval_acc": 0.634390434104497,
    "eval_threshold": 0.5
}