{
    "eval_recall": 0.33248154794871876,
    "eval_precision": 0.45902507316281554,
    "eval_f1": 0.36142129380864063,
    "eval_mcc": 0.6525208128769384,
    "eval_acc": 0.6703563576869983
}