{
    "eval_recall": 0.3988993992642835,
    "eval_precision": 0.5341220742214248,
    "eval_f1": 0.42314029703622347,
    "eval_mcc": 0.8673088404774295,
    "eval_acc": 0.8777588959266698
}