{
    "eval_recall": 0.2103424560314389,
    "eval_precision": 0.2212741037761729,
    "eval_f1": 0.20251684622043262,
    "eval_mcc": 0.6080715169404988,
    "eval_acc": 0.6357002641342665
}