{
    "eval_recall": 0.9628439726218746,
    "eval_precision": 0.9411523757509558,
    "eval_f1": 0.951874611613616,
    "eval_mcc": 0.9029421110359591,
    "eval_acc": 0.9513505967753193,
    "eval_threshold": 0.5
}