{
    "eval_recall": 0.9792889651078425,
    "eval_precision": 0.9156336725254394,
    "eval_f1": 0.946392146863845,
    "eval_mcc": 0.8912137198082626,
    "eval_acc": 0.9445287250181387,
    "eval_threshold": 0.5
}