{
    "eval_recall": 0.6651936573953731,
    "eval_precision": 0.6283609576427256,
    "eval_f1": 0.6462529200075763,
    "eval_mcc": 0.2722383136424162,
    "eval_acc": 0.6358851052768391,
    "eval_threshold": 0.5
}