{
    "eval_recall": 0.9576638612598827,
    "eval_precision": 0.7796926910299004,
    "eval_f1": 0.8595627789859219,
    "eval_mcc": 0.7056996311146043,
    "eval_acc": 0.8435348125478195,
    "eval_threshold": 0.5
}