{
    "eval_recall": 0.303900786904687,
    "eval_precision": 0.46820528595486366,
    "eval_f1": 0.34116925129650166,
    "eval_mcc": 0.7326382888569914,
    "eval_acc": 0.7556851311953353
}