{
    "eval_recall": 0.9873425537169671,
    "eval_precision": 0.958808010552824,
    "eval_f1": 0.9728660947861532,
    "eval_mcc": 0.9453313226485451,
    "eval_acc": 0.9724563841284545,
    "eval_threshold": 0.5
}