{
    "eval_recall": 0.9438031792098146,
    "eval_precision": 0.9224471376998453,
    "eval_f1": 0.9330029667786002,
    "eval_mcc": 0.8646866149998594,
    "eval_acc": 0.9322274256315547,
    "eval_threshold": 0.5
}