{
    "eval_recall": 0.9590344393772606,
    "eval_precision": 0.9033476521996742,
    "eval_f1": 0.9303585049580474,
    "eval_mcc": 0.8587647026435923,
    "eval_acc": 0.9285546599890445,
    "eval_threshold": 0.5
}