{
    "eval_recall": 0.9919141914191419,
    "eval_precision": 0.9608375959079284,
    "eval_f1": 0.9761286131860994,
    "eval_mcc": 0.9519832063857478,
    "eval_acc": 0.9757425742574257,
    "eval_threshold": 0.5
}