{
    "eval_recall": 0.9777059560714992,
    "eval_precision": 0.9034007801072648,
    "eval_f1": 0.9390858120307897,
    "eval_mcc": 0.8761300041972672,
    "eval_acc": 0.9365807004814986,
    "eval_threshold": 0.5
}