{
    "eval_recall": 0.9898828833782372,
    "eval_precision": 0.9457343979827695,
    "eval_f1": 0.967305160787685,
    "eval_mcc": 0.9341024151156948,
    "eval_acc": 0.9665420355198768,
    "eval_threshold": 0.5
}