{
    "eval_recall": 0.7721576877343821,
    "eval_precision": 0.8447068240944566,
    "eval_f1": 0.8068046064892245,
    "eval_mcc": 0.63253943364002,
    "eval_acc": 0.8151010701545779,
    "eval_threshold": 0.5
}