{
    "eval_recall": 0.9275053304904051,
    "eval_precision": 0.8306810948440484,
    "eval_f1": 0.8764271323035594,
    "eval_mcc": 0.7435186913029966,
    "eval_acc": 0.8692253020611229,
    "eval_threshold": 0.5
}