{
    "eval_recall": 0.9258624101312578,
    "eval_precision": 0.90252684369575,
    "eval_f1": 0.9140457120531353,
    "eval_mcc": 0.8261452007587673,
    "eval_acc": 0.9129345030011213,
    "eval_threshold": 0.5
}