{
    "eval_recall": 0.9823854787605392,
    "eval_precision": 0.9882766072393301,
    "eval_f1": 0.9853222374835042,
    "eval_mcc": 0.9707492165721022,
    "eval_acc": 0.9853659846409967,
    "eval_threshold": 0.5
}