{
    "eval_recall": 0.9623375766770002,
    "eval_precision": 0.9254091082075352,
    "eval_f1": 0.943512141494487,
    "eval_mcc": 0.8854754350148977,
    "eval_acc": 0.9423850669480905,
    "eval_threshold": 0.5
}