{
    "eval_recall": 0.9724560061208876,
    "eval_precision": 0.7783221065523577,
    "eval_f1": 0.8646258503401361,
    "eval_mcc": 0.7181849288027528,
    "eval_acc": 0.8477429227237949,
    "eval_threshold": 0.5
}