{
    "eval_recall": 0.9790869676103034,
    "eval_precision": 0.7761827739587546,
    "eval_f1": 0.8659072967181685,
    "eval_mcc": 0.7218622988432359,
    "eval_acc": 0.8483805151747004,
    "eval_threshold": 0.5
}