{
    "eval_recall": 0.8424037318210921,
    "eval_precision": 0.8416339212281824,
    "eval_f1": 0.8420186505759737,
    "eval_mcc": 0.6838930876846119,
    "eval_acc": 0.8419464008049026,
    "eval_threshold": 0.5
}