{
    "eval_recall": 0.4051533570459225,
    "eval_precision": 0.541081592890158,
    "eval_f1": 0.43101158255302885,
    "eval_mcc": 0.8702336146222934,
    "eval_acc": 0.8804572841031979
}