{
    "eval_recall": 0.6021575253444242,
    "eval_precision": 0.6452646239554317,
    "eval_f1": 0.6229662498319215,
    "eval_mcc": 0.2717273842253858,
    "eval_acc": 0.6355601767611125,
    "eval_threshold": 0.5
}