{
    "eval_recall": 0.9711039762904421,
    "eval_precision": 0.9434347069761861,
    "eval_f1": 0.9570694009188547,
    "eval_mcc": 0.9132533603637986,
    "eval_acc": 0.9564304461942257,
    "eval_threshold": 0.5
}