{
    "eval_recall": 0.975327891406035,
    "eval_precision": 0.9258630447085455,
    "eval_f1": 0.9499519842776425,
    "eval_mcc": 0.8985133504572024,
    "eval_acc": 0.9486150600752087,
    "eval_threshold": 0.5
}