{
    "eval_recall": 0.83115338882283,
    "eval_precision": 0.8460893854748603,
    "eval_f1": 0.8385548839569972,
    "eval_mcc": 0.6800657267539623,
    "eval_acc": 0.8399798774352877,
    "eval_threshold": 0.5
}