{
    "eval_recall": 0.3104276154078654,
    "eval_precision": 0.4321057360427885,
    "eval_f1": 0.3346982768237474,
    "eval_mcc": 0.6350802353530816,
    "eval_acc": 0.6537399662559435
}