{
    "eval_recall": 0.9255386066991665,
    "eval_precision": 0.8716031099592744,
    "eval_f1": 0.8977615070739426,
    "eval_mcc": 0.7917616486689409,
    "eval_acc": 0.8951013381328743,
    "eval_threshold": 0.5
}