{
    "eval_recall": 0.9320496499045194,
    "eval_precision": 0.9082732418391875,
    "eval_f1": 0.9200078539171411,
    "eval_mcc": 0.8383538009654206,
    "eval_acc": 0.9190317195325542,
    "eval_threshold": 0.5
}