{
    "eval_recall": 0.7392773589810242,
    "eval_precision": 0.6252610750796966,
    "eval_f1": 0.6775058066821512,
    "eval_mcc": 0.30125577794814146,
    "eval_acc": 0.648102417468157,
    "eval_threshold": 0.5
}