{
    "eval_recall": 0.9599630631224854,
    "eval_precision": 0.9181755094315815,
    "eval_f1": 0.9386044111956662,
    "eval_mcc": 0.8753216121018613,
    "eval_acc": 0.9372073082250512,
    "eval_threshold": 0.5
}