{
    "eval_recall": 0.7737197816480375,
    "eval_precision": 0.6542477195296187,
    "eval_f1": 0.7089858869767166,
    "eval_mcc": 0.3710690930462469,
    "eval_acc": 0.6824148687288797,
    "eval_threshold": 0.5
}