{
    "eval_recall": 0.972012976301754,
    "eval_precision": 0.9430781541744465,
    "eval_f1": 0.9573269793133327,
    "eval_mcc": 0.9137748842014117,
    "eval_acc": 0.9566723483807115,
    "eval_threshold": 0.5
}