{
    "eval_recall": 0.1884058212015725,
    "eval_precision": 0.18014085501794674,
    "eval_f1": 0.17321602832963906,
    "eval_mcc": 0.5938595272631658,
    "eval_acc": 0.6115754652660287
}