{
    "eval_recall": 0.6083916083916084,
    "eval_precision": 0.9073772844703856,
    "eval_f1": 0.7283969582917275,
    "eval_mcc": 0.5786013131173501,
    "eval_acc": 0.7731442869057548,
    "eval_threshold": 0.5
}