{
    "eval_recall": 0.9390976393351027,
    "eval_precision": 0.886354647330257,
    "eval_f1": 0.9119641888225719,
    "eval_mcc": 0.8202619433228757,
    "eval_acc": 0.9094018287150136,
    "eval_threshold": 0.5
}