{
    "eval_recall": 0.9357248703383552,
    "eval_precision": 0.9084642129241098,
    "eval_f1": 0.9218930591885152,
    "eval_mcc": 0.8417862682005554,
    "eval_acc": 0.9207040296433534,
    "eval_threshold": 0.5
}