{
    "eval_recall": 0.5882505848713283,
    "eval_precision": 0.6439954467842914,
    "eval_f1": 0.6148621111262057,
    "eval_mcc": 0.26405323530397995,
    "eval_acc": 0.6315310631661034,
    "eval_threshold": 0.5
}