{
    "eval_recall": 0.5631732046288637,
    "eval_precision": 0.6624377811798239,
    "eval_f1": 0.589643809936515,
    "eval_mcc": 0.9526816599850473,
    "eval_acc": 0.9562893760470302
}