{
    "eval_recall": 0.24072209474986495,
    "eval_precision": 0.3461745326402031,
    "eval_f1": 0.25799545467991863,
    "eval_mcc": 0.6069622767078156,
    "eval_acc": 0.6268781091386582
}