{
    "eval_recall": 0.6176300763456727,
    "eval_precision": 0.9076081832751957,
    "eval_f1": 0.7350538291211728,
    "eval_mcc": 0.5854417637250805,
    "eval_acc": 0.7773785847180342,
    "eval_threshold": 0.5
}