{
    "eval_recall": 0.949909275856381,
    "eval_precision": 0.9199637893391555,
    "eval_f1": 0.934696748363361,
    "eval_mcc": 0.8677276507320789,
    "eval_acc": 0.9336339143344147,
    "eval_threshold": 0.5
}