{
    "eval_recall": 0.9339093727326694,
    "eval_precision": 0.9023644127206679,
    "eval_f1": 0.9178659406197329,
    "eval_mcc": 0.8333700031101295,
    "eval_acc": 0.916430314623046,
    "eval_threshold": 0.5
}