{
    "eval_recall": 0.9165558053121703,
    "eval_precision": 0.8514083606766949,
    "eval_f1": 0.8827817788185393,
    "eval_mcc": 0.7587597993623505,
    "eval_acc": 0.8782692484169955,
    "eval_threshold": 0.5
}