{
    "eval_recall": 0.7391415923526016,
    "eval_precision": 0.8619631901840491,
    "eval_f1": 0.7958415362829414,
    "eval_mcc": 0.6271732949461635,
    "eval_acc": 0.8103868608455764,
    "eval_threshold": 0.5
}