{
    "eval_recall": 0.9706367535466842,
    "eval_precision": 0.9401764029144829,
    "eval_f1": 0.9551637933833317,
    "eval_mcc": 0.9093707722929197,
    "eval_acc": 0.954446496899327,
    "eval_threshold": 0.5
}