{
    "eval_recall": 0.9708033210534998,
    "eval_precision": 0.936111552939929,
    "eval_f1": 0.9531418700064781,
    "eval_mcc": 0.9051689980466701,
    "eval_acc": 0.9522736020234234,
    "eval_threshold": 0.5
}