{
    "eval_recall": 0.9556534046233685,
    "eval_precision": 0.8723175195578842,
    "eval_f1": 0.9120858504371319,
    "eval_mcc": 0.8204448586408424,
    "eval_acc": 0.9083261601064246,
    "eval_threshold": 0.5
}