{
    "eval_recall": 0.9893880244130423,
    "eval_precision": 0.9634825444420647,
    "eval_f1": 0.9762634620079756,
    "eval_mcc": 0.9522329723134828,
    "eval_acc": 0.9759443558585803,
    "eval_threshold": 0.5
}