{
    "eval_recall": 0.9267251274046187,
    "eval_precision": 0.8600707316033918,
    "eval_f1": 0.8921546961325968,
    "eval_mcc": 0.7784281634940493,
    "eval_acc": 0.8880400119301627,
    "eval_threshold": 0.5
}