{
    "eval_recall": 0.6825208085612366,
    "eval_precision": 0.9143487317730671,
    "eval_f1": 0.7816067874725044,
    "eval_mcc": 0.6394817850196712,
    "eval_acc": 0.809292966248971,
    "eval_threshold": 0.5
}