{
    "eval_recall": 0.2736438072951692,
    "eval_precision": 0.3733620946886805,
    "eval_f1": 0.2890299269176449,
    "eval_mcc": 0.717729341732496,
    "eval_acc": 0.7414202415660142
}