{
    "eval_recall": 0.713932934754354,
    "eval_precision": 0.6164291325328246,
    "eval_f1": 0.6616079494128275,
    "eval_mcc": 0.27312907297941746,
    "eval_acc": 0.6348453340265142,
    "eval_threshold": 0.5
}