{
    "eval_recall": 0.7959196766536216,
    "eval_precision": 0.8174749604638903,
    "eval_f1": 0.8065533270487274,
    "eval_mcc": 0.6184225057985969,
    "eval_acc": 0.8091037402964009,
    "eval_threshold": 0.5
}