{
    "eval_recall": 0.335988506941236,
    "eval_precision": 0.4446873834629065,
    "eval_f1": 0.3502508940795983,
    "eval_mcc": 0.6054830687806418,
    "eval_acc": 0.6295562599049128
}