{
    "eval_recall": 0.7955730357632854,
    "eval_precision": 0.8146483094502202,
    "eval_f1": 0.8049976862563628,
    "eval_mcc": 0.6147299642795311,
    "eval_acc": 0.8072807097777371,
    "eval_threshold": 0.5
}