{
    "eval_recall": 0.9237301462494103,
    "eval_precision": 0.857768691588785,
    "eval_f1": 0.8895282804573332,
    "eval_mcc": 0.7740032995903735,
    "eval_acc": 0.8858283120744972,
    "eval_threshold": 0.5
}