{
    "eval_recall": 0.9546025981282302,
    "eval_precision": 0.9383495812165317,
    "eval_f1": 0.9464063149148317,
    "eval_mcc": 0.8920870477758094,
    "eval_acc": 0.9459761289872269,
    "eval_threshold": 0.5
}