{
    "eval_recall": 0.9834433443344335,
    "eval_precision": 0.9177660284379652,
    "eval_f1": 0.9494702742890523,
    "eval_mcc": 0.8976259176497663,
    "eval_acc": 0.9476622662266226,
    "eval_threshold": 0.5
}