{
    "eval_recall": 0.7864264154394951,
    "eval_precision": 0.8522997620935765,
    "eval_f1": 0.8180391037533895,
    "eval_mcc": 0.6520923530526073,
    "eval_acc": 0.8250708863075094,
    "eval_threshold": 0.5
}