{
    "eval_recall": 0.9864781427512966,
    "eval_precision": 0.9600985517697254,
    "eval_f1": 0.9731096019733838,
    "eval_mcc": 0.9458254949654273,
    "eval_acc": 0.9727342905666203,
    "eval_threshold": 0.5
}