{
    "eval_recall": 0.9343710837016028,
    "eval_precision": 0.9076696354200039,
    "eval_f1": 0.920826833073323,
    "eval_mcc": 0.8396879920452525,
    "eval_acc": 0.9196622914055801,
    "eval_threshold": 0.5
}