{
    "eval_recall": 0.9725304961937081,
    "eval_precision": 0.9431201636573868,
    "eval_f1": 0.9575995665131402,
    "eval_mcc": 0.9143215872502959,
    "eval_acc": 0.9569384573053288,
    "eval_threshold": 0.5
}