{
    "eval_recall": 0.6391143911439114,
    "eval_precision": 0.70593030364785,
    "eval_f1": 0.6708627868693715,
    "eval_mcc": 0.37455975334066643,
    "eval_acc": 0.6864391143911439,
    "eval_threshold": 0.5
}