{
    "eval_recall": 0.9397796979091089,
    "eval_precision": 0.9053822202452818,
    "eval_f1": 0.9222603404751116,
    "eval_mcc": 0.8421751998699005,
    "eval_acc": 0.9207835894729899,
    "eval_threshold": 0.5
}