{
    "eval_recall": 0.9026297085998578,
    "eval_precision": 0.8338804990151018,
    "eval_f1": 0.8668941979522184,
    "eval_mcc": 0.7252836379898552,
    "eval_acc": 0.8614072494669509,
    "eval_threshold": 0.5
}