{
    "eval_recall": 0.9502011740650352,
    "eval_precision": 0.9174627435995415,
    "eval_f1": 0.933545021546836,
    "eval_mcc": 0.8652697458303081,
    "eval_acc": 0.9323593430512499,
    "eval_threshold": 0.5
}