{
    "eval_recall": 0.31275912156400226,
    "eval_precision": 0.42166012897451666,
    "eval_f1": 0.33291384810079355,
    "eval_mcc": 0.7797551631585431,
    "eval_acc": 0.7910884620410297
}