{
    "eval_recall": 0.981003891563881,
    "eval_precision": 0.9158251231527094,
    "eval_f1": 0.9472946721441992,
    "eval_mcc": 0.8931030303199752,
    "eval_acc": 0.9454191676010817,
    "eval_threshold": 0.5
}