{
    "eval_recall": 0.92181947405828,
    "eval_precision": 0.8314102564102565,
    "eval_f1": 0.8742837883383889,
    "eval_mcc": 0.7392808751250677,
    "eval_acc": 0.8674484719260839,
    "eval_threshold": 0.5
}