{
    "eval_recall": 0.9783545813078969,
    "eval_precision": 0.9297481042447485,
    "eval_f1": 0.9534322488380408,
    "eval_mcc": 0.9056684676314356,
    "eval_acc": 0.952214986700908,
    "eval_threshold": 0.5
}