{
    "eval_recall": 0.6376397192617624,
    "eval_precision": 0.6516137601275069,
    "eval_f1": 0.6445510083426395,
    "eval_mcc": 0.2967929759729299,
    "eval_acc": 0.6483623602807382,
    "eval_threshold": 0.5
}