{
    "eval_recall": 0.923951670220327,
    "eval_precision": 0.8306709265175719,
    "eval_f1": 0.8748317631224765,
    "eval_mcc": 0.7402901308915413,
    "eval_acc": 0.8678038379530917,
    "eval_threshold": 0.5
}