{
    "eval_recall": 0.9175887241173499,
    "eval_precision": 0.8590586718246292,
    "eval_f1": 0.8873595879767348,
    "eval_mcc": 0.7689720023666056,
    "eval_acc": 0.8835891435519765,
    "eval_threshold": 0.5
}