{
    "eval_recall": 0.976536597806682,
    "eval_precision": 0.836756993006993,
    "eval_f1": 0.901259267976933,
    "eval_mcc": 0.7972261511627081,
    "eval_acc": 0.893011986738077,
    "eval_threshold": 0.5
}