{
    "eval_recall": 0.29004761743925694,
    "eval_precision": 0.3934657042094985,
    "eval_f1": 0.3119779470568657,
    "eval_mcc": 0.6425078838143938,
    "eval_acc": 0.6603873639554557
}