{
    "eval_recall": 0.955720072635843,
    "eval_precision": 0.9473829963998892,
    "eval_f1": 0.9515332730686322,
    "eval_mcc": 0.9027366039550276,
    "eval_acc": 0.9513505967753193,
    "eval_threshold": 0.5
}