{
    "eval_recall": 0.713350869314172,
    "eval_precision": 0.8367070509443901,
    "eval_f1": 0.7701205153068292,
    "eval_mcc": 0.5804754877525972,
    "eval_acc": 0.78706614486431,
    "eval_threshold": 0.5
}