{
    "eval_recall": 0.917381531262902,
    "eval_precision": 0.8542868127643214,
    "eval_f1": 0.8847106706777561,
    "eval_mcc": 0.7629322389319598,
    "eval_acc": 0.8804258052675048,
    "eval_threshold": 0.5
}