{
    "eval_recall": 0.8493551632671728,
    "eval_precision": 0.8374064388132384,
    "eval_f1": 0.8433384797021161,
    "eval_mcc": 0.6845112844581288,
    "eval_acc": 0.8422207994146163,
    "eval_threshold": 0.5
}