{
    "eval_recall": 0.9253660089115213,
    "eval_precision": 0.8989719409445776,
    "eval_f1": 0.9119780435208782,
    "eval_mcc": 0.821886067848712,
    "eval_acc": 0.9107639716988631,
    "eval_threshold": 0.5
}