{
    "eval_recall": 0.8072524044710164,
    "eval_precision": 0.6332585644371941,
    "eval_f1": 0.7097474574334361,
    "eval_mcc": 0.3533444345176487,
    "eval_acc": 0.6698726280218352,
    "eval_threshold": 0.5
}