{
    "eval_recall": 0.9877747591998024,
    "eval_precision": 0.9569898905305976,
    "eval_f1": 0.9721386686111871,
    "eval_mcc": 0.9438571472090279,
    "eval_acc": 0.9716844218002162,
    "eval_threshold": 0.5
}