{
    "eval_recall": 0.9897505556927636,
    "eval_precision": 0.9570720640038212,
    "eval_f1": 0.9731370465928062,
    "eval_mcc": 0.945896445261826,
    "eval_acc": 0.9726725335803613,
    "eval_threshold": 0.5
}