{
    "eval_recall": 0.8649958840208543,
    "eval_precision": 0.8273116962645438,
    "eval_f1": 0.8457342157038098,
    "eval_mcc": 0.6851527515006061,
    "eval_acc": 0.8422207994146163,
    "eval_threshold": 0.5
}