{
    "eval_recall": 0.9445628997867804,
    "eval_precision": 0.8208770846201359,
    "eval_f1": 0.8783873099801719,
    "eval_mcc": 0.7469786181234319,
    "eval_acc": 0.8692253020611229,
    "eval_threshold": 0.5
}