{
    "eval_recall": 0.9431414356787491,
    "eval_precision": 0.8247358607830951,
    "eval_f1": 0.8799734748010609,
    "eval_mcc": 0.7504897151051194,
    "eval_acc": 0.8713574982231699,
    "eval_threshold": 0.5
}