{
    "eval_recall": 0.7121319047924553,
    "eval_precision": 0.872024510959227,
    "eval_f1": 0.7840090408249754,
    "eval_mcc": 0.6181008823954957,
    "eval_acc": 0.8038108680310515,
    "eval_threshold": 0.5
}