{
    "eval_recall": 0.984952818158633,
    "eval_precision": 0.8269807280513919,
    "eval_f1": 0.8990804330112908,
    "eval_mcc": 0.7934946503088066,
    "eval_acc": 0.8894414690130069,
    "eval_threshold": 0.5
}