{
    "eval_recall": 0.22148201098789436,
    "eval_precision": 0.3220647337736315,
    "eval_f1": 0.2364330745691472,
    "eval_mcc": 0.6020335245009193,
    "eval_acc": 0.6221560061614606
}