{
    "eval_recall": 0.23723415574184625,
    "eval_precision": 0.3025520388683528,
    "eval_f1": 0.24425503455868156,
    "eval_mcc": 0.6286457635927509,
    "eval_acc": 0.650607501320655
}