{
    "eval_recall": 0.5856803746712004,
    "eval_precision": 0.9290657439446367,
    "eval_f1": 0.7184511864006611,
    "eval_mcc": 0.5821884977981311,
    "eval_acc": 0.7704818117662154,
    "eval_threshold": 0.5
}