{
    "eval_recall": 0.8062126332206915,
    "eval_precision": 0.6244840430886942,
    "eval_f1": 0.7038066602371363,
    "eval_mcc": 0.3359591866434584,
    "eval_acc": 0.6607096438783467,
    "eval_threshold": 0.5
}