{
    "eval_recall": 0.9493702148678687,
    "eval_precision": 0.9192873370799952,
    "eval_f1": 0.9340866290018832,
    "eval_mcc": 0.8664506444136665,
    "eval_acc": 0.9329936699089084,
    "eval_threshold": 0.5
}