{
    "eval_recall": 0.9873487348734874,
    "eval_precision": 0.9523051620775638,
    "eval_f1": 0.9695103837532746,
    "eval_mcc": 0.938534460008497,
    "eval_acc": 0.968949394939494,
    "eval_threshold": 0.5
}