{
    "eval_recall": 0.8997867803837953,
    "eval_precision": 0.8269105160026127,
    "eval_f1": 0.8618107556160653,
    "eval_mcc": 0.7142218855661676,
    "eval_acc": 0.8557213930348259,
    "eval_threshold": 0.5
}