{
    "eval_recall": 0.7178966789667897,
    "eval_precision": 0.700828530259366,
    "eval_f1": 0.7092599343784177,
    "eval_mcc": 0.41156118696940064,
    "eval_acc": 0.705719557195572,
    "eval_threshold": 0.5
}