{
    "eval_recall": 0.9810304063341948,
    "eval_precision": 0.9428239272880997,
    "eval_f1": 0.9615477890652366,
    "eval_mcc": 0.9222949463500661,
    "eval_acc": 0.9607686809259361,
    "eval_threshold": 0.5
}