{
    "eval_recall": 0.9712431956892286,
    "eval_precision": 0.936684696150175,
    "eval_f1": 0.9536509650425159,
    "eval_mcc": 0.9062088834744119,
    "eval_acc": 0.9527959531533513,
    "eval_threshold": 0.5
}