{
    "eval_recall": 0.9760265238459577,
    "eval_precision": 0.8363199300699301,
    "eval_f1": 0.9007885135930328,
    "eval_mcc": 0.7961914643993562,
    "eval_acc": 0.8925019127773527,
    "eval_threshold": 0.5
}