{
    "eval_recall": 0.2324550550464972,
    "eval_precision": 0.3404189476747562,
    "eval_f1": 0.250099449058211,
    "eval_mcc": 0.6893350595473036,
    "eval_acc": 0.7044583056393476
}