{
    "eval_recall": 0.3037274388300175,
    "eval_precision": 0.40977304815293575,
    "eval_f1": 0.3238967497297264,
    "eval_mcc": 0.6355888625445785,
    "eval_acc": 0.6646480251300273
}