{
    "eval_recall": 0.9755464695706872,
    "eval_precision": 0.9438569798402434,
    "eval_f1": 0.959440126822101,
    "eval_mcc": 0.918436144632264,
    "eval_acc": 0.9589560998513186,
    "eval_threshold": 0.5
}