{
    "eval_recall": 0.9374463873309139,
    "eval_precision": 0.9043860207524349,
    "eval_f1": 0.9206194919647486,
    "eval_mcc": 0.8389308345084424,
    "eval_acc": 0.9191845889959097,
    "eval_threshold": 0.5
}