{
    "eval_recall": 0.8274947406933139,
    "eval_precision": 0.8365233472029588,
    "eval_f1": 0.8319845503034762,
    "eval_mcc": 0.6658212749612271,
    "eval_acc": 0.8328912466843501,
    "eval_threshold": 0.5
}