{
    "eval_recall": 0.3198675079355731,
    "eval_precision": 0.45247005971329707,
    "eval_f1": 0.34626426186037074,
    "eval_mcc": 0.8609991121965185,
    "eval_acc": 0.8724802165764265
}