{
    "eval_recall": 0.9612009237875289,
    "eval_precision": 0.9341413364114403,
    "eval_f1": 0.9474779667631468,
    "eval_mcc": 0.8938311433009362,
    "eval_acc": 0.9467278005013854,
    "eval_threshold": 0.5
}