{
    "eval_recall": 0.9932893289328932,
    "eval_precision": 0.9480260394792104,
    "eval_f1": 0.9701300096701407,
    "eval_mcc": 0.9399057820544886,
    "eval_acc": 0.9694169416941694,
    "eval_threshold": 0.5
}