{
    "eval_recall": 0.9424500628579411,
    "eval_precision": 0.9063675443310049,
    "eval_f1": 0.9240567006779429,
    "eval_mcc": 0.8458608830571813,
    "eval_acc": 0.9225937041948769,
    "eval_threshold": 0.5
}