{
    "eval_recall": 0.9888381811183813,
    "eval_precision": 0.9483731477086959,
    "eval_f1": 0.9681830417227456,
    "eval_mcc": 0.9358607987840043,
    "eval_acc": 0.9675042612855336,
    "eval_threshold": 0.5
}