{
    "eval_recall": 0.9048712180340663,
    "eval_precision": 0.8586303040864337,
    "eval_f1": 0.8811445177154353,
    "eval_mcc": 0.7571330440562454,
    "eval_acc": 0.8780140867689907,
    "eval_threshold": 0.5
}