{
    "eval_recall": 0.6501845018450184,
    "eval_precision": 0.7043773735758545,
    "eval_f1": 0.6761968723016406,
    "eval_mcc": 0.37842795795710554,
    "eval_acc": 0.6886531365313653,
    "eval_threshold": 0.5
}