{
    "eval_recall": 0.7130231349103198,
    "eval_precision": 0.6150224215246637,
    "eval_f1": 0.6604068857589985,
    "eval_mcc": 0.27015308022658013,
    "eval_acc": 0.6333506628541721,
    "eval_threshold": 0.5
}