{
    "eval_recall": 0.6834541605183807,
    "eval_precision": 0.8676494543085193,
    "eval_f1": 0.7646151085591243,
    "eval_mcc": 0.5927107385845987,
    "eval_acc": 0.7896003079489318,
    "eval_threshold": 0.5
}