{
    "eval_recall": 0.9896039603960396,
    "eval_precision": 0.9663748187140785,
    "eval_f1": 0.9778514552816804,
    "eval_mcc": 0.9554465839142474,
    "eval_acc": 0.9775852585258525,
    "eval_threshold": 0.5
}