{
    "eval_recall": 0.8839310281573879,
    "eval_precision": 0.8443947956367459,
    "eval_f1": 0.8637107073241772,
    "eval_mcc": 0.7218317497772165,
    "eval_acc": 0.8605200403558654,
    "eval_threshold": 0.5
}