{
    "eval_recall": 0.6316610345723941,
    "eval_precision": 0.6397262077135711,
    "eval_f1": 0.6356680400235433,
    "eval_mcc": 0.2759512265681465,
    "eval_acc": 0.637964647777489,
    "eval_threshold": 0.5
}