{
    "eval_recall": 0.47097238712321704,
    "eval_precision": 0.5762295665492808,
    "eval_f1": 0.49790952442628794,
    "eval_mcc": 0.8978932593746941,
    "eval_acc": 0.9037242472266244
}