{
    "eval_recall": 0.3472897750531788,
    "eval_precision": 0.46709158051814814,
    "eval_f1": 0.37422333565313465,
    "eval_mcc": 0.8590153206885123,
    "eval_acc": 0.870072872662987
}