{
    "eval_recall": 0.7790466414319626,
    "eval_precision": 0.8157877057440376,
    "eval_f1": 0.7969939616697297,
    "eval_mcc": 0.6037434352748771,
    "eval_acc": 0.8015654070699942,
    "eval_threshold": 0.5
}