{
    "eval_recall": 0.3277563184722324,
    "eval_precision": 0.45164758645750486,
    "eval_f1": 0.3537881523106567,
    "eval_mcc": 0.8337494424438643,
    "eval_acc": 0.8468954601050436
}