{
    "eval_recall": 0.8125857495655355,
    "eval_precision": 0.8621894409937888,
    "eval_f1": 0.8366530112539436,
    "eval_mcc": 0.6838364142158946,
    "eval_acc": 0.8413518704838562,
    "eval_threshold": 0.5
}