{
    "eval_recall": 0.9824024483550114,
    "eval_precision": 0.8274973147153598,
    "eval_f1": 0.898320895522388,
    "eval_mcc": 0.7916013933579168,
    "eval_acc": 0.8888038765621015,
    "eval_threshold": 0.5
}