{
    "eval_recall": 0.9069063560487939,
    "eval_precision": 0.8352762290927521,
    "eval_f1": 0.8696187502748339,
    "eval_mcc": 0.7307484655689903,
    "eval_acc": 0.8640282491057507,
    "eval_threshold": 0.5
}