{
    "eval_recall": 0.8444649446494465,
    "eval_precision": 0.6363130821632142,
    "eval_f1": 0.7257591373979227,
    "eval_mcc": 0.382872947675862,
    "eval_acc": 0.6809040590405904,
    "eval_threshold": 0.5
}