{
    "eval_recall": 0.7932863806823379,
    "eval_precision": 0.866953218712515,
    "eval_f1": 0.8284854563691073,
    "eval_mcc": 0.6739824357406856,
    "eval_acc": 0.8357724320863441,
    "eval_threshold": 0.5
}