{
    "eval_recall": 0.9562874580744488,
    "eval_precision": 0.9191903176364885,
    "eval_f1": 0.9373719952570875,
    "eval_mcc": 0.8729276239432934,
    "eval_acc": 0.9361082091603893,
    "eval_threshold": 0.5
}