{
    "eval_recall": 0.981637337413925,
    "eval_precision": 0.837467362924282,
    "eval_f1": 0.9038393800634027,
    "eval_mcc": 0.8031146085239629,
    "eval_acc": 0.8955623565416986,
    "eval_threshold": 0.5
}