{
    "eval_recall": 0.7561736417988043,
    "eval_precision": 0.651949798296728,
    "eval_f1": 0.7002045974244795,
    "eval_mcc": 0.35707482375391303,
    "eval_acc": 0.6762412269300754,
    "eval_threshold": 0.5
}