{
    "eval_recall": 0.9908176169791609,
    "eval_precision": 0.952733424976208,
    "eval_f1": 0.971402388075793,
    "eval_mcc": 0.9424148647681208,
    "eval_acc": 0.9708308132182328,
    "eval_threshold": 0.5
}