{
    "eval_recall": 0.703690036900369,
    "eval_precision": 0.6769613063542776,
    "eval_f1": 0.6900669440926361,
    "eval_mcc": 0.3681837788311734,
    "eval_acc": 0.6839483394833948,
    "eval_threshold": 0.5
}