{
    "eval_recall": 0.796030366779475,
    "eval_precision": 0.8341000575043128,
    "eval_f1": 0.8146206767445124,
    "eval_mcc": 0.6383676262101283,
    "eval_acc": 0.818851184487332,
    "eval_threshold": 0.5
}