{
    "eval_recall": 0.2781845662233515,
    "eval_precision": 0.41980696200066503,
    "eval_f1": 0.30239098228426414,
    "eval_mcc": 0.6106028574228214,
    "eval_acc": 0.630553709289841
}