{
    "eval_recall": 0.6615544580192357,
    "eval_precision": 0.6334785314250155,
    "eval_f1": 0.6472121558903934,
    "eval_mcc": 0.27906288066649093,
    "eval_acc": 0.6393943332466857,
    "eval_threshold": 0.5
}