{
    "eval_recall": 0.7033210332103321,
    "eval_precision": 0.7294297742058936,
    "eval_f1": 0.7161375164380989,
    "eval_mcc": 0.44271911324591584,
    "eval_acc": 0.7212177121771217,
    "eval_threshold": 0.5
}