{
    "eval_recall": 0.7052958931674747,
    "eval_precision": 0.893303985171455,
    "eval_f1": 0.7882443138257091,
    "eval_mcc": 0.6352848422451824,
    "eval_acc": 0.8105277599926827,
    "eval_threshold": 0.5
}