{
    "eval_recall": 0.2286236248095865,
    "eval_precision": 0.31890939947301117,
    "eval_f1": 0.24016756123321398,
    "eval_mcc": 0.620523885457664,
    "eval_acc": 0.6525406080799667
}