{
    "eval_recall": 0.9438521677327647,
    "eval_precision": 0.8294815740162399,
    "eval_f1": 0.8829787234042554,
    "eval_mcc": 0.7570531890552683,
    "eval_acc": 0.8749111584932481,
    "eval_threshold": 0.5
}