{
    "eval_recall": 0.9697442725311051,
    "eval_precision": 0.9253077495947781,
    "eval_f1": 0.9470050215208035,
    "eval_mcc": 0.8925588321499698,
    "eval_acc": 0.945763645123546,
    "eval_threshold": 0.5
}