{
    "eval_recall": 0.7310579328927953,
    "eval_precision": 0.8660130718954249,
    "eval_f1": 0.7928335362671769,
    "eval_mcc": 0.625593670841169,
    "eval_acc": 0.8089754282414833,
    "eval_threshold": 0.5
}