{
    "eval_recall": 0.35527438221337965,
    "eval_precision": 0.4897301899859761,
    "eval_f1": 0.3858595812805318,
    "eval_mcc": 0.867055511726227,
    "eval_acc": 0.8774731995107562
}