{
    "eval_recall": 0.7034665691027165,
    "eval_precision": 0.9036540947009752,
    "eval_f1": 0.7910923678255504,
    "eval_mcc": 0.6444774217065634,
    "eval_acc": 0.8142321412238178,
    "eval_threshold": 0.5
}