{
    "eval_recall": 0.9569772314569074,
    "eval_precision": 0.9332516005993734,
    "eval_f1": 0.9449655172413792,
    "eval_mcc": 0.8888905984956517,
    "eval_acc": 0.9443009701961331,
    "eval_threshold": 0.5
}