{
    "eval_recall": 0.9914774289327541,
    "eval_precision": 0.9501528085151227,
    "eval_f1": 0.97037535315485,
    "eval_mcc": 0.9403520623590721,
    "eval_acc": 0.9697311266289108,
    "eval_threshold": 0.5
}