{
    "eval_recall": 0.9324579336373644,
    "eval_precision": 0.8691732629727352,
    "eval_f1": 0.899704119566042,
    "eval_mcc": 0.7952541516219483,
    "eval_acc": 0.8965490257453634,
    "eval_threshold": 0.5
}