{
    "eval_recall": 0.7165462361657368,
    "eval_precision": 0.8906321055025012,
    "eval_f1": 0.794160879922956,
    "eval_mcc": 0.6409184101102404,
    "eval_acc": 0.8142778743254367,
    "eval_threshold": 0.5
}