{
    "eval_recall": 0.3615278937057482,
    "eval_precision": 0.488801945244876,
    "eval_f1": 0.3908751677432575,
    "eval_mcc": 0.8740697817697994,
    "eval_acc": 0.8839587637342872
}