{
    "eval_recall": 0.9055669130366409,
    "eval_precision": 0.8844942784732356,
    "eval_f1": 0.8949065620264968,
    "eval_mcc": 0.7885653851751097,
    "eval_acc": 0.8941622975193677,
    "eval_threshold": 0.5
}