{
    "eval_recall": 0.7726951947135433,
    "eval_precision": 0.8337255987816696,
    "eval_f1": 0.80205107714847,
    "eval_mcc": 0.6202564825867767,
    "eval_acc": 0.8092962083787771,
    "eval_threshold": 0.5
}