{
    "eval_recall": 0.33453234500543594,
    "eval_precision": 0.46200588220100874,
    "eval_f1": 0.36148264360840243,
    "eval_mcc": 0.6526024868852714,
    "eval_acc": 0.6703563576869983
}