{
    "eval_recall": 0.9459843638948117,
    "eval_precision": 0.8323952470293934,
    "eval_f1": 0.8855622089155023,
    "eval_mcc": 0.7626423068632421,
    "eval_acc": 0.8777540867093105,
    "eval_threshold": 0.5
}