{
    "eval_recall": 0.9322054828352679,
    "eval_precision": 0.9064601344860711,
    "eval_f1": 0.9191525630098624,
    "eval_mcc": 0.8363099641199094,
    "eval_acc": 0.9179867222479543,
    "eval_threshold": 0.5
}