{
    "eval_recall": 0.9594059405940594,
    "eval_precision": 0.9448025567412383,
    "eval_f1": 0.952048251958189,
    "eval_mcc": 0.9034632628366973,
    "eval_acc": 0.9516776677667766,
    "eval_threshold": 0.5
}