{
    "eval_recall": 0.9567970450497988,
    "eval_precision": 0.9234196957158317,
    "eval_f1": 0.9398121153223193,
    "eval_mcc": 0.8780224674677665,
    "eval_acc": 0.9387243585515467,
    "eval_threshold": 0.5
}