{
    "eval_recall": 0.7411945852312825,
    "eval_precision": 0.8281126800946169,
    "eval_f1": 0.7822465976030877,
    "eval_mcc": 0.5906106561318791,
    "eval_acc": 0.7936742156925644,
    "eval_threshold": 0.5
}