{
    "eval_recall": 0.9434074269507289,
    "eval_precision": 0.912355680295975,
    "eval_f1": 0.9276217653544329,
    "eval_mcc": 0.8532745025217221,
    "eval_acc": 0.926390079810039,
    "eval_threshold": 0.5
}