{
    "eval_recall": 0.987095579155347,
    "eval_precision": 0.9700260906498392,
    "eval_f1": 0.978486397160082,
    "eval_mcc": 0.9567328753496164,
    "eval_acc": 0.9782924193299367,
    "eval_threshold": 0.5
}